[0m14:27:51.044521 [debug] [MainThread]: Sending event: {'category': 'dbt', 'action': 'invocation', 'label': 'start', 'context': [<snowplow_tracker.self_describing_json.SelfDescribingJson object at 0x0000015DBA640980>, <snowplow_tracker.self_describing_json.SelfDescribingJson object at 0x0000015DB7F3CCD0>, <snowplow_tracker.self_describing_json.SelfDescribingJson object at 0x0000015DBCE27890>]}


============================== 14:27:51.049215 | 970a32dc-cd25-4f11-8608-5456f2fef5fd ==============================
[0m14:27:51.049215 [info ] [MainThread]: Running with dbt=1.12.0
[0m14:27:51.049827 [debug] [MainThread]: running dbt with arguments {'maximum_seed_size_mib': '1', 'no_print': 'None', 'static_parser': 'True', 'warn_error_options': 'WarnErrorOptionsV2(error=[], warn=[], silence=[])', 'target_path': 'None', 'version_check': 'True', 'printer_width': '80', 'write_json': 'True', 'empty': 'None', 'log_cache_events': 'False', 'introspect': 'True', 'cache_selected_only': 'False', 'fail_fast': 'False', 'debug': 'False', 'log_format': 'default', 'partial_parse': 'True', 'send_anonymous_usage_stats': 'True', 'quiet': 'False', 'warn_error': 'None', 'profiles_dir': 'C:\\Users\\Utilisateur\\Documents\\courses\\observatoire_sirene\\mon_projet_dbt', 'use_colors': 'True', 'hints_enabled': 'True', 'invocation_command': 'dbt debug', 'use_experimental_parser': 'False', 'indirect_selection': 'eager', 'log_path': 'logs'}
[0m14:27:51.063594 [info ] [MainThread]: dbt version: 1.12.0
[0m14:27:51.064118 [info ] [MainThread]: python version: 3.14.2
[0m14:27:51.064474 [info ] [MainThread]: python path: C:\Users\Utilisateur\Documents\courses\observatoire_sirene\env\Scripts\python.exe
[0m14:27:51.064836 [info ] [MainThread]: os info: Windows-11-10.0.26200-SP0
[0m14:27:51.069405 [info ] [MainThread]: Error importing adapter: No module named 'dbt.adapters.postgres'
[0m14:27:51.070248 [info ] [MainThread]: Using profiles dir at C:\Users\Utilisateur\Documents\courses\observatoire_sirene\mon_projet_dbt
[0m14:27:51.070739 [info ] [MainThread]: Using profiles.yml file at C:\Users\Utilisateur\Documents\courses\observatoire_sirene\mon_projet_dbt\profiles.yml
[0m14:27:51.071121 [info ] [MainThread]: Using dbt_project.yml file at C:\Users\Utilisateur\Documents\courses\observatoire_sirene\mon_projet_dbt\dbt_project.yml
[0m14:27:51.071948 [info ] [MainThread]: Configuration:
[0m14:27:51.072311 [info ] [MainThread]:   profiles.yml file [[31mERROR invalid[0m]
[0m14:27:51.072656 [info ] [MainThread]:   dbt_project.yml file [[31mERROR invalid[0m]
[0m14:27:51.072992 [info ] [MainThread]: Required dependencies:
[0m14:27:51.073386 [debug] [MainThread]: Executing "git --help"
[0m14:27:51.112686 [debug] [MainThread]: STDOUT: "b"usage: git [-v | --version] [-h | --help] [-C <path>] [-c <name>=<value>]\n           [--exec-path[=<path>]] [--html-path] [--man-path] [--info-path]\n           [-p | --paginate | -P | --no-pager] [--no-replace-objects] [--no-lazy-fetch]\n           [--no-optional-locks] [--no-advice] [--bare] [--git-dir=<path>]\n           [--work-tree=<path>] [--namespace=<name>] [--config-env=<name>=<envvar>]\n           <command> [<args>]\n\nThese are common Git commands used in various situations:\n\nstart a working area (see also: git help tutorial)\n   clone      Clone a repository into a new directory\n   init       Create an empty Git repository or reinitialize an existing one\n\nwork on the current change (see also: git help everyday)\n   add        Add file contents to the index\n   mv         Move or rename a file, a directory, or a symlink\n   restore    Restore working tree files\n   rm         Remove files from the working tree and from the index\n\nexamine the history and state (see also: git help revisions)\n   bisect     Use binary search to find the commit that introduced a bug\n   diff       Show changes between commits, commit and working tree, etc\n   grep       Print lines matching a pattern\n   log        Show commit logs\n   show       Show various types of objects\n   status     Show the working tree status\n\ngrow, mark and tweak your common history\n   backfill   Download missing objects in a partial clone\n   branch     List, create, or delete branches\n   commit     Record changes to the repository\n   history    EXPERIMENTAL: Rewrite history\n   merge      Join two or more development histories together\n   rebase     Reapply commits on top of another base tip\n   reset      Set `HEAD` or the index to a known state\n   switch     Switch branches\n   tag        Create, list, delete or verify tags\n\ncollaborate (see also: git help workflows)\n   fetch      Download objects and refs from another repository\n   pull       Fetch from and integrate with another repository or a local branch\n   push       Update remote refs along with associated objects\n\n'git help -a' and 'git help -g' list available subcommands and some\nconcept guides. See 'git help <command>' or 'git help <concept>'\nto read about a specific subcommand or concept.\nSee 'git help git' for an overview of the system.\n""
[0m14:27:51.113165 [debug] [MainThread]: STDERR: "b''"
[0m14:27:51.113577 [info ] [MainThread]:  - git [[32mOK found[0m]

[0m14:27:51.113982 [info ] [MainThread]: Connection test skipped since no profile was found
[0m14:27:51.114482 [info ] [MainThread]: [31m2 checks failed:[0m
[0m14:27:51.114835 [info ] [MainThread]: Could not load dbt_project.yml
Profile loading failed for the following reason:
Runtime Error
  Credentials in profile "observatoire_sirene", target "dev" invalid: Runtime Error
    Could not find adapter type postgres!


[0m14:27:51.115179 [info ] [MainThread]: Project loading failed for the following reason:
Runtime Error
  dbt_project.yml does not parse to a dictionary


[0m14:27:51.115888 [debug] [MainThread]: Command `dbt debug` failed at 14:27:51.115783 after 0.23 seconds
[0m14:27:51.116248 [debug] [MainThread]: Sending event: {'category': 'dbt', 'action': 'invocation', 'label': 'end', 'context': [<snowplow_tracker.self_describing_json.SelfDescribingJson object at 0x0000015DBCEBE650>, <snowplow_tracker.self_describing_json.SelfDescribingJson object at 0x0000015DBCF196D0>, <snowplow_tracker.self_describing_json.SelfDescribingJson object at 0x0000015DBCEC1BF0>]}
[0m14:27:51.116754 [debug] [MainThread]: Flushing usage events
[0m14:27:51.782371 [debug] [MainThread]: An error was encountered while trying to flush usage events
[0m14:28:56.778060 [debug] [MainThread]: Sending event: {'category': 'dbt', 'action': 'invocation', 'label': 'start', 'context': [<snowplow_tracker.self_describing_json.SelfDescribingJson object at 0x000002188E1A0980>, <snowplow_tracker.self_describing_json.SelfDescribingJson object at 0x000002188BAA0B90>, <snowplow_tracker.self_describing_json.SelfDescribingJson object at 0x0000021890987890>]}


============================== 14:28:56.781533 | cc9917ef-490e-4bac-a618-f2bec73c5379 ==============================
[0m14:28:56.781533 [info ] [MainThread]: Running with dbt=1.12.0
[0m14:28:56.782255 [debug] [MainThread]: running dbt with arguments {'version_check': 'True', 'no_print': 'None', 'maximum_seed_size_mib': '1', 'warn_error_options': 'WarnErrorOptionsV2(error=[], warn=[], silence=[])', 'target_path': 'None', 'static_parser': 'True', 'printer_width': '80', 'write_json': 'True', 'empty': 'None', 'log_cache_events': 'False', 'introspect': 'True', 'cache_selected_only': 'False', 'log_format': 'default', 'debug': 'False', 'fail_fast': 'False', 'partial_parse': 'True', 'send_anonymous_usage_stats': 'True', 'quiet': 'False', 'warn_error': 'None', 'profiles_dir': 'C:\\Users\\Utilisateur\\Documents\\courses\\observatoire_sirene\\mon_projet_dbt', 'invocation_command': 'dbt debug', 'hints_enabled': 'True', 'indirect_selection': 'eager', 'use_experimental_parser': 'False', 'use_colors': 'True', 'log_path': 'C:\\Users\\Utilisateur\\Documents\\courses\\observatoire_sirene\\mon_projet_dbt\\logs'}
[0m14:28:56.794762 [info ] [MainThread]: dbt version: 1.12.0
[0m14:28:56.795277 [info ] [MainThread]: python version: 3.14.2
[0m14:28:56.795648 [info ] [MainThread]: python path: C:\Users\Utilisateur\Documents\courses\observatoire_sirene\env\Scripts\python.exe
[0m14:28:56.796049 [info ] [MainThread]: os info: Windows-11-10.0.26200-SP0
[0m14:28:56.800741 [info ] [MainThread]: Error importing adapter: No module named 'dbt.adapters.postgres'
[0m14:28:56.801235 [info ] [MainThread]: Using profiles dir at C:\Users\Utilisateur\Documents\courses\observatoire_sirene\mon_projet_dbt
[0m14:28:56.801710 [info ] [MainThread]: Using profiles.yml file at C:\Users\Utilisateur\Documents\courses\observatoire_sirene\mon_projet_dbt\profiles.yml
[0m14:28:56.802077 [info ] [MainThread]: Using dbt_project.yml file at C:\Users\Utilisateur\Documents\courses\observatoire_sirene\mon_projet_dbt\dbt_project.yml
[0m14:28:56.920262 [info ] [MainThread]: Configuration:
[0m14:28:56.921040 [info ] [MainThread]:   profiles.yml file [[31mERROR invalid[0m]
[0m14:28:56.921485 [info ] [MainThread]:   dbt_project.yml file [[32mOK found and valid[0m]
[0m14:28:56.921928 [info ] [MainThread]: Required dependencies:
[0m14:28:56.922365 [debug] [MainThread]: Executing "git --help"
[0m14:28:56.962541 [debug] [MainThread]: STDOUT: "b"usage: git [-v | --version] [-h | --help] [-C <path>] [-c <name>=<value>]\n           [--exec-path[=<path>]] [--html-path] [--man-path] [--info-path]\n           [-p | --paginate | -P | --no-pager] [--no-replace-objects] [--no-lazy-fetch]\n           [--no-optional-locks] [--no-advice] [--bare] [--git-dir=<path>]\n           [--work-tree=<path>] [--namespace=<name>] [--config-env=<name>=<envvar>]\n           <command> [<args>]\n\nThese are common Git commands used in various situations:\n\nstart a working area (see also: git help tutorial)\n   clone      Clone a repository into a new directory\n   init       Create an empty Git repository or reinitialize an existing one\n\nwork on the current change (see also: git help everyday)\n   add        Add file contents to the index\n   mv         Move or rename a file, a directory, or a symlink\n   restore    Restore working tree files\n   rm         Remove files from the working tree and from the index\n\nexamine the history and state (see also: git help revisions)\n   bisect     Use binary search to find the commit that introduced a bug\n   diff       Show changes between commits, commit and working tree, etc\n   grep       Print lines matching a pattern\n   log        Show commit logs\n   show       Show various types of objects\n   status     Show the working tree status\n\ngrow, mark and tweak your common history\n   backfill   Download missing objects in a partial clone\n   branch     List, create, or delete branches\n   commit     Record changes to the repository\n   history    EXPERIMENTAL: Rewrite history\n   merge      Join two or more development histories together\n   rebase     Reapply commits on top of another base tip\n   reset      Set `HEAD` or the index to a known state\n   switch     Switch branches\n   tag        Create, list, delete or verify tags\n\ncollaborate (see also: git help workflows)\n   fetch      Download objects and refs from another repository\n   pull       Fetch from and integrate with another repository or a local branch\n   push       Update remote refs along with associated objects\n\n'git help -a' and 'git help -g' list available subcommands and some\nconcept guides. See 'git help <command>' or 'git help <concept>'\nto read about a specific subcommand or concept.\nSee 'git help git' for an overview of the system.\n""
[0m14:28:56.963013 [debug] [MainThread]: STDERR: "b''"
[0m14:28:56.963583 [info ] [MainThread]:  - git [[32mOK found[0m]

[0m14:28:56.964031 [info ] [MainThread]: Connection test skipped since no profile was found
[0m14:28:56.964485 [info ] [MainThread]: [31m1 check failed:[0m
[0m14:28:56.964882 [info ] [MainThread]: Profile loading failed for the following reason:
Runtime Error
  Credentials in profile "observatoire_sirene", target "dev" invalid: Runtime Error
    Could not find adapter type postgres!


[0m14:28:56.965629 [debug] [MainThread]: Command `dbt debug` failed at 14:28:56.965518 after 0.34 seconds
[0m14:28:56.966057 [debug] [MainThread]: Sending event: {'category': 'dbt', 'action': 'invocation', 'label': 'end', 'context': [<snowplow_tracker.self_describing_json.SelfDescribingJson object at 0x0000021890A1EB10>, <snowplow_tracker.self_describing_json.SelfDescribingJson object at 0x0000021890B97650>, <snowplow_tracker.self_describing_json.SelfDescribingJson object at 0x000002188EC82BE0>]}
[0m14:28:56.966460 [debug] [MainThread]: Flushing usage events
[0m14:28:57.651991 [debug] [MainThread]: An error was encountered while trying to flush usage events
[0m14:29:40.318030 [debug] [MainThread]: Sending event: {'category': 'dbt', 'action': 'invocation', 'label': 'start', 'context': [<snowplow_tracker.self_describing_json.SelfDescribingJson object at 0x0000028F2F6C0980>, <snowplow_tracker.self_describing_json.SelfDescribingJson object at 0x0000028F2CFBCCD0>, <snowplow_tracker.self_describing_json.SelfDescribingJson object at 0x0000028F31EAB890>]}


============================== 14:29:40.321567 | b92ba640-d5af-4223-a16b-f0ef9daacbf1 ==============================
[0m14:29:40.321567 [info ] [MainThread]: Running with dbt=1.12.0
[0m14:29:40.322274 [debug] [MainThread]: running dbt with arguments {'maximum_seed_size_mib': '1', 'no_print': 'None', 'version_check': 'True', 'warn_error_options': 'WarnErrorOptionsV2(error=[], warn=[], silence=[])', 'target_path': 'None', 'static_parser': 'True', 'printer_width': '80', 'write_json': 'True', 'introspect': 'True', 'log_cache_events': 'False', 'empty': 'None', 'cache_selected_only': 'False', 'log_format': 'default', 'debug': 'False', 'fail_fast': 'False', 'profiles_dir': 'C:\\Users\\Utilisateur\\Documents\\courses\\observatoire_sirene\\mon_projet_dbt', 'send_anonymous_usage_stats': 'True', 'quiet': 'False', 'warn_error': 'None', 'partial_parse': 'True', 'use_colors': 'True', 'hints_enabled': 'True', 'invocation_command': 'dbt debug', 'use_experimental_parser': 'False', 'indirect_selection': 'eager', 'log_path': 'C:\\Users\\Utilisateur\\Documents\\courses\\observatoire_sirene\\mon_projet_dbt\\logs'}
[0m14:29:40.333763 [info ] [MainThread]: dbt version: 1.12.0
[0m14:29:40.334264 [info ] [MainThread]: python version: 3.14.2
[0m14:29:40.334613 [info ] [MainThread]: python path: C:\Users\Utilisateur\Documents\courses\observatoire_sirene\env\Scripts\python.exe
[0m14:29:40.334947 [info ] [MainThread]: os info: Windows-11-10.0.26200-SP0
[0m14:29:40.339470 [info ] [MainThread]: Error importing adapter: No module named 'dbt.adapters.postgres'
[0m14:29:40.339936 [info ] [MainThread]: Using profiles dir at C:\Users\Utilisateur\Documents\courses\observatoire_sirene\mon_projet_dbt
[0m14:29:40.340271 [info ] [MainThread]: Using profiles.yml file at C:\Users\Utilisateur\Documents\courses\observatoire_sirene\mon_projet_dbt\profiles.yml
[0m14:29:40.340801 [info ] [MainThread]: Using dbt_project.yml file at C:\Users\Utilisateur\Documents\courses\observatoire_sirene\mon_projet_dbt\dbt_project.yml
[0m14:29:40.449102 [info ] [MainThread]: Configuration:
[0m14:29:40.449675 [info ] [MainThread]:   profiles.yml file [[31mERROR invalid[0m]
[0m14:29:40.450063 [info ] [MainThread]:   dbt_project.yml file [[32mOK found and valid[0m]
[0m14:29:40.450487 [info ] [MainThread]: Required dependencies:
[0m14:29:40.450882 [debug] [MainThread]: Executing "git --help"
[0m14:29:40.489236 [debug] [MainThread]: STDOUT: "b"usage: git [-v | --version] [-h | --help] [-C <path>] [-c <name>=<value>]\n           [--exec-path[=<path>]] [--html-path] [--man-path] [--info-path]\n           [-p | --paginate | -P | --no-pager] [--no-replace-objects] [--no-lazy-fetch]\n           [--no-optional-locks] [--no-advice] [--bare] [--git-dir=<path>]\n           [--work-tree=<path>] [--namespace=<name>] [--config-env=<name>=<envvar>]\n           <command> [<args>]\n\nThese are common Git commands used in various situations:\n\nstart a working area (see also: git help tutorial)\n   clone      Clone a repository into a new directory\n   init       Create an empty Git repository or reinitialize an existing one\n\nwork on the current change (see also: git help everyday)\n   add        Add file contents to the index\n   mv         Move or rename a file, a directory, or a symlink\n   restore    Restore working tree files\n   rm         Remove files from the working tree and from the index\n\nexamine the history and state (see also: git help revisions)\n   bisect     Use binary search to find the commit that introduced a bug\n   diff       Show changes between commits, commit and working tree, etc\n   grep       Print lines matching a pattern\n   log        Show commit logs\n   show       Show various types of objects\n   status     Show the working tree status\n\ngrow, mark and tweak your common history\n   backfill   Download missing objects in a partial clone\n   branch     List, create, or delete branches\n   commit     Record changes to the repository\n   history    EXPERIMENTAL: Rewrite history\n   merge      Join two or more development histories together\n   rebase     Reapply commits on top of another base tip\n   reset      Set `HEAD` or the index to a known state\n   switch     Switch branches\n   tag        Create, list, delete or verify tags\n\ncollaborate (see also: git help workflows)\n   fetch      Download objects and refs from another repository\n   pull       Fetch from and integrate with another repository or a local branch\n   push       Update remote refs along with associated objects\n\n'git help -a' and 'git help -g' list available subcommands and some\nconcept guides. See 'git help <command>' or 'git help <concept>'\nto read about a specific subcommand or concept.\nSee 'git help git' for an overview of the system.\n""
[0m14:29:40.489722 [debug] [MainThread]: STDERR: "b''"
[0m14:29:40.490106 [info ] [MainThread]:  - git [[32mOK found[0m]

[0m14:29:40.490553 [info ] [MainThread]: Connection test skipped since no profile was found
[0m14:29:40.490968 [info ] [MainThread]: [31m1 check failed:[0m
[0m14:29:40.491354 [info ] [MainThread]: Profile loading failed for the following reason:
Runtime Error
  Credentials in profile "observatoire_sirene", target "dev" invalid: Runtime Error
    Could not find adapter type postgres!


[0m14:29:40.492106 [debug] [MainThread]: Command `dbt debug` failed at 14:29:40.491996 after 0.32 seconds
[0m14:29:40.492448 [debug] [MainThread]: Sending event: {'category': 'dbt', 'action': 'invocation', 'label': 'end', 'context': [<snowplow_tracker.self_describing_json.SelfDescribingJson object at 0x0000028F31F42B10>, <snowplow_tracker.self_describing_json.SelfDescribingJson object at 0x0000028F320B7650>, <snowplow_tracker.self_describing_json.SelfDescribingJson object at 0x0000028F301A2BE0>]}
[0m14:29:40.492870 [debug] [MainThread]: Flushing usage events
[0m14:29:41.179370 [debug] [MainThread]: An error was encountered while trying to flush usage events
[0m14:32:16.549166 [debug] [MainThread]: Sending event: {'category': 'dbt', 'action': 'invocation', 'label': 'start', 'context': [<snowplow_tracker.self_describing_json.SelfDescribingJson object at 0x0000024BC4370980>, <snowplow_tracker.self_describing_json.SelfDescribingJson object at 0x0000024BC1C8CCD0>, <snowplow_tracker.self_describing_json.SelfDescribingJson object at 0x0000024BC6B5B890>]}


============================== 14:32:16.552650 | 24a93c12-611c-4ae1-ba24-69ee8703d75d ==============================
[0m14:32:16.552650 [info ] [MainThread]: Running with dbt=1.12.0
[0m14:32:16.553418 [debug] [MainThread]: running dbt with arguments {'maximum_seed_size_mib': '1', 'no_print': 'None', 'version_check': 'True', 'target_path': 'None', 'warn_error_options': 'WarnErrorOptionsV2(error=[], warn=[], silence=[])', 'static_parser': 'True', 'printer_width': '80', 'write_json': 'True', 'introspect': 'True', 'log_cache_events': 'False', 'empty': 'None', 'cache_selected_only': 'False', 'fail_fast': 'False', 'debug': 'False', 'log_format': 'default', 'profiles_dir': '.', 'send_anonymous_usage_stats': 'True', 'quiet': 'False', 'warn_error': 'None', 'partial_parse': 'True', 'use_colors': 'True', 'hints_enabled': 'True', 'indirect_selection': 'eager', 'use_experimental_parser': 'False', 'invocation_command': 'dbt debug --profiles-dir .', 'log_path': 'C:\\Users\\Utilisateur\\Documents\\courses\\observatoire_sirene\\mon_projet_dbt\\logs'}
[0m14:32:16.565869 [info ] [MainThread]: dbt version: 1.12.0
[0m14:32:16.566325 [info ] [MainThread]: python version: 3.14.2
[0m14:32:16.566668 [info ] [MainThread]: python path: C:\Users\Utilisateur\Documents\courses\observatoire_sirene\env\Scripts\python.exe
[0m14:32:16.567006 [info ] [MainThread]: os info: Windows-11-10.0.26200-SP0
[0m14:32:16.571824 [info ] [MainThread]: Error importing adapter: No module named 'dbt.adapters.postgres'
[0m14:32:16.572358 [info ] [MainThread]: Using profiles dir at .
[0m14:32:16.572757 [info ] [MainThread]: Using profiles.yml file at .\profiles.yml
[0m14:32:16.573111 [info ] [MainThread]: Using dbt_project.yml file at C:\Users\Utilisateur\Documents\courses\observatoire_sirene\mon_projet_dbt\dbt_project.yml
[0m14:32:16.685170 [info ] [MainThread]: Configuration:
[0m14:32:16.685737 [info ] [MainThread]:   profiles.yml file [[31mERROR invalid[0m]
[0m14:32:16.686142 [info ] [MainThread]:   dbt_project.yml file [[32mOK found and valid[0m]
[0m14:32:16.686577 [info ] [MainThread]: Required dependencies:
[0m14:32:16.686976 [debug] [MainThread]: Executing "git --help"
[0m14:32:16.724058 [debug] [MainThread]: STDOUT: "b"usage: git [-v | --version] [-h | --help] [-C <path>] [-c <name>=<value>]\n           [--exec-path[=<path>]] [--html-path] [--man-path] [--info-path]\n           [-p | --paginate | -P | --no-pager] [--no-replace-objects] [--no-lazy-fetch]\n           [--no-optional-locks] [--no-advice] [--bare] [--git-dir=<path>]\n           [--work-tree=<path>] [--namespace=<name>] [--config-env=<name>=<envvar>]\n           <command> [<args>]\n\nThese are common Git commands used in various situations:\n\nstart a working area (see also: git help tutorial)\n   clone      Clone a repository into a new directory\n   init       Create an empty Git repository or reinitialize an existing one\n\nwork on the current change (see also: git help everyday)\n   add        Add file contents to the index\n   mv         Move or rename a file, a directory, or a symlink\n   restore    Restore working tree files\n   rm         Remove files from the working tree and from the index\n\nexamine the history and state (see also: git help revisions)\n   bisect     Use binary search to find the commit that introduced a bug\n   diff       Show changes between commits, commit and working tree, etc\n   grep       Print lines matching a pattern\n   log        Show commit logs\n   show       Show various types of objects\n   status     Show the working tree status\n\ngrow, mark and tweak your common history\n   backfill   Download missing objects in a partial clone\n   branch     List, create, or delete branches\n   commit     Record changes to the repository\n   history    EXPERIMENTAL: Rewrite history\n   merge      Join two or more development histories together\n   rebase     Reapply commits on top of another base tip\n   reset      Set `HEAD` or the index to a known state\n   switch     Switch branches\n   tag        Create, list, delete or verify tags\n\ncollaborate (see also: git help workflows)\n   fetch      Download objects and refs from another repository\n   pull       Fetch from and integrate with another repository or a local branch\n   push       Update remote refs along with associated objects\n\n'git help -a' and 'git help -g' list available subcommands and some\nconcept guides. See 'git help <command>' or 'git help <concept>'\nto read about a specific subcommand or concept.\nSee 'git help git' for an overview of the system.\n""
[0m14:32:16.724537 [debug] [MainThread]: STDERR: "b''"
[0m14:32:16.724924 [info ] [MainThread]:  - git [[32mOK found[0m]

[0m14:32:16.725299 [info ] [MainThread]: Connection test skipped since no profile was found
[0m14:32:16.725730 [info ] [MainThread]: [31m1 check failed:[0m
[0m14:32:16.726089 [info ] [MainThread]: Profile loading failed for the following reason:
Runtime Error
  Credentials in profile "observatoire_sirene", target "dev" invalid: Runtime Error
    Could not find adapter type postgres!


[0m14:32:16.726796 [debug] [MainThread]: Command `dbt debug` failed at 14:32:16.726692 after 0.32 seconds
[0m14:32:16.727133 [debug] [MainThread]: Sending event: {'category': 'dbt', 'action': 'invocation', 'label': 'end', 'context': [<snowplow_tracker.self_describing_json.SelfDescribingJson object at 0x0000024BC6BF6B10>, <snowplow_tracker.self_describing_json.SelfDescribingJson object at 0x0000024BC6E37650>, <snowplow_tracker.self_describing_json.SelfDescribingJson object at 0x0000024BC4E52BE0>]}
[0m14:32:16.727585 [debug] [MainThread]: Flushing usage events
[0m14:32:17.427640 [debug] [MainThread]: An error was encountered while trying to flush usage events
[0m14:35:10.861066 [debug] [MainThread]: Sending event: {'category': 'dbt', 'action': 'invocation', 'label': 'start', 'context': [<snowplow_tracker.self_describing_json.SelfDescribingJson object at 0x000001B417E40980>, <snowplow_tracker.self_describing_json.SelfDescribingJson object at 0x000001B415730B90>, <snowplow_tracker.self_describing_json.SelfDescribingJson object at 0x000001B41A62B890>]}


============================== 14:35:10.864547 | a8890a7a-1b08-4317-ab64-688576ca98db ==============================
[0m14:35:10.864547 [info ] [MainThread]: Running with dbt=1.12.0
[0m14:35:10.865136 [debug] [MainThread]: running dbt with arguments {'version_check': 'True', 'no_print': 'None', 'static_parser': 'True', 'warn_error_options': 'WarnErrorOptionsV2(error=[], warn=[], silence=[])', 'target_path': 'None', 'maximum_seed_size_mib': '1', 'printer_width': '80', 'write_json': 'True', 'introspect': 'True', 'log_cache_events': 'False', 'empty': 'None', 'cache_selected_only': 'False', 'fail_fast': 'False', 'debug': 'False', 'log_format': 'default', 'partial_parse': 'True', 'send_anonymous_usage_stats': 'True', 'quiet': 'False', 'warn_error': 'None', 'profiles_dir': 'C:\\Users\\Utilisateur\\Documents\\courses\\observatoire_sirene\\mon_projet_dbt', 'invocation_command': 'dbt debug', 'hints_enabled': 'True', 'use_colors': 'True', 'use_experimental_parser': 'False', 'indirect_selection': 'eager', 'log_path': 'C:\\Users\\Utilisateur\\Documents\\courses\\observatoire_sirene\\mon_projet_dbt\\logs'}
[0m14:35:10.877363 [info ] [MainThread]: dbt version: 1.12.0
[0m14:35:10.877851 [info ] [MainThread]: python version: 3.14.2
[0m14:35:10.878199 [info ] [MainThread]: python path: C:\Users\Utilisateur\Documents\courses\observatoire_sirene\env\Scripts\python.exe
[0m14:35:10.878544 [info ] [MainThread]: os info: Windows-11-10.0.26200-SP0
[0m14:35:10.883835 [info ] [MainThread]: Error importing adapter: No module named 'dbt.adapters.postgres'
[0m14:35:10.884491 [info ] [MainThread]: Using profiles dir at C:\Users\Utilisateur\Documents\courses\observatoire_sirene\mon_projet_dbt
[0m14:35:10.884873 [info ] [MainThread]: Using profiles.yml file at C:\Users\Utilisateur\Documents\courses\observatoire_sirene\mon_projet_dbt\profiles.yml
[0m14:35:10.885342 [info ] [MainThread]: Using dbt_project.yml file at C:\Users\Utilisateur\Documents\courses\observatoire_sirene\mon_projet_dbt\dbt_project.yml
[0m14:35:10.991635 [info ] [MainThread]: Configuration:
[0m14:35:10.992257 [info ] [MainThread]:   profiles.yml file [[31mERROR invalid[0m]
[0m14:35:10.992846 [info ] [MainThread]:   dbt_project.yml file [[32mOK found and valid[0m]
[0m14:35:10.993413 [info ] [MainThread]: Required dependencies:
[0m14:35:10.993857 [debug] [MainThread]: Executing "git --help"
[0m14:35:11.031567 [debug] [MainThread]: STDOUT: "b"usage: git [-v | --version] [-h | --help] [-C <path>] [-c <name>=<value>]\n           [--exec-path[=<path>]] [--html-path] [--man-path] [--info-path]\n           [-p | --paginate | -P | --no-pager] [--no-replace-objects] [--no-lazy-fetch]\n           [--no-optional-locks] [--no-advice] [--bare] [--git-dir=<path>]\n           [--work-tree=<path>] [--namespace=<name>] [--config-env=<name>=<envvar>]\n           <command> [<args>]\n\nThese are common Git commands used in various situations:\n\nstart a working area (see also: git help tutorial)\n   clone      Clone a repository into a new directory\n   init       Create an empty Git repository or reinitialize an existing one\n\nwork on the current change (see also: git help everyday)\n   add        Add file contents to the index\n   mv         Move or rename a file, a directory, or a symlink\n   restore    Restore working tree files\n   rm         Remove files from the working tree and from the index\n\nexamine the history and state (see also: git help revisions)\n   bisect     Use binary search to find the commit that introduced a bug\n   diff       Show changes between commits, commit and working tree, etc\n   grep       Print lines matching a pattern\n   log        Show commit logs\n   show       Show various types of objects\n   status     Show the working tree status\n\ngrow, mark and tweak your common history\n   backfill   Download missing objects in a partial clone\n   branch     List, create, or delete branches\n   commit     Record changes to the repository\n   history    EXPERIMENTAL: Rewrite history\n   merge      Join two or more development histories together\n   rebase     Reapply commits on top of another base tip\n   reset      Set `HEAD` or the index to a known state\n   switch     Switch branches\n   tag        Create, list, delete or verify tags\n\ncollaborate (see also: git help workflows)\n   fetch      Download objects and refs from another repository\n   pull       Fetch from and integrate with another repository or a local branch\n   push       Update remote refs along with associated objects\n\n'git help -a' and 'git help -g' list available subcommands and some\nconcept guides. See 'git help <command>' or 'git help <concept>'\nto read about a specific subcommand or concept.\nSee 'git help git' for an overview of the system.\n""
[0m14:35:11.032109 [debug] [MainThread]: STDERR: "b''"
[0m14:35:11.032625 [info ] [MainThread]:  - git [[32mOK found[0m]

[0m14:35:11.033064 [info ] [MainThread]: Connection test skipped since no profile was found
[0m14:35:11.033602 [info ] [MainThread]: [31m1 check failed:[0m
[0m14:35:11.033928 [info ] [MainThread]: Profile loading failed for the following reason:
Runtime Error
  Credentials in profile "observatoire_sirene", target "dev" invalid: Runtime Error
    Could not find adapter type postgres!


[0m14:35:11.034615 [debug] [MainThread]: Command `dbt debug` failed at 14:35:11.034510 after 0.32 seconds
[0m14:35:11.034954 [debug] [MainThread]: Sending event: {'category': 'dbt', 'action': 'invocation', 'label': 'end', 'context': [<snowplow_tracker.self_describing_json.SelfDescribingJson object at 0x000001B41A6C2B10>, <snowplow_tracker.self_describing_json.SelfDescribingJson object at 0x000001B41A857650>, <snowplow_tracker.self_describing_json.SelfDescribingJson object at 0x000001B418922BE0>]}
[0m14:35:11.035354 [debug] [MainThread]: Flushing usage events
[0m14:35:13.638050 [debug] [MainThread]: An error was encountered while trying to flush usage events
[0m14:36:34.941001 [debug] [MainThread]: Sending event: {'category': 'dbt', 'action': 'invocation', 'label': 'start', 'context': [<snowplow_tracker.self_describing_json.SelfDescribingJson object at 0x000002AC45C40980>, <snowplow_tracker.self_describing_json.SelfDescribingJson object at 0x000002AC4353CCD0>, <snowplow_tracker.self_describing_json.SelfDescribingJson object at 0x000002AC4842B890>]}


============================== 14:36:34.944407 | a23187f4-8f1e-4c7d-b11a-5a2ee0224d44 ==============================
[0m14:36:34.944407 [info ] [MainThread]: Running with dbt=1.12.0
[0m14:36:34.944955 [debug] [MainThread]: running dbt with arguments {'static_parser': 'True', 'no_print': 'None', 'maximum_seed_size_mib': '1', 'warn_error_options': 'WarnErrorOptionsV2(error=[], warn=[], silence=[])', 'version_check': 'True', 'target_path': 'None', 'printer_width': '80', 'write_json': 'True', 'introspect': 'True', 'log_cache_events': 'False', 'empty': 'None', 'cache_selected_only': 'False', 'fail_fast': 'False', 'debug': 'False', 'log_format': 'default', 'partial_parse': 'True', 'send_anonymous_usage_stats': 'True', 'quiet': 'False', 'warn_error': 'None', 'profiles_dir': 'C:\\Users\\Utilisateur\\Documents\\courses\\observatoire_sirene\\mon_projet_dbt', 'use_colors': 'True', 'hints_enabled': 'True', 'invocation_command': 'dbt debug', 'use_experimental_parser': 'False', 'indirect_selection': 'eager', 'log_path': 'C:\\Users\\Utilisateur\\Documents\\courses\\observatoire_sirene\\mon_projet_dbt\\logs'}
[0m14:36:34.956910 [info ] [MainThread]: dbt version: 1.12.0
[0m14:36:34.957415 [info ] [MainThread]: python version: 3.14.2
[0m14:36:34.957776 [info ] [MainThread]: python path: C:\Users\Utilisateur\Documents\courses\observatoire_sirene\env\Scripts\python.exe
[0m14:36:34.958129 [info ] [MainThread]: os info: Windows-11-10.0.26200-SP0
[0m14:36:34.962793 [info ] [MainThread]: Error importing adapter: No module named 'dbt.adapters.postgres'
[0m14:36:34.963263 [info ] [MainThread]: Using profiles dir at C:\Users\Utilisateur\Documents\courses\observatoire_sirene\mon_projet_dbt
[0m14:36:34.963717 [info ] [MainThread]: Using profiles.yml file at C:\Users\Utilisateur\Documents\courses\observatoire_sirene\mon_projet_dbt\profiles.yml
[0m14:36:34.964063 [info ] [MainThread]: Using dbt_project.yml file at C:\Users\Utilisateur\Documents\courses\observatoire_sirene\mon_projet_dbt\dbt_project.yml
[0m14:36:35.075215 [info ] [MainThread]: Configuration:
[0m14:36:35.075720 [info ] [MainThread]:   profiles.yml file [[31mERROR invalid[0m]
[0m14:36:35.076237 [info ] [MainThread]:   dbt_project.yml file [[32mOK found and valid[0m]
[0m14:36:35.076626 [info ] [MainThread]: Required dependencies:
[0m14:36:35.077084 [debug] [MainThread]: Executing "git --help"
[0m14:36:35.120004 [debug] [MainThread]: STDOUT: "b"usage: git [-v | --version] [-h | --help] [-C <path>] [-c <name>=<value>]\n           [--exec-path[=<path>]] [--html-path] [--man-path] [--info-path]\n           [-p | --paginate | -P | --no-pager] [--no-replace-objects] [--no-lazy-fetch]\n           [--no-optional-locks] [--no-advice] [--bare] [--git-dir=<path>]\n           [--work-tree=<path>] [--namespace=<name>] [--config-env=<name>=<envvar>]\n           <command> [<args>]\n\nThese are common Git commands used in various situations:\n\nstart a working area (see also: git help tutorial)\n   clone      Clone a repository into a new directory\n   init       Create an empty Git repository or reinitialize an existing one\n\nwork on the current change (see also: git help everyday)\n   add        Add file contents to the index\n   mv         Move or rename a file, a directory, or a symlink\n   restore    Restore working tree files\n   rm         Remove files from the working tree and from the index\n\nexamine the history and state (see also: git help revisions)\n   bisect     Use binary search to find the commit that introduced a bug\n   diff       Show changes between commits, commit and working tree, etc\n   grep       Print lines matching a pattern\n   log        Show commit logs\n   show       Show various types of objects\n   status     Show the working tree status\n\ngrow, mark and tweak your common history\n   backfill   Download missing objects in a partial clone\n   branch     List, create, or delete branches\n   commit     Record changes to the repository\n   history    EXPERIMENTAL: Rewrite history\n   merge      Join two or more development histories together\n   rebase     Reapply commits on top of another base tip\n   reset      Set `HEAD` or the index to a known state\n   switch     Switch branches\n   tag        Create, list, delete or verify tags\n\ncollaborate (see also: git help workflows)\n   fetch      Download objects and refs from another repository\n   pull       Fetch from and integrate with another repository or a local branch\n   push       Update remote refs along with associated objects\n\n'git help -a' and 'git help -g' list available subcommands and some\nconcept guides. See 'git help <command>' or 'git help <concept>'\nto read about a specific subcommand or concept.\nSee 'git help git' for an overview of the system.\n""
[0m14:36:35.120480 [debug] [MainThread]: STDERR: "b''"
[0m14:36:35.120865 [info ] [MainThread]:  - git [[32mOK found[0m]

[0m14:36:35.121464 [info ] [MainThread]: Connection test skipped since no profile was found
[0m14:36:35.122022 [info ] [MainThread]: [31m1 check failed:[0m
[0m14:36:35.122437 [info ] [MainThread]: Profile loading failed for the following reason:
Runtime Error
  Credentials in profile "observatoire_sirene", target "dev" invalid: Runtime Error
    Could not find adapter type postgres!


[0m14:36:35.123334 [debug] [MainThread]: Command `dbt debug` failed at 14:36:35.123224 after 0.33 seconds
[0m14:36:35.123728 [debug] [MainThread]: Sending event: {'category': 'dbt', 'action': 'invocation', 'label': 'end', 'context': [<snowplow_tracker.self_describing_json.SelfDescribingJson object at 0x000002AC484BEB10>, <snowplow_tracker.self_describing_json.SelfDescribingJson object at 0x000002AC48637650>, <snowplow_tracker.self_describing_json.SelfDescribingJson object at 0x000002AC46722BE0>]}
[0m14:36:35.124216 [debug] [MainThread]: Flushing usage events
[0m14:36:36.002042 [debug] [MainThread]: An error was encountered while trying to flush usage events
[0m14:52:11.181974 [debug] [MainThread]: Sending event: {'category': 'dbt', 'action': 'invocation', 'label': 'start', 'context': [<snowplow_tracker.self_describing_json.SelfDescribingJson object at 0x00000140EF190980>, <snowplow_tracker.self_describing_json.SelfDescribingJson object at 0x00000140ECA90B90>, <snowplow_tracker.self_describing_json.SelfDescribingJson object at 0x00000140F1977890>]}


============================== 14:52:11.185456 | 6ec7aebd-a70e-403a-b56d-e9fa195ec5cb ==============================
[0m14:52:11.185456 [info ] [MainThread]: Running with dbt=1.12.0
[0m14:52:11.186111 [debug] [MainThread]: running dbt with arguments {'static_parser': 'True', 'no_print': 'None', 'version_check': 'True', 'warn_error_options': 'WarnErrorOptionsV2(error=[], warn=[], silence=[])', 'maximum_seed_size_mib': '1', 'target_path': 'None', 'printer_width': '80', 'write_json': 'True', 'empty': 'None', 'log_cache_events': 'False', 'introspect': 'True', 'cache_selected_only': 'False', 'fail_fast': 'False', 'debug': 'False', 'log_format': 'default', 'partial_parse': 'True', 'send_anonymous_usage_stats': 'True', 'quiet': 'False', 'warn_error': 'None', 'profiles_dir': '.', 'indirect_selection': 'eager', 'hints_enabled': 'True', 'invocation_command': 'dbt debug --profiles-dir .', 'use_experimental_parser': 'False', 'use_colors': 'True', 'log_path': 'C:\\Users\\Utilisateur\\Documents\\courses\\observatoire_sirene\\mon_projet_dbt\\logs'}
[0m14:52:11.198509 [info ] [MainThread]: dbt version: 1.12.0
[0m14:52:11.199239 [info ] [MainThread]: python version: 3.14.2
[0m14:52:11.199849 [info ] [MainThread]: python path: C:\Users\Utilisateur\Documents\courses\observatoire_sirene\env\Scripts\python.exe
[0m14:52:11.200241 [info ] [MainThread]: os info: Windows-11-10.0.26200-SP0
[0m14:52:11.204839 [info ] [MainThread]: Error importing adapter: No module named 'dbt.adapters.postgres'
[0m14:52:11.205301 [info ] [MainThread]: Using profiles dir at .
[0m14:52:11.205640 [info ] [MainThread]: Using profiles.yml file at .\profiles.yml
[0m14:52:11.205965 [info ] [MainThread]: Using dbt_project.yml file at C:\Users\Utilisateur\Documents\courses\observatoire_sirene\mon_projet_dbt\dbt_project.yml
[0m14:52:11.312430 [info ] [MainThread]: Configuration:
[0m14:52:11.313017 [info ] [MainThread]:   profiles.yml file [[31mERROR invalid[0m]
[0m14:52:11.313474 [info ] [MainThread]:   dbt_project.yml file [[32mOK found and valid[0m]
[0m14:52:11.313950 [info ] [MainThread]: Required dependencies:
[0m14:52:11.314391 [debug] [MainThread]: Executing "git --help"
[0m14:52:11.353443 [debug] [MainThread]: STDOUT: "b"usage: git [-v | --version] [-h | --help] [-C <path>] [-c <name>=<value>]\n           [--exec-path[=<path>]] [--html-path] [--man-path] [--info-path]\n           [-p | --paginate | -P | --no-pager] [--no-replace-objects] [--no-lazy-fetch]\n           [--no-optional-locks] [--no-advice] [--bare] [--git-dir=<path>]\n           [--work-tree=<path>] [--namespace=<name>] [--config-env=<name>=<envvar>]\n           <command> [<args>]\n\nThese are common Git commands used in various situations:\n\nstart a working area (see also: git help tutorial)\n   clone      Clone a repository into a new directory\n   init       Create an empty Git repository or reinitialize an existing one\n\nwork on the current change (see also: git help everyday)\n   add        Add file contents to the index\n   mv         Move or rename a file, a directory, or a symlink\n   restore    Restore working tree files\n   rm         Remove files from the working tree and from the index\n\nexamine the history and state (see also: git help revisions)\n   bisect     Use binary search to find the commit that introduced a bug\n   diff       Show changes between commits, commit and working tree, etc\n   grep       Print lines matching a pattern\n   log        Show commit logs\n   show       Show various types of objects\n   status     Show the working tree status\n\ngrow, mark and tweak your common history\n   backfill   Download missing objects in a partial clone\n   branch     List, create, or delete branches\n   commit     Record changes to the repository\n   history    EXPERIMENTAL: Rewrite history\n   merge      Join two or more development histories together\n   rebase     Reapply commits on top of another base tip\n   reset      Set `HEAD` or the index to a known state\n   switch     Switch branches\n   tag        Create, list, delete or verify tags\n\ncollaborate (see also: git help workflows)\n   fetch      Download objects and refs from another repository\n   pull       Fetch from and integrate with another repository or a local branch\n   push       Update remote refs along with associated objects\n\n'git help -a' and 'git help -g' list available subcommands and some\nconcept guides. See 'git help <command>' or 'git help <concept>'\nto read about a specific subcommand or concept.\nSee 'git help git' for an overview of the system.\n""
[0m14:52:11.353914 [debug] [MainThread]: STDERR: "b''"
[0m14:52:11.354305 [info ] [MainThread]:  - git [[32mOK found[0m]

[0m14:52:11.354752 [info ] [MainThread]: Connection test skipped since no profile was found
[0m14:52:11.355180 [info ] [MainThread]: [31m1 check failed:[0m
[0m14:52:11.355521 [info ] [MainThread]: Profile loading failed for the following reason:
Runtime Error
  Credentials in profile "observatoire_sirene", target "dev" invalid: Runtime Error
    Could not find adapter type postgres!


[0m14:52:11.356265 [debug] [MainThread]: Command `dbt debug` failed at 14:52:11.356155 after 0.32 seconds
[0m14:52:11.356644 [debug] [MainThread]: Sending event: {'category': 'dbt', 'action': 'invocation', 'label': 'end', 'context': [<snowplow_tracker.self_describing_json.SelfDescribingJson object at 0x00000140F1A0EB10>, <snowplow_tracker.self_describing_json.SelfDescribingJson object at 0x00000140F1C67650>, <snowplow_tracker.self_describing_json.SelfDescribingJson object at 0x00000140EFC72BE0>]}
[0m14:52:11.357008 [debug] [MainThread]: Flushing usage events
[0m14:52:12.110364 [debug] [MainThread]: An error was encountered while trying to flush usage events
[0m14:57:04.997035 [debug] [MainThread]: Sending event: {'category': 'dbt', 'action': 'invocation', 'label': 'start', 'context': [<snowplow_tracker.self_describing_json.SelfDescribingJson object at 0x000001BC35E80980>, <snowplow_tracker.self_describing_json.SelfDescribingJson object at 0x000001BC3376CCD0>, <snowplow_tracker.self_describing_json.SelfDescribingJson object at 0x000001BC3866B890>]}


============================== 14:57:05.000513 | 29311a2d-c9dc-43d0-b290-9af0aed4395b ==============================
[0m14:57:05.000513 [info ] [MainThread]: Running with dbt=1.12.0
[0m14:57:05.001110 [debug] [MainThread]: running dbt with arguments {'version_check': 'True', 'no_print': 'None', 'static_parser': 'True', 'target_path': 'None', 'warn_error_options': 'WarnErrorOptionsV2(error=[], warn=[], silence=[])', 'maximum_seed_size_mib': '1', 'printer_width': '80', 'write_json': 'True', 'introspect': 'True', 'log_cache_events': 'False', 'empty': 'None', 'cache_selected_only': 'False', 'fail_fast': 'False', 'debug': 'False', 'log_format': 'default', 'profiles_dir': '.', 'send_anonymous_usage_stats': 'True', 'quiet': 'False', 'warn_error': 'None', 'partial_parse': 'True', 'use_colors': 'True', 'hints_enabled': 'True', 'indirect_selection': 'eager', 'use_experimental_parser': 'False', 'invocation_command': 'dbt debug --profiles-dir .', 'log_path': 'C:\\Users\\Utilisateur\\Documents\\courses\\observatoire_sirene\\mon_projet_dbt\\logs'}
[0m14:57:05.013503 [info ] [MainThread]: dbt version: 1.12.0
[0m14:57:05.013984 [info ] [MainThread]: python version: 3.14.2
[0m14:57:05.014318 [info ] [MainThread]: python path: C:\Users\Utilisateur\Documents\courses\observatoire_sirene\env\Scripts\python.exe
[0m14:57:05.014648 [info ] [MainThread]: os info: Windows-11-10.0.26200-SP0
[0m14:57:05.020033 [info ] [MainThread]: Error importing adapter: No module named 'dbt.adapters.duckdb'
[0m14:57:05.020591 [info ] [MainThread]: Using profiles dir at .
[0m14:57:05.020936 [info ] [MainThread]: Using profiles.yml file at .\profiles.yml
[0m14:57:05.021259 [info ] [MainThread]: Using dbt_project.yml file at C:\Users\Utilisateur\Documents\courses\observatoire_sirene\mon_projet_dbt\dbt_project.yml
[0m14:57:05.145816 [info ] [MainThread]: Configuration:
[0m14:57:05.146377 [info ] [MainThread]:   profiles.yml file [[31mERROR invalid[0m]
[0m14:57:05.146827 [info ] [MainThread]:   dbt_project.yml file [[32mOK found and valid[0m]
[0m14:57:05.147218 [info ] [MainThread]: Required dependencies:
[0m14:57:05.147669 [debug] [MainThread]: Executing "git --help"
[0m14:57:05.187109 [debug] [MainThread]: STDOUT: "b"usage: git [-v | --version] [-h | --help] [-C <path>] [-c <name>=<value>]\n           [--exec-path[=<path>]] [--html-path] [--man-path] [--info-path]\n           [-p | --paginate | -P | --no-pager] [--no-replace-objects] [--no-lazy-fetch]\n           [--no-optional-locks] [--no-advice] [--bare] [--git-dir=<path>]\n           [--work-tree=<path>] [--namespace=<name>] [--config-env=<name>=<envvar>]\n           <command> [<args>]\n\nThese are common Git commands used in various situations:\n\nstart a working area (see also: git help tutorial)\n   clone      Clone a repository into a new directory\n   init       Create an empty Git repository or reinitialize an existing one\n\nwork on the current change (see also: git help everyday)\n   add        Add file contents to the index\n   mv         Move or rename a file, a directory, or a symlink\n   restore    Restore working tree files\n   rm         Remove files from the working tree and from the index\n\nexamine the history and state (see also: git help revisions)\n   bisect     Use binary search to find the commit that introduced a bug\n   diff       Show changes between commits, commit and working tree, etc\n   grep       Print lines matching a pattern\n   log        Show commit logs\n   show       Show various types of objects\n   status     Show the working tree status\n\ngrow, mark and tweak your common history\n   backfill   Download missing objects in a partial clone\n   branch     List, create, or delete branches\n   commit     Record changes to the repository\n   history    EXPERIMENTAL: Rewrite history\n   merge      Join two or more development histories together\n   rebase     Reapply commits on top of another base tip\n   reset      Set `HEAD` or the index to a known state\n   switch     Switch branches\n   tag        Create, list, delete or verify tags\n\ncollaborate (see also: git help workflows)\n   fetch      Download objects and refs from another repository\n   pull       Fetch from and integrate with another repository or a local branch\n   push       Update remote refs along with associated objects\n\n'git help -a' and 'git help -g' list available subcommands and some\nconcept guides. See 'git help <command>' or 'git help <concept>'\nto read about a specific subcommand or concept.\nSee 'git help git' for an overview of the system.\n""
[0m14:57:05.187590 [debug] [MainThread]: STDERR: "b''"
[0m14:57:05.187959 [info ] [MainThread]:  - git [[32mOK found[0m]

[0m14:57:05.188514 [info ] [MainThread]: Connection test skipped since no profile was found
[0m14:57:05.189003 [info ] [MainThread]: [31m1 check failed:[0m
[0m14:57:05.189378 [info ] [MainThread]: Profile loading failed for the following reason:
Runtime Error
  Credentials in profile "observatoire_sirene", target "dev" invalid: Runtime Error
    Could not find adapter type duckdb!


[0m14:57:05.190136 [debug] [MainThread]: Command `dbt debug` failed at 14:57:05.190035 after 0.34 seconds
[0m14:57:05.190471 [debug] [MainThread]: Sending event: {'category': 'dbt', 'action': 'invocation', 'label': 'end', 'context': [<snowplow_tracker.self_describing_json.SelfDescribingJson object at 0x000001BC386FEB10>, <snowplow_tracker.self_describing_json.SelfDescribingJson object at 0x000001BC38867650>, <snowplow_tracker.self_describing_json.SelfDescribingJson object at 0x000001BC36962BE0>]}
[0m14:57:05.190841 [debug] [MainThread]: Flushing usage events
[0m14:57:05.930293 [debug] [MainThread]: An error was encountered while trying to flush usage events
[0m14:59:32.473056 [debug] [MainThread]: Sending event: {'category': 'dbt', 'action': 'invocation', 'label': 'start', 'context': [<snowplow_tracker.self_describing_json.SelfDescribingJson object at 0x000001C21B540980>, <snowplow_tracker.self_describing_json.SelfDescribingJson object at 0x000001C218E40B90>, <snowplow_tracker.self_describing_json.SelfDescribingJson object at 0x000001C21DD27890>]}


============================== 14:59:32.476465 | e548a68c-1aca-4df0-9f86-07020c02d23b ==============================
[0m14:59:32.476465 [info ] [MainThread]: Running with dbt=1.12.0
[0m14:59:32.477146 [debug] [MainThread]: running dbt with arguments {'maximum_seed_size_mib': '1', 'no_print': 'None', 'version_check': 'True', 'warn_error_options': 'WarnErrorOptionsV2(error=[], warn=[], silence=[])', 'target_path': 'None', 'static_parser': 'True', 'printer_width': '80', 'write_json': 'True', 'introspect': 'True', 'log_cache_events': 'False', 'empty': 'None', 'cache_selected_only': 'False', 'fail_fast': 'False', 'debug': 'False', 'log_format': 'default', 'profiles_dir': 'C:\\Users\\Utilisateur\\Documents\\courses\\observatoire_sirene\\mon_projet_dbt', 'send_anonymous_usage_stats': 'True', 'quiet': 'False', 'warn_error': 'None', 'partial_parse': 'True', 'indirect_selection': 'eager', 'hints_enabled': 'True', 'use_colors': 'True', 'use_experimental_parser': 'False', 'invocation_command': 'dbt debug', 'log_path': 'C:\\Users\\Utilisateur\\Documents\\courses\\observatoire_sirene\\mon_projet_dbt\\logs'}
[0m14:59:32.489075 [info ] [MainThread]: dbt version: 1.12.0
[0m14:59:32.489563 [info ] [MainThread]: python version: 3.14.2
[0m14:59:32.489897 [info ] [MainThread]: python path: C:\Users\Utilisateur\Documents\courses\observatoire_sirene\env\Scripts\python.exe
[0m14:59:32.490230 [info ] [MainThread]: os info: Windows-11-10.0.26200-SP0
[0m14:59:32.539449 [info ] [MainThread]: Using profiles dir at C:\Users\Utilisateur\Documents\courses\observatoire_sirene\mon_projet_dbt
[0m14:59:32.540138 [info ] [MainThread]: Using profiles.yml file at C:\Users\Utilisateur\Documents\courses\observatoire_sirene\mon_projet_dbt\profiles.yml
[0m14:59:32.540672 [info ] [MainThread]: Using dbt_project.yml file at C:\Users\Utilisateur\Documents\courses\observatoire_sirene\mon_projet_dbt\dbt_project.yml
[0m14:59:32.541374 [info ] [MainThread]: adapter type: postgres
[0m14:59:32.541771 [info ] [MainThread]: adapter version: 1.11.0
[0m14:59:32.649640 [info ] [MainThread]: Configuration:
[0m14:59:32.650184 [info ] [MainThread]:   profiles.yml file [[32mOK found and valid[0m]
[0m14:59:32.650703 [info ] [MainThread]:   dbt_project.yml file [[32mOK found and valid[0m]
[0m14:59:32.651130 [info ] [MainThread]: Required dependencies:
[0m14:59:32.651523 [debug] [MainThread]: Executing "git --help"
[0m14:59:32.690591 [debug] [MainThread]: STDOUT: "b"usage: git [-v | --version] [-h | --help] [-C <path>] [-c <name>=<value>]\n           [--exec-path[=<path>]] [--html-path] [--man-path] [--info-path]\n           [-p | --paginate | -P | --no-pager] [--no-replace-objects] [--no-lazy-fetch]\n           [--no-optional-locks] [--no-advice] [--bare] [--git-dir=<path>]\n           [--work-tree=<path>] [--namespace=<name>] [--config-env=<name>=<envvar>]\n           <command> [<args>]\n\nThese are common Git commands used in various situations:\n\nstart a working area (see also: git help tutorial)\n   clone      Clone a repository into a new directory\n   init       Create an empty Git repository or reinitialize an existing one\n\nwork on the current change (see also: git help everyday)\n   add        Add file contents to the index\n   mv         Move or rename a file, a directory, or a symlink\n   restore    Restore working tree files\n   rm         Remove files from the working tree and from the index\n\nexamine the history and state (see also: git help revisions)\n   bisect     Use binary search to find the commit that introduced a bug\n   diff       Show changes between commits, commit and working tree, etc\n   grep       Print lines matching a pattern\n   log        Show commit logs\n   show       Show various types of objects\n   status     Show the working tree status\n\ngrow, mark and tweak your common history\n   backfill   Download missing objects in a partial clone\n   branch     List, create, or delete branches\n   commit     Record changes to the repository\n   history    EXPERIMENTAL: Rewrite history\n   merge      Join two or more development histories together\n   rebase     Reapply commits on top of another base tip\n   reset      Set `HEAD` or the index to a known state\n   switch     Switch branches\n   tag        Create, list, delete or verify tags\n\ncollaborate (see also: git help workflows)\n   fetch      Download objects and refs from another repository\n   pull       Fetch from and integrate with another repository or a local branch\n   push       Update remote refs along with associated objects\n\n'git help -a' and 'git help -g' list available subcommands and some\nconcept guides. See 'git help <command>' or 'git help <concept>'\nto read about a specific subcommand or concept.\nSee 'git help git' for an overview of the system.\n""
[0m14:59:32.691039 [debug] [MainThread]: STDERR: "b''"
[0m14:59:32.691401 [info ] [MainThread]:  - git [[32mOK found[0m]

[0m14:59:32.691755 [info ] [MainThread]: Connection:
[0m14:59:32.692174 [info ] [MainThread]:   host: localhost
[0m14:59:32.692544 [info ] [MainThread]:   port: 5432
[0m14:59:32.692882 [info ] [MainThread]:   user: postgres
[0m14:59:32.693211 [info ] [MainThread]:   database: observatoire_sirene
[0m14:59:32.693566 [info ] [MainThread]:   schema: observatoire
[0m14:59:32.693884 [info ] [MainThread]:   connect_timeout: 10
[0m14:59:32.694210 [info ] [MainThread]:   role: None
[0m14:59:32.694551 [info ] [MainThread]:   search_path: None
[0m14:59:32.694863 [info ] [MainThread]:   keepalives_idle: 0
[0m14:59:32.695176 [info ] [MainThread]:   sslmode: None
[0m14:59:32.695487 [info ] [MainThread]:   sslcert: None
[0m14:59:32.695800 [info ] [MainThread]:   sslkey: None
[0m14:59:32.696111 [info ] [MainThread]:   sslrootcert: None
[0m14:59:32.696430 [info ] [MainThread]:   application_name: dbt
[0m14:59:32.696742 [info ] [MainThread]:   autocommit: False
[0m14:59:32.697166 [info ] [MainThread]:   retries: 1
[0m14:59:32.697983 [info ] [MainThread]: Registered adapter: postgres=1.11.0
[0m14:59:32.962435 [debug] [MainThread]: Acquiring new postgres connection 'debug'
[0m14:59:33.019136 [debug] [MainThread]: Using postgres connection "debug"
[0m14:59:33.019548 [debug] [MainThread]: On debug: select 1 as id
[0m14:59:33.019845 [debug] [MainThread]: Opening a new connection, currently in state init
[0m14:59:33.070654 [debug] [MainThread]: Postgres adapter: Error running SQL: select 1 as id
[0m14:59:33.071100 [debug] [MainThread]: Postgres adapter: Rolling back transaction.
[0m14:59:33.071411 [debug] [MainThread]: On debug: No close available on handle
[0m14:59:33.071698 [info ] [MainThread]:   Connection test: [[31mERROR[0m]

[0m14:59:33.072209 [info ] [MainThread]: [31m1 check failed:[0m
[0m14:59:33.072782 [info ] [MainThread]: dbt was unable to connect to the specified database.
The database returned the following error:

  >Database Error
  'utf-8' codec can't decode byte 0xe9 in position 103: invalid continuation byte

Check your database credentials and try again. For more information, visit:
https://docs.getdbt.com/docs/configure-your-profile


[0m14:59:33.073665 [debug] [MainThread]: Command `dbt debug` failed at 14:59:33.073537 after 0.74 seconds
[0m14:59:33.073977 [debug] [MainThread]: Connection 'debug' was properly closed.
[0m14:59:33.074301 [debug] [MainThread]: Sending event: {'category': 'dbt', 'action': 'invocation', 'label': 'end', 'context': [<snowplow_tracker.self_describing_json.SelfDescribingJson object at 0x000001C21DDC23F0>, <snowplow_tracker.self_describing_json.SelfDescribingJson object at 0x000001C21E0CBD10>, <snowplow_tracker.self_describing_json.SelfDescribingJson object at 0x000001C21C0228B0>]}
[0m14:59:33.074667 [debug] [MainThread]: Flushing usage events
[0m14:59:33.725646 [debug] [MainThread]: An error was encountered while trying to flush usage events
[0m15:03:44.084756 [debug] [MainThread]: Sending event: {'category': 'dbt', 'action': 'invocation', 'label': 'start', 'context': [<snowplow_tracker.self_describing_json.SelfDescribingJson object at 0x000002989D6A0980>, <snowplow_tracker.self_describing_json.SelfDescribingJson object at 0x000002989AFA0B90>, <snowplow_tracker.self_describing_json.SelfDescribingJson object at 0x000002989FE8B890>]}


============================== 15:03:44.088595 | 77944f34-89e3-47de-937c-514780091be0 ==============================
[0m15:03:44.088595 [info ] [MainThread]: Running with dbt=1.12.0
[0m15:03:44.089198 [debug] [MainThread]: running dbt with arguments {'maximum_seed_size_mib': '1', 'no_print': 'None', 'static_parser': 'True', 'target_path': 'None', 'warn_error_options': 'WarnErrorOptionsV2(error=[], warn=[], silence=[])', 'version_check': 'True', 'printer_width': '80', 'write_json': 'True', 'empty': 'None', 'log_cache_events': 'False', 'introspect': 'True', 'cache_selected_only': 'False', 'fail_fast': 'False', 'debug': 'False', 'log_format': 'default', 'profiles_dir': 'C:\\Users\\Utilisateur\\Documents\\courses\\observatoire_sirene\\mon_projet_dbt', 'send_anonymous_usage_stats': 'True', 'quiet': 'False', 'warn_error': 'None', 'partial_parse': 'True', 'invocation_command': 'dbt debug', 'hints_enabled': 'True', 'indirect_selection': 'eager', 'use_experimental_parser': 'False', 'use_colors': 'True', 'log_path': 'C:\\Users\\Utilisateur\\Documents\\courses\\observatoire_sirene\\mon_projet_dbt\\logs'}
[0m15:03:44.100633 [info ] [MainThread]: dbt version: 1.12.0
[0m15:03:44.101060 [info ] [MainThread]: python version: 3.14.2
[0m15:03:44.101503 [info ] [MainThread]: python path: C:\Users\Utilisateur\Documents\courses\observatoire_sirene\env\Scripts\python.exe
[0m15:03:44.102021 [info ] [MainThread]: os info: Windows-11-10.0.26200-SP0
[0m15:03:44.150699 [info ] [MainThread]: Using profiles dir at C:\Users\Utilisateur\Documents\courses\observatoire_sirene\mon_projet_dbt
[0m15:03:44.151215 [info ] [MainThread]: Using profiles.yml file at C:\Users\Utilisateur\Documents\courses\observatoire_sirene\mon_projet_dbt\profiles.yml
[0m15:03:44.151735 [info ] [MainThread]: Using dbt_project.yml file at C:\Users\Utilisateur\Documents\courses\observatoire_sirene\mon_projet_dbt\dbt_project.yml
[0m15:03:44.152497 [info ] [MainThread]: adapter type: postgres
[0m15:03:44.153210 [info ] [MainThread]: adapter version: 1.11.0
[0m15:03:44.273026 [info ] [MainThread]: Configuration:
[0m15:03:44.273614 [info ] [MainThread]:   profiles.yml file [[32mOK found and valid[0m]
[0m15:03:44.274146 [info ] [MainThread]:   dbt_project.yml file [[32mOK found and valid[0m]
[0m15:03:44.274586 [info ] [MainThread]: Required dependencies:
[0m15:03:44.275091 [debug] [MainThread]: Executing "git --help"
[0m15:03:44.318980 [debug] [MainThread]: STDOUT: "b"usage: git [-v | --version] [-h | --help] [-C <path>] [-c <name>=<value>]\n           [--exec-path[=<path>]] [--html-path] [--man-path] [--info-path]\n           [-p | --paginate | -P | --no-pager] [--no-replace-objects] [--no-lazy-fetch]\n           [--no-optional-locks] [--no-advice] [--bare] [--git-dir=<path>]\n           [--work-tree=<path>] [--namespace=<name>] [--config-env=<name>=<envvar>]\n           <command> [<args>]\n\nThese are common Git commands used in various situations:\n\nstart a working area (see also: git help tutorial)\n   clone      Clone a repository into a new directory\n   init       Create an empty Git repository or reinitialize an existing one\n\nwork on the current change (see also: git help everyday)\n   add        Add file contents to the index\n   mv         Move or rename a file, a directory, or a symlink\n   restore    Restore working tree files\n   rm         Remove files from the working tree and from the index\n\nexamine the history and state (see also: git help revisions)\n   bisect     Use binary search to find the commit that introduced a bug\n   diff       Show changes between commits, commit and working tree, etc\n   grep       Print lines matching a pattern\n   log        Show commit logs\n   show       Show various types of objects\n   status     Show the working tree status\n\ngrow, mark and tweak your common history\n   backfill   Download missing objects in a partial clone\n   branch     List, create, or delete branches\n   commit     Record changes to the repository\n   history    EXPERIMENTAL: Rewrite history\n   merge      Join two or more development histories together\n   rebase     Reapply commits on top of another base tip\n   reset      Set `HEAD` or the index to a known state\n   switch     Switch branches\n   tag        Create, list, delete or verify tags\n\ncollaborate (see also: git help workflows)\n   fetch      Download objects and refs from another repository\n   pull       Fetch from and integrate with another repository or a local branch\n   push       Update remote refs along with associated objects\n\n'git help -a' and 'git help -g' list available subcommands and some\nconcept guides. See 'git help <command>' or 'git help <concept>'\nto read about a specific subcommand or concept.\nSee 'git help git' for an overview of the system.\n""
[0m15:03:44.319485 [debug] [MainThread]: STDERR: "b''"
[0m15:03:44.319875 [info ] [MainThread]:  - git [[32mOK found[0m]

[0m15:03:44.320348 [info ] [MainThread]: Connection:
[0m15:03:44.320758 [info ] [MainThread]:   host: localhost
[0m15:03:44.321134 [info ] [MainThread]:   port: 5432
[0m15:03:44.321488 [info ] [MainThread]:   user: postgres
[0m15:03:44.321839 [info ] [MainThread]:   database: observatoire_sirene
[0m15:03:44.322189 [info ] [MainThread]:   schema: observatoire
[0m15:03:44.322562 [info ] [MainThread]:   connect_timeout: 10
[0m15:03:44.322957 [info ] [MainThread]:   role: None
[0m15:03:44.323296 [info ] [MainThread]:   search_path: None
[0m15:03:44.323634 [info ] [MainThread]:   keepalives_idle: 0
[0m15:03:44.323971 [info ] [MainThread]:   sslmode: None
[0m15:03:44.324305 [info ] [MainThread]:   sslcert: None
[0m15:03:44.324740 [info ] [MainThread]:   sslkey: None
[0m15:03:44.325175 [info ] [MainThread]:   sslrootcert: None
[0m15:03:44.325523 [info ] [MainThread]:   application_name: dbt
[0m15:03:44.325867 [info ] [MainThread]:   autocommit: False
[0m15:03:44.326240 [info ] [MainThread]:   retries: 1
[0m15:03:44.326789 [info ] [MainThread]: Registered adapter: postgres=1.11.0
[0m15:03:44.577705 [debug] [MainThread]: Acquiring new postgres connection 'debug'
[0m15:03:44.631853 [debug] [MainThread]: Using postgres connection "debug"
[0m15:03:44.632202 [debug] [MainThread]: On debug: select 1 as id
[0m15:03:44.632468 [debug] [MainThread]: Opening a new connection, currently in state init
[0m15:03:44.687921 [debug] [MainThread]: SQL status: SELECT 1 in 0.055 seconds
[0m15:03:44.688877 [debug] [MainThread]: On debug: Close
[0m15:03:44.689285 [info ] [MainThread]:   Connection test: [[32mOK connection ok[0m]

[0m15:03:44.689827 [info ] [MainThread]: [32mAll checks passed![0m
[0m15:03:44.690969 [debug] [MainThread]: Command `dbt debug` succeeded at 15:03:44.690779 after 0.75 seconds
[0m15:03:44.691482 [debug] [MainThread]: Connection 'debug' was properly closed.
[0m15:03:44.692100 [debug] [MainThread]: Sending event: {'category': 'dbt', 'action': 'invocation', 'label': 'end', 'context': [<snowplow_tracker.self_describing_json.SelfDescribingJson object at 0x000002989FF22520>, <snowplow_tracker.self_describing_json.SelfDescribingJson object at 0x00000298A024BD10>, <snowplow_tracker.self_describing_json.SelfDescribingJson object at 0x000002989E1828B0>]}
[0m15:03:44.692764 [debug] [MainThread]: Flushing usage events
[0m15:03:45.367729 [debug] [MainThread]: An error was encountered while trying to flush usage events
[0m15:12:03.586696 [debug] [MainThread]: Sending event: {'category': 'dbt', 'action': 'invocation', 'label': 'start', 'context': [<snowplow_tracker.self_describing_json.SelfDescribingJson object at 0x000001C27EB50980>, <snowplow_tracker.self_describing_json.SelfDescribingJson object at 0x000001C27C44CCD0>, <snowplow_tracker.self_describing_json.SelfDescribingJson object at 0x000001C2014539D0>]}


============================== 15:12:03.590178 | f318b20d-7f1d-4512-b740-74ede46f8e92 ==============================
[0m15:12:03.590178 [info ] [MainThread]: Running with dbt=1.12.0
[0m15:12:03.590747 [debug] [MainThread]: running dbt with arguments {'static_parser': 'True', 'no_print': 'None', 'maximum_seed_size_mib': '1', 'warn_error_options': 'WarnErrorOptionsV2(error=[], warn=[], silence=[])', 'target_path': 'None', 'version_check': 'True', 'printer_width': '80', 'write_json': 'True', 'empty': 'False', 'log_cache_events': 'False', 'introspect': 'True', 'cache_selected_only': 'False', 'fail_fast': 'False', 'debug': 'False', 'log_format': 'default', 'partial_parse': 'True', 'send_anonymous_usage_stats': 'True', 'quiet': 'False', 'warn_error': 'None', 'profiles_dir': 'C:\\Users\\Utilisateur\\Documents\\courses\\observatoire_sirene\\mon_projet_dbt', 'indirect_selection': 'eager', 'hints_enabled': 'True', 'invocation_command': 'dbt run', 'use_experimental_parser': 'False', 'use_colors': 'True', 'log_path': 'C:\\Users\\Utilisateur\\Documents\\courses\\observatoire_sirene\\mon_projet_dbt\\logs'}
[0m15:12:03.790350 [debug] [MainThread]: Sending event: {'category': 'dbt', 'action': 'project_id', 'label': 'f318b20d-7f1d-4512-b740-74ede46f8e92', 'context': [<snowplow_tracker.self_describing_json.SelfDescribingJson object at 0x000001C2013FDE00>]}
[0m15:12:03.855968 [debug] [MainThread]: Sending event: {'category': 'dbt', 'action': 'adapter_info', 'label': 'f318b20d-7f1d-4512-b740-74ede46f8e92', 'context': [<snowplow_tracker.self_describing_json.SelfDescribingJson object at 0x000001C27CBDEF10>]}
[0m15:12:03.857046 [info ] [MainThread]: Registered adapter: postgres=1.11.0
[0m15:12:04.109567 [debug] [MainThread]: checksum: 60d4e7c5581444e26d365e42f856ff9ef6ae34e9f453452ecad212ad268af85c, vars: {}, profile: observatoire_sirene, target: dev, version: 1.12.0
[0m15:12:04.110481 [info ] [MainThread]: Unable to do partial parsing because saved manifest not found. Starting full parse.
[0m15:12:04.110938 [debug] [MainThread]: Sending event: {'category': 'dbt', 'action': 'partial_parser', 'label': 'f318b20d-7f1d-4512-b740-74ede46f8e92', 'context': [<snowplow_tracker.self_describing_json.SelfDescribingJson object at 0x000001C2014FB750>]}
[0m15:12:05.914151 [debug] [MainThread]: Sending event: {'category': 'dbt', 'action': 'load_project', 'label': 'f318b20d-7f1d-4512-b740-74ede46f8e92', 'context': [<snowplow_tracker.self_describing_json.SelfDescribingJson object at 0x000001C203662120>]}
[0m15:12:06.046931 [debug] [MainThread]: Wrote artifact WritableManifest to C:\Users\Utilisateur\Documents\courses\observatoire_sirene\mon_projet_dbt\target\manifest.json
[0m15:12:06.050953 [debug] [MainThread]: Wrote artifact SemanticManifest to C:\Users\Utilisateur\Documents\courses\observatoire_sirene\mon_projet_dbt\target\semantic_manifest.json
[0m15:12:06.069283 [debug] [MainThread]: Wrote artifact OsiDocument to C:\Users\Utilisateur\Documents\courses\observatoire_sirene\mon_projet_dbt\target\osi_document.json
[0m15:12:06.078744 [debug] [MainThread]: Sending event: {'category': 'dbt', 'action': 'resource_counts', 'label': 'f318b20d-7f1d-4512-b740-74ede46f8e92', 'context': [<snowplow_tracker.self_describing_json.SelfDescribingJson object at 0x000001C203A46190>]}
[0m15:12:06.079195 [info ] [MainThread]: Found 2 models, 1 snapshot, 1 seed, 3 data tests, 2 sources, 477 macros
[0m15:12:06.079609 [debug] [MainThread]: Sending event: {'category': 'dbt', 'action': 'runnable_timing', 'label': 'f318b20d-7f1d-4512-b740-74ede46f8e92', 'context': [<snowplow_tracker.self_describing_json.SelfDescribingJson object at 0x000001C203ADAB60>]}
[0m15:12:06.081461 [info ] [MainThread]: 
[0m15:12:06.081908 [info ] [MainThread]: Concurrency: 4 threads (target='dev')
[0m15:12:06.082314 [info ] [MainThread]: 
[0m15:12:06.082831 [debug] [MainThread]: Acquiring new postgres connection 'master'
[0m15:12:06.086508 [debug] [ThreadPool]: Acquiring new postgres connection 'list_observatoire_sirene'
[0m15:12:06.148962 [debug] [ThreadPool]: Using postgres connection "list_observatoire_sirene"
[0m15:12:06.149311 [debug] [ThreadPool]: On list_observatoire_sirene: /* {"app": "dbt", "dbt_version": "1.12.0", "profile_name": "observatoire_sirene", "target_name": "dev", "connection_name": "list_observatoire_sirene"} */

    select distinct nspname from pg_namespace
  
[0m15:12:06.149642 [debug] [ThreadPool]: Opening a new connection, currently in state init
[0m15:12:06.196799 [debug] [ThreadPool]: SQL status: SELECT 5 in 0.047 seconds
[0m15:12:06.198007 [debug] [ThreadPool]: On list_observatoire_sirene: Close
[0m15:12:06.198718 [debug] [ThreadPool]: Re-using an available connection from the pool (formerly list_observatoire_sirene, now create_observatoire_sirene_observatoire_observatoire)
[0m15:12:06.199249 [debug] [ThreadPool]: Creating schema "database: "observatoire_sirene"
schema: "observatoire_observatoire"
"
[0m15:12:06.203243 [debug] [ThreadPool]: Using postgres connection "create_observatoire_sirene_observatoire_observatoire"
[0m15:12:06.203571 [debug] [ThreadPool]: On create_observatoire_sirene_observatoire_observatoire: /* {"app": "dbt", "dbt_version": "1.12.0", "profile_name": "observatoire_sirene", "target_name": "dev", "connection_name": "create_observatoire_sirene_observatoire_observatoire"} */
create schema if not exists "observatoire_observatoire"
[0m15:12:06.203840 [debug] [ThreadPool]: Opening a new connection, currently in state closed
[0m15:12:06.244119 [debug] [ThreadPool]: SQL status: CREATE SCHEMA in 0.040 seconds
[0m15:12:06.245009 [debug] [ThreadPool]: On create_observatoire_sirene_observatoire_observatoire: COMMIT
[0m15:12:06.245304 [debug] [ThreadPool]: Using postgres connection "create_observatoire_sirene_observatoire_observatoire"
[0m15:12:06.245681 [debug] [ThreadPool]: On create_observatoire_sirene_observatoire_observatoire: COMMIT
[0m15:12:06.246605 [debug] [ThreadPool]: SQL status: COMMIT in 0.001 seconds
[0m15:12:06.246912 [debug] [ThreadPool]: On create_observatoire_sirene_observatoire_observatoire: Close
[0m15:12:06.248569 [debug] [ThreadPool]: Acquiring new postgres connection 'list_observatoire_sirene_observatoire'
[0m15:12:06.253394 [debug] [ThreadPool]: Using postgres connection "list_observatoire_sirene_observatoire"
[0m15:12:06.253907 [debug] [ThreadPool]: On list_observatoire_sirene_observatoire: /* {"app": "dbt", "dbt_version": "1.12.0", "profile_name": "observatoire_sirene", "target_name": "dev", "connection_name": "list_observatoire_sirene_observatoire"} */
select
      'observatoire_sirene' as database,
      tablename as name,
      schemaname as schema,
      'table' as type
    from pg_tables
    where schemaname ilike 'observatoire'
    union all
    select
      'observatoire_sirene' as database,
      viewname as name,
      schemaname as schema,
      'view' as type
    from pg_views
    where schemaname ilike 'observatoire'
    union all
    select
      'observatoire_sirene' as database,
      matviewname as name,
      schemaname as schema,
      'materialized_view' as type
    from pg_matviews
    where schemaname ilike 'observatoire'
    union all
    select distinct
     'observatoire_sirene' as database,
     proname as name,
     ns.nspname as schema,
     'function' as type
    from pg_proc
     join pg_namespace as ns on pronamespace = ns.oid
    where ns.nspname ilike 'observatoire'
  
[0m15:12:06.254241 [debug] [ThreadPool]: Opening a new connection, currently in state init
[0m15:12:06.254802 [debug] [ThreadPool]: Acquiring new postgres connection 'list_observatoire_sirene_observatoire_observatoire'
[0m15:12:06.256017 [debug] [ThreadPool]: Using postgres connection "list_observatoire_sirene_observatoire_observatoire"
[0m15:12:06.256420 [debug] [ThreadPool]: On list_observatoire_sirene_observatoire_observatoire: /* {"app": "dbt", "dbt_version": "1.12.0", "profile_name": "observatoire_sirene", "target_name": "dev", "connection_name": "list_observatoire_sirene_observatoire_observatoire"} */
select
      'observatoire_sirene' as database,
      tablename as name,
      schemaname as schema,
      'table' as type
    from pg_tables
    where schemaname ilike 'observatoire_observatoire'
    union all
    select
      'observatoire_sirene' as database,
      viewname as name,
      schemaname as schema,
      'view' as type
    from pg_views
    where schemaname ilike 'observatoire_observatoire'
    union all
    select
      'observatoire_sirene' as database,
      matviewname as name,
      schemaname as schema,
      'materialized_view' as type
    from pg_matviews
    where schemaname ilike 'observatoire_observatoire'
    union all
    select distinct
     'observatoire_sirene' as database,
     proname as name,
     ns.nspname as schema,
     'function' as type
    from pg_proc
     join pg_namespace as ns on pronamespace = ns.oid
    where ns.nspname ilike 'observatoire_observatoire'
  
[0m15:12:06.256845 [debug] [ThreadPool]: Opening a new connection, currently in state init
[0m15:12:06.302401 [debug] [ThreadPool]: SQL status: SELECT 5 in 0.048 seconds
[0m15:12:06.303636 [debug] [ThreadPool]: On list_observatoire_sirene_observatoire: ROLLBACK
[0m15:12:06.303983 [debug] [ThreadPool]: SQL status: SELECT 0 in 0.047 seconds
[0m15:12:06.304868 [debug] [ThreadPool]: On list_observatoire_sirene_observatoire_observatoire: ROLLBACK
[0m15:12:06.305180 [debug] [ThreadPool]: On list_observatoire_sirene_observatoire: Close
[0m15:12:06.305558 [debug] [ThreadPool]: On list_observatoire_sirene_observatoire_observatoire: Close
[0m15:12:06.311984 [debug] [MainThread]: Using postgres connection "master"
[0m15:12:06.312405 [debug] [MainThread]: On master: /* {"app": "dbt", "dbt_version": "1.12.0", "profile_name": "observatoire_sirene", "target_name": "dev", "connection_name": "master"} */
select distinct
        dependent_namespace.nspname as dependent_schema,
        dependent_class.relname as dependent_name,
        referenced_namespace.nspname as referenced_schema,
        referenced_class.relname as referenced_name

    -- Query for views: views are entries in pg_class with an entry in pg_rewrite, but we avoid
    -- a seq scan on pg_rewrite by leveraging the fact there is an "internal" row in pg_depend for
    -- the view...
    from pg_class as dependent_class
    join pg_namespace as dependent_namespace on dependent_namespace.oid = dependent_class.relnamespace
    join pg_depend as dependent_depend on dependent_depend.refobjid = dependent_class.oid
        and dependent_depend.classid = 'pg_rewrite'::regclass
        and dependent_depend.refclassid = 'pg_class'::regclass
        and dependent_depend.deptype = 'i'

    -- ... and via pg_depend (that has a row per column, hence the need for "distinct" above, and
    -- making sure to exclude the internal row to avoid a view appearing to depend on itself)...
    join pg_depend as joining_depend on joining_depend.objid = dependent_depend.objid
        and joining_depend.classid = 'pg_rewrite'::regclass
        and joining_depend.refclassid = 'pg_class'::regclass
        and joining_depend.refobjid != dependent_depend.refobjid

    -- ... we can find the tables they query from in pg_class, but excluding system tables. Note we
    -- don't need need to exclude _dependent_ system tables, because they only query from other
    -- system tables, and so are automatically excluded by excluding _referenced_ system tables
    join pg_class as referenced_class on referenced_class.oid = joining_depend.refobjid
    join pg_namespace as referenced_namespace on referenced_namespace.oid = referenced_class.relnamespace
        and referenced_namespace.nspname != 'information_schema'
        and referenced_namespace.nspname not like 'pg\_%'

    order by
        dependent_schema, dependent_name, referenced_schema, referenced_name;
[0m15:12:06.312764 [debug] [MainThread]: Opening a new connection, currently in state init
[0m15:12:06.358738 [debug] [MainThread]: SQL status: SELECT 0 in 0.046 seconds
[0m15:12:06.359775 [debug] [MainThread]: Sending event: {'category': 'dbt', 'action': 'runnable_timing', 'label': 'f318b20d-7f1d-4512-b740-74ede46f8e92', 'context': [<snowplow_tracker.self_describing_json.SelfDescribingJson object at 0x000001C203B07710>]}
[0m15:12:06.360184 [debug] [MainThread]: On master: ROLLBACK
[0m15:12:06.360604 [debug] [MainThread]: On master: COMMIT
[0m15:12:06.360893 [debug] [MainThread]: Using postgres connection "master"
[0m15:12:06.361158 [debug] [MainThread]: On master: COMMIT
[0m15:12:06.361625 [debug] [MainThread]: SQL status: COMMIT in 0.000 seconds
[0m15:12:06.361917 [debug] [MainThread]: On master: Close
[0m15:12:06.366605 [debug] [Thread-1 (]: Began running node model.mon_projet_dbt.stg_periodes
[0m15:12:06.367152 [info ] [Thread-1 (]: 1 of 2 START sql view model observatoire_observatoire.stg_periodes ............. [RUN]
[0m15:12:06.367754 [debug] [Thread-1 (]: Acquiring new postgres connection 'model.mon_projet_dbt.stg_periodes'
[0m15:12:06.368093 [debug] [Thread-1 (]: Began compiling node model.mon_projet_dbt.stg_periodes
[0m15:12:06.374182 [debug] [Thread-1 (]: Writing injected SQL for node "model.mon_projet_dbt.stg_periodes"
[0m15:12:06.376228 [debug] [Thread-1 (]: Began executing node model.mon_projet_dbt.stg_periodes
[0m15:12:06.407590 [debug] [Thread-1 (]: Writing runtime sql for node "model.mon_projet_dbt.stg_periodes"
[0m15:12:06.409803 [debug] [Thread-1 (]: Using postgres connection "model.mon_projet_dbt.stg_periodes"
[0m15:12:06.410332 [debug] [Thread-1 (]: On model.mon_projet_dbt.stg_periodes: /* {"app": "dbt", "dbt_version": "1.12.0", "profile_name": "observatoire_sirene", "target_name": "dev", "node_id": "model.mon_projet_dbt.stg_periodes"} */

  create view "observatoire_sirene"."observatoire_observatoire"."stg_periodes__dbt_tmp"
    
    
  as (
    WITH source AS (

    SELECT

        CAST(siret AS VARCHAR) AS siret,

        CAST(dateDebut AS DATE) AS date_debut,

        CASE

            WHEN etatAdministratifEtablissement = 'A'
            THEN 'A'

            WHEN etatAdministratifEtablissement = 'F'
            THEN 'F'

            ELSE NULL

        END AS etat,


        CAST(codeCommuneEtablissement AS VARCHAR)
        AS code_commune,


        UPPER(
            libelleCommuneEtablissement
        )
        AS libelle_commune,


        CAST(
            activitePrincipaleEtablissement
            AS VARCHAR
        )
        AS code_ape,


        CAST(
            trancheEffectifsEtablissement
            AS VARCHAR
        )
        AS code_tranche



    FROM "observatoire_sirene"."sirene"."sirene_etablissement"


)


SELECT *

FROM source

WHERE siret IS NOT NULL

AND date_debut IS NOT NULL
  );
[0m15:12:06.410739 [debug] [Thread-1 (]: Opening a new connection, currently in state init
[0m15:12:06.450137 [debug] [Thread-1 (]: Postgres adapter: Postgres error: ERREUR:  la relation « sirene.sirene_etablissement » n'existe pas
LINE 53:     FROM "observatoire_sirene"."sirene"."sirene_etablissemen...
                  ^

[0m15:12:06.450569 [debug] [Thread-1 (]: On model.mon_projet_dbt.stg_periodes: ROLLBACK
[0m15:12:06.451095 [debug] [Thread-1 (]: On model.mon_projet_dbt.stg_periodes: Close
[0m15:12:06.458279 [debug] [Thread-1 (]: Database Error in model stg_periodes (models\staging\stg_periodes.sql)
  ERREUR:  la relation « sirene.sirene_etablissement » n'existe pas
  LINE 53:     FROM "observatoire_sirene"."sirene"."sirene_etablissemen...
                    ^
  compiled code at target\run\mon_projet_dbt\models\staging\stg_periodes.sql
[0m15:12:06.459889 [debug] [Thread-1 (]: Sending event: {'category': 'dbt', 'action': 'run_model', 'label': 'f318b20d-7f1d-4512-b740-74ede46f8e92', 'context': [<snowplow_tracker.self_describing_json.SelfDescribingJson object at 0x000001C27EFFC520>]}
[0m15:12:06.460490 [error] [Thread-1 (]: 1 of 2 ERROR creating sql view model observatoire_observatoire.stg_periodes .... [[31mERROR[0m in 0.09s]
[0m15:12:06.461137 [debug] [Thread-1 (]: Finished running node model.mon_projet_dbt.stg_periodes
[0m15:12:06.461659 [debug] [Thread-7 (]: Marking all children of 'model.mon_projet_dbt.stg_periodes' to be skipped because of status 'error'.  Reason: Database Error in model stg_periodes (models\staging\stg_periodes.sql)
  ERREUR:  la relation « sirene.sirene_etablissement » n'existe pas
  LINE 53:     FROM "observatoire_sirene"."sirene"."sirene_etablissemen...
                    ^
  compiled code at target\run\mon_projet_dbt\models\staging\stg_periodes.sql.
[0m15:12:06.462822 [debug] [Thread-2 (]: Began running node model.mon_projet_dbt.dim_commune
[0m15:12:06.463218 [info ] [Thread-2 (]: 2 of 2 SKIP relation observatoire_observatoire.dim_commune ..................... [[33mSKIP[0m]
[0m15:12:06.463779 [debug] [Thread-2 (]: Finished running node model.mon_projet_dbt.dim_commune
[0m15:12:06.465157 [debug] [MainThread]: On master: COMMIT
[0m15:12:06.465454 [debug] [MainThread]: Using postgres connection "master"
[0m15:12:06.465721 [debug] [MainThread]: On master: COMMIT
[0m15:12:06.465978 [debug] [MainThread]: Opening a new connection, currently in state closed
[0m15:12:06.506690 [debug] [MainThread]: SQL status: COMMIT in 0.041 seconds
[0m15:12:06.507074 [debug] [MainThread]: On master: Close
[0m15:12:06.507546 [debug] [MainThread]: Connection 'master' was properly closed.
[0m15:12:06.507817 [debug] [MainThread]: Connection 'create_observatoire_sirene_observatoire_observatoire' was properly closed.
[0m15:12:06.508120 [debug] [MainThread]: Connection 'list_observatoire_sirene_observatoire' was properly closed.
[0m15:12:06.508435 [debug] [MainThread]: Connection 'list_observatoire_sirene_observatoire_observatoire' was properly closed.
[0m15:12:06.508679 [debug] [MainThread]: Connection 'model.mon_projet_dbt.stg_periodes' was properly closed.
[0m15:12:06.508979 [info ] [MainThread]: 
[0m15:12:06.509501 [info ] [MainThread]: Finished running 1 table model, 1 view model in 0 hours 0 minutes and 0.43 seconds (0.43s).
[0m15:12:06.510476 [debug] [MainThread]: Command end result
[0m15:12:06.542291 [debug] [MainThread]: Wrote artifact WritableManifest to C:\Users\Utilisateur\Documents\courses\observatoire_sirene\mon_projet_dbt\target\manifest.json
[0m15:12:06.546476 [debug] [MainThread]: Wrote artifact SemanticManifest to C:\Users\Utilisateur\Documents\courses\observatoire_sirene\mon_projet_dbt\target\semantic_manifest.json
[0m15:12:06.549806 [debug] [MainThread]: Wrote artifact OsiDocument to C:\Users\Utilisateur\Documents\courses\observatoire_sirene\mon_projet_dbt\target\osi_document.json
[0m15:12:06.556736 [debug] [MainThread]: Wrote artifact RunExecutionResult to C:\Users\Utilisateur\Documents\courses\observatoire_sirene\mon_projet_dbt\target\run_results.json
[0m15:12:06.557050 [info ] [MainThread]: 
[0m15:12:06.557494 [info ] [MainThread]: [31mCompleted with 1 error, 0 partial successes, and 0 warnings:[0m
[0m15:12:06.557949 [info ] [MainThread]: 
[0m15:12:06.558395 [error] [MainThread]: [[31mERROR[0m]: in model stg_periodes (models\staging\stg_periodes.sql)
[0m15:12:06.558816 [error] [MainThread]:   Database Error in model stg_periodes (models\staging\stg_periodes.sql)
  ERREUR:  la relation « sirene.sirene_etablissement » n'existe pas
  LINE 53:     FROM "observatoire_sirene"."sirene"."sirene_etablissemen...
                    ^
  compiled code at target\run\mon_projet_dbt\models\staging\stg_periodes.sql
[0m15:12:06.559186 [info ] [MainThread]: 
[0m15:12:06.559785 [info ] [MainThread]:   compiled code at target\compiled\mon_projet_dbt\models\staging\stg_periodes.sql
[0m15:12:06.560397 [info ] [MainThread]: 
[0m15:12:06.561249 [info ] [MainThread]: Done. PASS=0 WARN=0 ERROR=1 SKIP=1 NO-OP=0 REUSED=0 TOTAL=2
[0m15:12:06.562308 [debug] [MainThread]: Command `dbt run` failed at 15:12:06.562199 after 3.12 seconds
[0m15:12:06.562703 [debug] [MainThread]: Sending event: {'category': 'dbt', 'action': 'invocation', 'label': 'end', 'context': [<snowplow_tracker.self_describing_json.SelfDescribingJson object at 0x000001C2020F7BB0>, <snowplow_tracker.self_describing_json.SelfDescribingJson object at 0x000001C203E39640>, <snowplow_tracker.self_describing_json.SelfDescribingJson object at 0x000001C27F002A50>]}
[0m15:12:06.563043 [debug] [MainThread]: Flushing usage events
[0m15:12:07.216853 [debug] [MainThread]: An error was encountered while trying to flush usage events
[0m15:14:35.286716 [debug] [MainThread]: Sending event: {'category': 'dbt', 'action': 'invocation', 'label': 'start', 'context': [<snowplow_tracker.self_describing_json.SelfDescribingJson object at 0x00000273CE360980>, <snowplow_tracker.self_describing_json.SelfDescribingJson object at 0x00000273CBC64B90>, <snowplow_tracker.self_describing_json.SelfDescribingJson object at 0x00000273D0BC39D0>]}


============================== 15:14:35.290206 | 9df50418-a8f6-4e01-8a8d-555cde3577c1 ==============================
[0m15:14:35.290206 [info ] [MainThread]: Running with dbt=1.12.0
[0m15:14:35.290936 [debug] [MainThread]: running dbt with arguments {'maximum_seed_size_mib': '1', 'no_print': 'None', 'static_parser': 'True', 'target_path': 'None', 'warn_error_options': 'WarnErrorOptionsV2(error=[], warn=[], silence=[])', 'version_check': 'True', 'printer_width': '80', 'write_json': 'True', 'empty': 'False', 'log_cache_events': 'False', 'introspect': 'True', 'cache_selected_only': 'False', 'log_format': 'default', 'debug': 'False', 'fail_fast': 'False', 'profiles_dir': 'C:\\Users\\Utilisateur\\Documents\\courses\\observatoire_sirene\\mon_projet_dbt', 'send_anonymous_usage_stats': 'True', 'quiet': 'False', 'warn_error': 'None', 'partial_parse': 'True', 'use_colors': 'True', 'hints_enabled': 'True', 'invocation_command': 'dbt run', 'use_experimental_parser': 'False', 'indirect_selection': 'eager', 'log_path': 'C:\\Users\\Utilisateur\\Documents\\courses\\observatoire_sirene\\mon_projet_dbt\\logs'}
[0m15:14:35.465593 [debug] [MainThread]: Sending event: {'category': 'dbt', 'action': 'project_id', 'label': '9df50418-a8f6-4e01-8a8d-555cde3577c1', 'context': [<snowplow_tracker.self_describing_json.SelfDescribingJson object at 0x00000273D0B6DE00>]}
[0m15:14:35.531337 [debug] [MainThread]: Sending event: {'category': 'dbt', 'action': 'adapter_info', 'label': '9df50418-a8f6-4e01-8a8d-555cde3577c1', 'context': [<snowplow_tracker.self_describing_json.SelfDescribingJson object at 0x00000273CC3EEF10>]}
[0m15:14:35.532364 [info ] [MainThread]: Registered adapter: postgres=1.11.0
[0m15:14:35.788716 [debug] [MainThread]: checksum: 60d4e7c5581444e26d365e42f856ff9ef6ae34e9f453452ecad212ad268af85c, vars: {}, profile: observatoire_sirene, target: dev, version: 1.12.0
[0m15:14:35.972658 [debug] [MainThread]: Partial parsing enabled: 0 files deleted, 0 files added, 1 files changed.
[0m15:14:35.973423 [debug] [MainThread]: Partial parsing: updated file: mon_projet_dbt://models\sources.yml
[0m15:14:36.813859 [error] [MainThread]: [[31mERROR[0m]: Encountered an error:
Compilation Error
  Model 'model.mon_projet_dbt.stg_periodes' (models\staging\stg_periodes.sql) depends on a source named 'sirene.sirene_etablissement' which was not found
[0m15:14:36.814680 [debug] [MainThread]: Command `dbt run` failed at 15:14:36.814569 after 1.67 seconds
[0m15:14:36.815024 [debug] [MainThread]: Sending event: {'category': 'dbt', 'action': 'invocation', 'label': 'end', 'context': [<snowplow_tracker.self_describing_json.SelfDescribingJson object at 0x00000273D1779050>, <snowplow_tracker.self_describing_json.SelfDescribingJson object at 0x00000273D1779150>, <snowplow_tracker.self_describing_json.SelfDescribingJson object at 0x00000273D1A4D5E0>]}
[0m15:14:36.815360 [debug] [MainThread]: Flushing usage events
[0m15:14:37.470319 [debug] [MainThread]: An error was encountered while trying to flush usage events
[0m15:16:17.121292 [debug] [MainThread]: Sending event: {'category': 'dbt', 'action': 'invocation', 'label': 'start', 'context': [<snowplow_tracker.self_describing_json.SelfDescribingJson object at 0x000001E707430980>, <snowplow_tracker.self_describing_json.SelfDescribingJson object at 0x000001E704D20B90>, <snowplow_tracker.self_describing_json.SelfDescribingJson object at 0x000001E709C939D0>]}


============================== 15:16:17.124837 | 0131cff2-96b0-408a-8d79-26eac59635b1 ==============================
[0m15:16:17.124837 [info ] [MainThread]: Running with dbt=1.12.0
[0m15:16:17.125436 [debug] [MainThread]: running dbt with arguments {'version_check': 'True', 'no_print': 'None', 'static_parser': 'True', 'warn_error_options': 'WarnErrorOptionsV2(error=[], warn=[], silence=[])', 'target_path': 'None', 'maximum_seed_size_mib': '1', 'printer_width': '80', 'write_json': 'True', 'empty': 'False', 'log_cache_events': 'False', 'introspect': 'True', 'cache_selected_only': 'False', 'log_format': 'default', 'debug': 'False', 'fail_fast': 'False', 'partial_parse': 'True', 'send_anonymous_usage_stats': 'True', 'quiet': 'False', 'warn_error': 'None', 'profiles_dir': 'C:\\Users\\Utilisateur\\Documents\\courses\\observatoire_sirene\\mon_projet_dbt', 'use_colors': 'True', 'hints_enabled': 'True', 'indirect_selection': 'eager', 'use_experimental_parser': 'False', 'invocation_command': 'dbt run', 'log_path': 'C:\\Users\\Utilisateur\\Documents\\courses\\observatoire_sirene\\mon_projet_dbt\\logs'}
[0m15:16:17.303859 [debug] [MainThread]: Sending event: {'category': 'dbt', 'action': 'project_id', 'label': '0131cff2-96b0-408a-8d79-26eac59635b1', 'context': [<snowplow_tracker.self_describing_json.SelfDescribingJson object at 0x000001E709C3DE00>]}
[0m15:16:17.370086 [debug] [MainThread]: Sending event: {'category': 'dbt', 'action': 'adapter_info', 'label': '0131cff2-96b0-408a-8d79-26eac59635b1', 'context': [<snowplow_tracker.self_describing_json.SelfDescribingJson object at 0x000001E7054AEF10>]}
[0m15:16:17.371086 [info ] [MainThread]: Registered adapter: postgres=1.11.0
[0m15:16:17.625943 [debug] [MainThread]: checksum: 60d4e7c5581444e26d365e42f856ff9ef6ae34e9f453452ecad212ad268af85c, vars: {}, profile: observatoire_sirene, target: dev, version: 1.12.0
[0m15:16:17.808601 [debug] [MainThread]: Partial parsing enabled: 0 files deleted, 0 files added, 1 files changed.
[0m15:16:17.809357 [debug] [MainThread]: Partial parsing: updated file: mon_projet_dbt://models\sources.yml
[0m15:16:18.743106 [debug] [MainThread]: Sending event: {'category': 'dbt', 'action': 'load_project', 'label': '0131cff2-96b0-408a-8d79-26eac59635b1', 'context': [<snowplow_tracker.self_describing_json.SelfDescribingJson object at 0x000001E70A8A9950>]}
[0m15:16:18.860729 [debug] [MainThread]: Wrote artifact WritableManifest to C:\Users\Utilisateur\Documents\courses\observatoire_sirene\mon_projet_dbt\target\manifest.json
[0m15:16:18.863790 [debug] [MainThread]: Wrote artifact SemanticManifest to C:\Users\Utilisateur\Documents\courses\observatoire_sirene\mon_projet_dbt\target\semantic_manifest.json
[0m15:16:18.881171 [debug] [MainThread]: Wrote artifact OsiDocument to C:\Users\Utilisateur\Documents\courses\observatoire_sirene\mon_projet_dbt\target\osi_document.json
[0m15:16:18.889590 [debug] [MainThread]: Sending event: {'category': 'dbt', 'action': 'resource_counts', 'label': '0131cff2-96b0-408a-8d79-26eac59635b1', 'context': [<snowplow_tracker.self_describing_json.SelfDescribingJson object at 0x000001E70BC37020>]}
[0m15:16:18.890030 [info ] [MainThread]: Found 1 seed, 2 models, 1 snapshot, 3 data tests, 2 sources, 477 macros
[0m15:16:18.890543 [debug] [MainThread]: Sending event: {'category': 'dbt', 'action': 'runnable_timing', 'label': '0131cff2-96b0-408a-8d79-26eac59635b1', 'context': [<snowplow_tracker.self_describing_json.SelfDescribingJson object at 0x000001E70BC61E10>]}
[0m15:16:18.892493 [info ] [MainThread]: 
[0m15:16:18.892969 [info ] [MainThread]: Concurrency: 4 threads (target='dev')
[0m15:16:18.893397 [info ] [MainThread]: 
[0m15:16:18.893913 [debug] [MainThread]: Acquiring new postgres connection 'master'
[0m15:16:18.897432 [debug] [ThreadPool]: Acquiring new postgres connection 'list_observatoire_sirene'
[0m15:16:18.958622 [debug] [ThreadPool]: Using postgres connection "list_observatoire_sirene"
[0m15:16:18.958983 [debug] [ThreadPool]: On list_observatoire_sirene: /* {"app": "dbt", "dbt_version": "1.12.0", "profile_name": "observatoire_sirene", "target_name": "dev", "connection_name": "list_observatoire_sirene"} */

    select distinct nspname from pg_namespace
  
[0m15:16:18.959255 [debug] [ThreadPool]: Opening a new connection, currently in state init
[0m15:16:19.007187 [debug] [ThreadPool]: SQL status: SELECT 6 in 0.048 seconds
[0m15:16:19.008298 [debug] [ThreadPool]: On list_observatoire_sirene: Close
[0m15:16:19.010215 [debug] [ThreadPool]: Acquiring new postgres connection 'list_observatoire_sirene_observatoire'
[0m15:16:19.015724 [debug] [ThreadPool]: Using postgres connection "list_observatoire_sirene_observatoire"
[0m15:16:19.016111 [debug] [ThreadPool]: On list_observatoire_sirene_observatoire: /* {"app": "dbt", "dbt_version": "1.12.0", "profile_name": "observatoire_sirene", "target_name": "dev", "connection_name": "list_observatoire_sirene_observatoire"} */
select
      'observatoire_sirene' as database,
      tablename as name,
      schemaname as schema,
      'table' as type
    from pg_tables
    where schemaname ilike 'observatoire'
    union all
    select
      'observatoire_sirene' as database,
      viewname as name,
      schemaname as schema,
      'view' as type
    from pg_views
    where schemaname ilike 'observatoire'
    union all
    select
      'observatoire_sirene' as database,
      matviewname as name,
      schemaname as schema,
      'materialized_view' as type
    from pg_matviews
    where schemaname ilike 'observatoire'
    union all
    select distinct
     'observatoire_sirene' as database,
     proname as name,
     ns.nspname as schema,
     'function' as type
    from pg_proc
     join pg_namespace as ns on pronamespace = ns.oid
    where ns.nspname ilike 'observatoire'
  
[0m15:16:19.016428 [debug] [ThreadPool]: Opening a new connection, currently in state init
[0m15:16:19.017014 [debug] [ThreadPool]: Acquiring new postgres connection 'list_observatoire_sirene_observatoire_observatoire'
[0m15:16:19.018132 [debug] [ThreadPool]: Using postgres connection "list_observatoire_sirene_observatoire_observatoire"
[0m15:16:19.018477 [debug] [ThreadPool]: On list_observatoire_sirene_observatoire_observatoire: /* {"app": "dbt", "dbt_version": "1.12.0", "profile_name": "observatoire_sirene", "target_name": "dev", "connection_name": "list_observatoire_sirene_observatoire_observatoire"} */
select
      'observatoire_sirene' as database,
      tablename as name,
      schemaname as schema,
      'table' as type
    from pg_tables
    where schemaname ilike 'observatoire_observatoire'
    union all
    select
      'observatoire_sirene' as database,
      viewname as name,
      schemaname as schema,
      'view' as type
    from pg_views
    where schemaname ilike 'observatoire_observatoire'
    union all
    select
      'observatoire_sirene' as database,
      matviewname as name,
      schemaname as schema,
      'materialized_view' as type
    from pg_matviews
    where schemaname ilike 'observatoire_observatoire'
    union all
    select distinct
     'observatoire_sirene' as database,
     proname as name,
     ns.nspname as schema,
     'function' as type
    from pg_proc
     join pg_namespace as ns on pronamespace = ns.oid
    where ns.nspname ilike 'observatoire_observatoire'
  
[0m15:16:19.018864 [debug] [ThreadPool]: Opening a new connection, currently in state init
[0m15:16:19.065588 [debug] [ThreadPool]: SQL status: SELECT 5 in 0.049 seconds
[0m15:16:19.066814 [debug] [ThreadPool]: On list_observatoire_sirene_observatoire: ROLLBACK
[0m15:16:19.067254 [debug] [ThreadPool]: On list_observatoire_sirene_observatoire: Close
[0m15:16:19.068700 [debug] [ThreadPool]: SQL status: SELECT 0 in 0.050 seconds
[0m15:16:19.069886 [debug] [ThreadPool]: On list_observatoire_sirene_observatoire_observatoire: ROLLBACK
[0m15:16:19.070414 [debug] [ThreadPool]: On list_observatoire_sirene_observatoire_observatoire: Close
[0m15:16:19.074383 [debug] [MainThread]: Using postgres connection "master"
[0m15:16:19.074801 [debug] [MainThread]: On master: /* {"app": "dbt", "dbt_version": "1.12.0", "profile_name": "observatoire_sirene", "target_name": "dev", "connection_name": "master"} */
select distinct
        dependent_namespace.nspname as dependent_schema,
        dependent_class.relname as dependent_name,
        referenced_namespace.nspname as referenced_schema,
        referenced_class.relname as referenced_name

    -- Query for views: views are entries in pg_class with an entry in pg_rewrite, but we avoid
    -- a seq scan on pg_rewrite by leveraging the fact there is an "internal" row in pg_depend for
    -- the view...
    from pg_class as dependent_class
    join pg_namespace as dependent_namespace on dependent_namespace.oid = dependent_class.relnamespace
    join pg_depend as dependent_depend on dependent_depend.refobjid = dependent_class.oid
        and dependent_depend.classid = 'pg_rewrite'::regclass
        and dependent_depend.refclassid = 'pg_class'::regclass
        and dependent_depend.deptype = 'i'

    -- ... and via pg_depend (that has a row per column, hence the need for "distinct" above, and
    -- making sure to exclude the internal row to avoid a view appearing to depend on itself)...
    join pg_depend as joining_depend on joining_depend.objid = dependent_depend.objid
        and joining_depend.classid = 'pg_rewrite'::regclass
        and joining_depend.refclassid = 'pg_class'::regclass
        and joining_depend.refobjid != dependent_depend.refobjid

    -- ... we can find the tables they query from in pg_class, but excluding system tables. Note we
    -- don't need need to exclude _dependent_ system tables, because they only query from other
    -- system tables, and so are automatically excluded by excluding _referenced_ system tables
    join pg_class as referenced_class on referenced_class.oid = joining_depend.refobjid
    join pg_namespace as referenced_namespace on referenced_namespace.oid = referenced_class.relnamespace
        and referenced_namespace.nspname != 'information_schema'
        and referenced_namespace.nspname not like 'pg\_%'

    order by
        dependent_schema, dependent_name, referenced_schema, referenced_name;
[0m15:16:19.075203 [debug] [MainThread]: Opening a new connection, currently in state init
[0m15:16:19.116316 [debug] [MainThread]: SQL status: SELECT 0 in 0.041 seconds
[0m15:16:19.117352 [debug] [MainThread]: Sending event: {'category': 'dbt', 'action': 'runnable_timing', 'label': '0131cff2-96b0-408a-8d79-26eac59635b1', 'context': [<snowplow_tracker.self_describing_json.SelfDescribingJson object at 0x000001E70C060E20>]}
[0m15:16:19.117748 [debug] [MainThread]: On master: ROLLBACK
[0m15:16:19.118172 [debug] [MainThread]: On master: COMMIT
[0m15:16:19.118465 [debug] [MainThread]: Using postgres connection "master"
[0m15:16:19.118736 [debug] [MainThread]: On master: COMMIT
[0m15:16:19.119200 [debug] [MainThread]: SQL status: COMMIT in 0.000 seconds
[0m15:16:19.119494 [debug] [MainThread]: On master: Close
[0m15:16:19.123071 [debug] [Thread-1 (]: Began running node model.mon_projet_dbt.stg_periodes
[0m15:16:19.123602 [info ] [Thread-1 (]: 1 of 2 START sql view model observatoire_observatoire.stg_periodes ............. [RUN]
[0m15:16:19.124245 [debug] [Thread-1 (]: Acquiring new postgres connection 'model.mon_projet_dbt.stg_periodes'
[0m15:16:19.124629 [debug] [Thread-1 (]: Began compiling node model.mon_projet_dbt.stg_periodes
[0m15:16:19.130673 [debug] [Thread-1 (]: Writing injected SQL for node "model.mon_projet_dbt.stg_periodes"
[0m15:16:19.131518 [debug] [Thread-1 (]: Began executing node model.mon_projet_dbt.stg_periodes
[0m15:16:19.162924 [debug] [Thread-1 (]: Writing runtime sql for node "model.mon_projet_dbt.stg_periodes"
[0m15:16:19.164076 [debug] [Thread-1 (]: Using postgres connection "model.mon_projet_dbt.stg_periodes"
[0m15:16:19.164474 [debug] [Thread-1 (]: On model.mon_projet_dbt.stg_periodes: /* {"app": "dbt", "dbt_version": "1.12.0", "profile_name": "observatoire_sirene", "target_name": "dev", "node_id": "model.mon_projet_dbt.stg_periodes"} */

  create view "observatoire_sirene"."observatoire_observatoire"."stg_periodes__dbt_tmp"
    
    
  as (
    WITH source AS (

    SELECT

        CAST(siret AS VARCHAR) AS siret,

        CAST(dateDebut AS DATE) AS date_debut,

        CASE

            WHEN etatAdministratifEtablissement = 'A'
            THEN 'A'

            WHEN etatAdministratifEtablissement = 'F'
            THEN 'F'

            ELSE NULL

        END AS etat,


        CAST(codeCommuneEtablissement AS VARCHAR)
        AS code_commune,


        UPPER(
            libelleCommuneEtablissement
        )
        AS libelle_commune,


        CAST(
            activitePrincipaleEtablissement
            AS VARCHAR
        )
        AS code_ape,


        CAST(
            trancheEffectifsEtablissement
            AS VARCHAR
        )
        AS code_tranche



    FROM "observatoire_sirene"."public"."sirene_etablissement"


)


SELECT *

FROM source

WHERE siret IS NOT NULL

AND date_debut IS NOT NULL
  );
[0m15:16:19.164843 [debug] [Thread-1 (]: Opening a new connection, currently in state init
[0m15:16:19.205787 [debug] [Thread-1 (]: Postgres adapter: Postgres error: ERREUR:  la colonne « datedebut » n'existe pas
LINE 13:         CAST(dateDebut AS DATE) AS date_debut,
                      ^
HINT:  Peut-être que vous souhaitiez référencer la colonne « sirene_etablissement.dateDebut ».

[0m15:16:19.206232 [debug] [Thread-1 (]: On model.mon_projet_dbt.stg_periodes: ROLLBACK
[0m15:16:19.206758 [debug] [Thread-1 (]: On model.mon_projet_dbt.stg_periodes: Close
[0m15:16:19.213594 [debug] [Thread-1 (]: Database Error in model stg_periodes (models\staging\stg_periodes.sql)
  ERREUR:  la colonne « datedebut » n'existe pas
  LINE 13:         CAST(dateDebut AS DATE) AS date_debut,
                        ^
  HINT:  Peut-être que vous souhaitiez référencer la colonne « sirene_etablissement.dateDebut ».
  compiled code at target\run\mon_projet_dbt\models\staging\stg_periodes.sql
[0m15:16:19.215249 [debug] [Thread-1 (]: Sending event: {'category': 'dbt', 'action': 'run_model', 'label': '0131cff2-96b0-408a-8d79-26eac59635b1', 'context': [<snowplow_tracker.self_describing_json.SelfDescribingJson object at 0x000001E70C0C8350>]}
[0m15:16:19.215891 [error] [Thread-1 (]: 1 of 2 ERROR creating sql view model observatoire_observatoire.stg_periodes .... [[31mERROR[0m in 0.09s]
[0m15:16:19.216610 [debug] [Thread-1 (]: Finished running node model.mon_projet_dbt.stg_periodes
[0m15:16:19.217137 [debug] [Thread-7 (]: Marking all children of 'model.mon_projet_dbt.stg_periodes' to be skipped because of status 'error'.  Reason: Database Error in model stg_periodes (models\staging\stg_periodes.sql)
  ERREUR:  la colonne « datedebut » n'existe pas
  LINE 13:         CAST(dateDebut AS DATE) AS date_debut,
                        ^
  HINT:  Peut-être que vous souhaitiez référencer la colonne « sirene_etablissement.dateDebut ».
  compiled code at target\run\mon_projet_dbt\models\staging\stg_periodes.sql.
[0m15:16:19.218398 [debug] [Thread-2 (]: Began running node model.mon_projet_dbt.dim_commune
[0m15:16:19.218789 [info ] [Thread-2 (]: 2 of 2 SKIP relation observatoire_observatoire.dim_commune ..................... [[33mSKIP[0m]
[0m15:16:19.219299 [debug] [Thread-2 (]: Finished running node model.mon_projet_dbt.dim_commune
[0m15:16:19.220547 [debug] [MainThread]: On master: COMMIT
[0m15:16:19.220839 [debug] [MainThread]: Using postgres connection "master"
[0m15:16:19.221104 [debug] [MainThread]: On master: COMMIT
[0m15:16:19.221359 [debug] [MainThread]: Opening a new connection, currently in state closed
[0m15:16:19.262647 [debug] [MainThread]: SQL status: COMMIT in 0.041 seconds
[0m15:16:19.263022 [debug] [MainThread]: On master: Close
[0m15:16:19.263471 [debug] [MainThread]: Connection 'master' was properly closed.
[0m15:16:19.263733 [debug] [MainThread]: Connection 'list_observatoire_sirene' was properly closed.
[0m15:16:19.264013 [debug] [MainThread]: Connection 'list_observatoire_sirene_observatoire' was properly closed.
[0m15:16:19.264283 [debug] [MainThread]: Connection 'list_observatoire_sirene_observatoire_observatoire' was properly closed.
[0m15:16:19.264525 [debug] [MainThread]: Connection 'model.mon_projet_dbt.stg_periodes' was properly closed.
[0m15:16:19.264861 [info ] [MainThread]: 
[0m15:16:19.265394 [info ] [MainThread]: Finished running 1 table model, 1 view model in 0 hours 0 minutes and 0.37 seconds (0.37s).
[0m15:16:19.266386 [debug] [MainThread]: Command end result
[0m15:16:19.297600 [debug] [MainThread]: Wrote artifact WritableManifest to C:\Users\Utilisateur\Documents\courses\observatoire_sirene\mon_projet_dbt\target\manifest.json
[0m15:16:19.300894 [debug] [MainThread]: Wrote artifact SemanticManifest to C:\Users\Utilisateur\Documents\courses\observatoire_sirene\mon_projet_dbt\target\semantic_manifest.json
[0m15:16:19.303810 [debug] [MainThread]: Wrote artifact OsiDocument to C:\Users\Utilisateur\Documents\courses\observatoire_sirene\mon_projet_dbt\target\osi_document.json
[0m15:16:19.311056 [debug] [MainThread]: Wrote artifact RunExecutionResult to C:\Users\Utilisateur\Documents\courses\observatoire_sirene\mon_projet_dbt\target\run_results.json
[0m15:16:19.311384 [info ] [MainThread]: 
[0m15:16:19.311909 [info ] [MainThread]: [31mCompleted with 1 error, 0 partial successes, and 0 warnings:[0m
[0m15:16:19.312333 [info ] [MainThread]: 
[0m15:16:19.312807 [error] [MainThread]: [[31mERROR[0m]: in model stg_periodes (models\staging\stg_periodes.sql)
[0m15:16:19.313241 [error] [MainThread]:   Database Error in model stg_periodes (models\staging\stg_periodes.sql)
  ERREUR:  la colonne « datedebut » n'existe pas
  LINE 13:         CAST(dateDebut AS DATE) AS date_debut,
                        ^
  HINT:  Peut-être que vous souhaitiez référencer la colonne « sirene_etablissement.dateDebut ».
  compiled code at target\run\mon_projet_dbt\models\staging\stg_periodes.sql
[0m15:16:19.313623 [info ] [MainThread]: 
[0m15:16:19.314024 [info ] [MainThread]:   compiled code at target\compiled\mon_projet_dbt\models\staging\stg_periodes.sql
[0m15:16:19.314414 [info ] [MainThread]: 
[0m15:16:19.314901 [info ] [MainThread]: Done. PASS=0 WARN=0 ERROR=1 SKIP=1 NO-OP=0 REUSED=0 TOTAL=2
[0m15:16:19.315804 [debug] [MainThread]: Command `dbt run` failed at 15:16:19.315697 after 2.34 seconds
[0m15:16:19.316161 [debug] [MainThread]: Sending event: {'category': 'dbt', 'action': 'invocation', 'label': 'end', 'context': [<snowplow_tracker.self_describing_json.SelfDescribingJson object at 0x000001E70C0B7C20>, <snowplow_tracker.self_describing_json.SelfDescribingJson object at 0x000001E70BC52350>, <snowplow_tracker.self_describing_json.SelfDescribingJson object at 0x000001E70C0F9090>]}
[0m15:16:19.316499 [debug] [MainThread]: Flushing usage events
[0m15:16:20.074442 [debug] [MainThread]: An error was encountered while trying to flush usage events
[0m15:19:03.296761 [debug] [MainThread]: Sending event: {'category': 'dbt', 'action': 'invocation', 'label': 'start', 'context': [<snowplow_tracker.self_describing_json.SelfDescribingJson object at 0x0000026DA87F0980>, <snowplow_tracker.self_describing_json.SelfDescribingJson object at 0x0000026DA60DCCD0>, <snowplow_tracker.self_describing_json.SelfDescribingJson object at 0x0000026DAB0539D0>]}


============================== 15:19:03.300038 | 3729b69e-d035-4a36-bf79-288295b1561e ==============================
[0m15:19:03.300038 [info ] [MainThread]: Running with dbt=1.12.0
[0m15:19:03.300622 [debug] [MainThread]: running dbt with arguments {'version_check': 'True', 'no_print': 'None', 'static_parser': 'True', 'target_path': 'None', 'warn_error_options': 'WarnErrorOptionsV2(error=[], warn=[], silence=[])', 'maximum_seed_size_mib': '1', 'printer_width': '80', 'write_json': 'True', 'empty': 'False', 'log_cache_events': 'False', 'introspect': 'True', 'cache_selected_only': 'False', 'log_format': 'default', 'debug': 'False', 'fail_fast': 'False', 'partial_parse': 'True', 'send_anonymous_usage_stats': 'True', 'quiet': 'False', 'warn_error': 'None', 'profiles_dir': 'C:\\Users\\Utilisateur\\Documents\\courses\\observatoire_sirene\\mon_projet_dbt', 'invocation_command': 'dbt run --select stg_periodes', 'hints_enabled': 'True', 'use_colors': 'True', 'use_experimental_parser': 'False', 'indirect_selection': 'eager', 'log_path': 'C:\\Users\\Utilisateur\\Documents\\courses\\observatoire_sirene\\mon_projet_dbt\\logs'}
[0m15:19:03.475581 [debug] [MainThread]: Sending event: {'category': 'dbt', 'action': 'project_id', 'label': '3729b69e-d035-4a36-bf79-288295b1561e', 'context': [<snowplow_tracker.self_describing_json.SelfDescribingJson object at 0x0000026DAAFFDE00>]}
[0m15:19:03.543752 [debug] [MainThread]: Sending event: {'category': 'dbt', 'action': 'adapter_info', 'label': '3729b69e-d035-4a36-bf79-288295b1561e', 'context': [<snowplow_tracker.self_describing_json.SelfDescribingJson object at 0x0000026DA686EF10>]}
[0m15:19:03.544830 [info ] [MainThread]: Registered adapter: postgres=1.11.0
[0m15:19:03.792247 [debug] [MainThread]: checksum: 60d4e7c5581444e26d365e42f856ff9ef6ae34e9f453452ecad212ad268af85c, vars: {}, profile: observatoire_sirene, target: dev, version: 1.12.0
[0m15:19:03.978275 [debug] [MainThread]: Partial parsing enabled: 0 files deleted, 0 files added, 1 files changed.
[0m15:19:03.978799 [debug] [MainThread]: Partial parsing: updated file: mon_projet_dbt://models\staging\stg_periodes.sql
[0m15:19:04.321049 [debug] [MainThread]: Sending event: {'category': 'dbt', 'action': 'load_project', 'label': '3729b69e-d035-4a36-bf79-288295b1561e', 'context': [<snowplow_tracker.self_describing_json.SelfDescribingJson object at 0x0000026DAB5DDD50>]}
[0m15:19:04.445483 [debug] [MainThread]: Wrote artifact WritableManifest to C:\Users\Utilisateur\Documents\courses\observatoire_sirene\mon_projet_dbt\target\manifest.json
[0m15:19:04.448526 [debug] [MainThread]: Wrote artifact SemanticManifest to C:\Users\Utilisateur\Documents\courses\observatoire_sirene\mon_projet_dbt\target\semantic_manifest.json
[0m15:19:04.465807 [debug] [MainThread]: Wrote artifact OsiDocument to C:\Users\Utilisateur\Documents\courses\observatoire_sirene\mon_projet_dbt\target\osi_document.json
[0m15:19:04.474261 [debug] [MainThread]: Sending event: {'category': 'dbt', 'action': 'resource_counts', 'label': '3729b69e-d035-4a36-bf79-288295b1561e', 'context': [<snowplow_tracker.self_describing_json.SelfDescribingJson object at 0x0000026DABADA120>]}
[0m15:19:04.474728 [info ] [MainThread]: Found 1 seed, 2 models, 1 snapshot, 3 data tests, 2 sources, 477 macros
[0m15:19:04.475285 [debug] [MainThread]: Sending event: {'category': 'dbt', 'action': 'runnable_timing', 'label': '3729b69e-d035-4a36-bf79-288295b1561e', 'context': [<snowplow_tracker.self_describing_json.SelfDescribingJson object at 0x0000026DABB62190>]}
[0m15:19:04.477001 [info ] [MainThread]: 
[0m15:19:04.477474 [info ] [MainThread]: Concurrency: 4 threads (target='dev')
[0m15:19:04.477906 [info ] [MainThread]: 
[0m15:19:04.478709 [debug] [MainThread]: Acquiring new postgres connection 'master'
[0m15:19:04.480300 [debug] [ThreadPool]: Acquiring new postgres connection 'list_observatoire_sirene'
[0m15:19:04.543504 [debug] [ThreadPool]: Using postgres connection "list_observatoire_sirene"
[0m15:19:04.543860 [debug] [ThreadPool]: On list_observatoire_sirene: /* {"app": "dbt", "dbt_version": "1.12.0", "profile_name": "observatoire_sirene", "target_name": "dev", "connection_name": "list_observatoire_sirene"} */

    select distinct nspname from pg_namespace
  
[0m15:19:04.544134 [debug] [ThreadPool]: Opening a new connection, currently in state init
[0m15:19:04.594209 [debug] [ThreadPool]: SQL status: SELECT 6 in 0.050 seconds
[0m15:19:04.595600 [debug] [ThreadPool]: On list_observatoire_sirene: Close
[0m15:19:04.600388 [debug] [ThreadPool]: Acquiring new postgres connection 'list_observatoire_sirene_observatoire_observatoire'
[0m15:19:04.605245 [debug] [ThreadPool]: Using postgres connection "list_observatoire_sirene_observatoire_observatoire"
[0m15:19:04.605617 [debug] [ThreadPool]: On list_observatoire_sirene_observatoire_observatoire: /* {"app": "dbt", "dbt_version": "1.12.0", "profile_name": "observatoire_sirene", "target_name": "dev", "connection_name": "list_observatoire_sirene_observatoire_observatoire"} */
select
      'observatoire_sirene' as database,
      tablename as name,
      schemaname as schema,
      'table' as type
    from pg_tables
    where schemaname ilike 'observatoire_observatoire'
    union all
    select
      'observatoire_sirene' as database,
      viewname as name,
      schemaname as schema,
      'view' as type
    from pg_views
    where schemaname ilike 'observatoire_observatoire'
    union all
    select
      'observatoire_sirene' as database,
      matviewname as name,
      schemaname as schema,
      'materialized_view' as type
    from pg_matviews
    where schemaname ilike 'observatoire_observatoire'
    union all
    select distinct
     'observatoire_sirene' as database,
     proname as name,
     ns.nspname as schema,
     'function' as type
    from pg_proc
     join pg_namespace as ns on pronamespace = ns.oid
    where ns.nspname ilike 'observatoire_observatoire'
  
[0m15:19:04.606447 [debug] [ThreadPool]: Opening a new connection, currently in state init
[0m15:19:04.606171 [debug] [ThreadPool]: Acquiring new postgres connection 'list_observatoire_sirene_observatoire'
[0m15:19:04.607890 [debug] [ThreadPool]: Using postgres connection "list_observatoire_sirene_observatoire"
[0m15:19:04.608272 [debug] [ThreadPool]: On list_observatoire_sirene_observatoire: /* {"app": "dbt", "dbt_version": "1.12.0", "profile_name": "observatoire_sirene", "target_name": "dev", "connection_name": "list_observatoire_sirene_observatoire"} */
select
      'observatoire_sirene' as database,
      tablename as name,
      schemaname as schema,
      'table' as type
    from pg_tables
    where schemaname ilike 'observatoire'
    union all
    select
      'observatoire_sirene' as database,
      viewname as name,
      schemaname as schema,
      'view' as type
    from pg_views
    where schemaname ilike 'observatoire'
    union all
    select
      'observatoire_sirene' as database,
      matviewname as name,
      schemaname as schema,
      'materialized_view' as type
    from pg_matviews
    where schemaname ilike 'observatoire'
    union all
    select distinct
     'observatoire_sirene' as database,
     proname as name,
     ns.nspname as schema,
     'function' as type
    from pg_proc
     join pg_namespace as ns on pronamespace = ns.oid
    where ns.nspname ilike 'observatoire'
  
[0m15:19:04.608622 [debug] [ThreadPool]: Opening a new connection, currently in state init
[0m15:19:04.655740 [debug] [ThreadPool]: SQL status: SELECT 0 in 0.049 seconds
[0m15:19:04.656842 [debug] [ThreadPool]: On list_observatoire_sirene_observatoire_observatoire: ROLLBACK
[0m15:19:04.657184 [debug] [ThreadPool]: SQL status: SELECT 5 in 0.049 seconds
[0m15:19:04.658222 [debug] [ThreadPool]: On list_observatoire_sirene_observatoire: ROLLBACK
[0m15:19:04.658547 [debug] [ThreadPool]: On list_observatoire_sirene_observatoire_observatoire: Close
[0m15:19:04.658869 [debug] [ThreadPool]: On list_observatoire_sirene_observatoire: Close
[0m15:19:04.663902 [debug] [MainThread]: Using postgres connection "master"
[0m15:19:04.664325 [debug] [MainThread]: On master: /* {"app": "dbt", "dbt_version": "1.12.0", "profile_name": "observatoire_sirene", "target_name": "dev", "connection_name": "master"} */
select distinct
        dependent_namespace.nspname as dependent_schema,
        dependent_class.relname as dependent_name,
        referenced_namespace.nspname as referenced_schema,
        referenced_class.relname as referenced_name

    -- Query for views: views are entries in pg_class with an entry in pg_rewrite, but we avoid
    -- a seq scan on pg_rewrite by leveraging the fact there is an "internal" row in pg_depend for
    -- the view...
    from pg_class as dependent_class
    join pg_namespace as dependent_namespace on dependent_namespace.oid = dependent_class.relnamespace
    join pg_depend as dependent_depend on dependent_depend.refobjid = dependent_class.oid
        and dependent_depend.classid = 'pg_rewrite'::regclass
        and dependent_depend.refclassid = 'pg_class'::regclass
        and dependent_depend.deptype = 'i'

    -- ... and via pg_depend (that has a row per column, hence the need for "distinct" above, and
    -- making sure to exclude the internal row to avoid a view appearing to depend on itself)...
    join pg_depend as joining_depend on joining_depend.objid = dependent_depend.objid
        and joining_depend.classid = 'pg_rewrite'::regclass
        and joining_depend.refclassid = 'pg_class'::regclass
        and joining_depend.refobjid != dependent_depend.refobjid

    -- ... we can find the tables they query from in pg_class, but excluding system tables. Note we
    -- don't need need to exclude _dependent_ system tables, because they only query from other
    -- system tables, and so are automatically excluded by excluding _referenced_ system tables
    join pg_class as referenced_class on referenced_class.oid = joining_depend.refobjid
    join pg_namespace as referenced_namespace on referenced_namespace.oid = referenced_class.relnamespace
        and referenced_namespace.nspname != 'information_schema'
        and referenced_namespace.nspname not like 'pg\_%'

    order by
        dependent_schema, dependent_name, referenced_schema, referenced_name;
[0m15:19:04.664693 [debug] [MainThread]: Opening a new connection, currently in state init
[0m15:19:04.834010 [debug] [MainThread]: SQL status: SELECT 0 in 0.169 seconds
[0m15:19:04.835092 [debug] [MainThread]: Sending event: {'category': 'dbt', 'action': 'runnable_timing', 'label': '3729b69e-d035-4a36-bf79-288295b1561e', 'context': [<snowplow_tracker.self_describing_json.SelfDescribingJson object at 0x0000026DABD1F520>]}
[0m15:19:04.835505 [debug] [MainThread]: On master: ROLLBACK
[0m15:19:04.835926 [debug] [MainThread]: On master: COMMIT
[0m15:19:04.836205 [debug] [MainThread]: Using postgres connection "master"
[0m15:19:04.836469 [debug] [MainThread]: On master: COMMIT
[0m15:19:04.836928 [debug] [MainThread]: SQL status: COMMIT in 0.000 seconds
[0m15:19:04.837219 [debug] [MainThread]: On master: Close
[0m15:19:04.840949 [debug] [Thread-1 (]: Began running node model.mon_projet_dbt.stg_periodes
[0m15:19:04.841486 [info ] [Thread-1 (]: 1 of 1 START sql view model observatoire_observatoire.stg_periodes ............. [RUN]
[0m15:19:04.842177 [debug] [Thread-1 (]: Acquiring new postgres connection 'model.mon_projet_dbt.stg_periodes'
[0m15:19:04.842541 [debug] [Thread-1 (]: Began compiling node model.mon_projet_dbt.stg_periodes
[0m15:19:04.848481 [debug] [Thread-1 (]: Writing injected SQL for node "model.mon_projet_dbt.stg_periodes"
[0m15:19:04.849279 [debug] [Thread-1 (]: Began executing node model.mon_projet_dbt.stg_periodes
[0m15:19:04.881109 [debug] [Thread-1 (]: Writing runtime sql for node "model.mon_projet_dbt.stg_periodes"
[0m15:19:04.882376 [debug] [Thread-1 (]: Using postgres connection "model.mon_projet_dbt.stg_periodes"
[0m15:19:04.882777 [debug] [Thread-1 (]: On model.mon_projet_dbt.stg_periodes: /* {"app": "dbt", "dbt_version": "1.12.0", "profile_name": "observatoire_sirene", "target_name": "dev", "node_id": "model.mon_projet_dbt.stg_periodes"} */

  create view "observatoire_sirene"."observatoire_observatoire"."stg_periodes__dbt_tmp"
    
    
  as (
    WITH source AS (

    SELECT *
    FROM "observatoire_sirene"."public"."sirene_etablissement"

),

clean AS (

    SELECT

        CAST("siret" AS VARCHAR(14)) AS siret,

        CAST("dateDebut" AS DATE) AS date_debut,

        CAST("dateFin" AS DATE) AS date_fin,

        CASE
            WHEN "etatAdministratifEtablissement" = 'A'
                THEN 'A'
            WHEN "etatAdministratifEtablissement" = 'F'
                THEN 'F'
            ELSE 'A'
        END AS etat,

        CAST("activitePrincipaleEtablissement" AS VARCHAR)
            AS code_ape,

        CAST("nomenclatureActivitePrincipaleEtablissement" AS VARCHAR)
            AS nomenclature_ape,

        CAST("codeCommuneEtablissement" AS VARCHAR(5))
            AS code_commune,

        UPPER("libelleCommuneEtablissement")
            AS libelle_commune,

        CAST("trancheEffectifsEtablissement" AS VARCHAR)
            AS code_tranche


    FROM source

    WHERE "dateDebut" IS NOT NULL
)

SELECT *

FROM clean
  );
[0m15:19:04.883137 [debug] [Thread-1 (]: Opening a new connection, currently in state init
[0m15:19:04.932280 [debug] [Thread-1 (]: SQL status: CREATE VIEW in 0.049 seconds
[0m15:19:04.937209 [debug] [Thread-1 (]: Using postgres connection "model.mon_projet_dbt.stg_periodes"
[0m15:19:04.937563 [debug] [Thread-1 (]: On model.mon_projet_dbt.stg_periodes: /* {"app": "dbt", "dbt_version": "1.12.0", "profile_name": "observatoire_sirene", "target_name": "dev", "node_id": "model.mon_projet_dbt.stg_periodes"} */
alter table "observatoire_sirene"."observatoire_observatoire"."stg_periodes__dbt_tmp" rename to "stg_periodes"
[0m15:19:04.938441 [debug] [Thread-1 (]: SQL status: ALTER TABLE in 0.001 seconds
[0m15:19:04.953202 [debug] [Thread-1 (]: On model.mon_projet_dbt.stg_periodes: COMMIT
[0m15:19:04.953579 [debug] [Thread-1 (]: Using postgres connection "model.mon_projet_dbt.stg_periodes"
[0m15:19:04.953901 [debug] [Thread-1 (]: On model.mon_projet_dbt.stg_periodes: COMMIT
[0m15:19:04.955294 [debug] [Thread-1 (]: SQL status: COMMIT in 0.001 seconds
[0m15:19:04.960248 [debug] [Thread-1 (]: Applying DROP to: "observatoire_sirene"."observatoire_observatoire"."stg_periodes__dbt_backup"
[0m15:19:04.965272 [debug] [Thread-1 (]: Using postgres connection "model.mon_projet_dbt.stg_periodes"
[0m15:19:04.965627 [debug] [Thread-1 (]: On model.mon_projet_dbt.stg_periodes: /* {"app": "dbt", "dbt_version": "1.12.0", "profile_name": "observatoire_sirene", "target_name": "dev", "node_id": "model.mon_projet_dbt.stg_periodes"} */
drop view if exists "observatoire_sirene"."observatoire_observatoire"."stg_periodes__dbt_backup" cascade
[0m15:19:04.967160 [debug] [Thread-1 (]: SQL status: DROP VIEW in 0.001 seconds
[0m15:19:04.969249 [debug] [Thread-1 (]: On model.mon_projet_dbt.stg_periodes: Close
[0m15:19:04.971051 [debug] [Thread-1 (]: Sending event: {'category': 'dbt', 'action': 'run_model', 'label': '3729b69e-d035-4a36-bf79-288295b1561e', 'context': [<snowplow_tracker.self_describing_json.SelfDescribingJson object at 0x0000026DABAFA810>]}
[0m15:19:04.971824 [info ] [Thread-1 (]: 1 of 1 OK created sql view model observatoire_observatoire.stg_periodes ........ [[32mCREATE VIEW[0m in 0.13s]
[0m15:19:04.972698 [debug] [Thread-1 (]: Finished running node model.mon_projet_dbt.stg_periodes
[0m15:19:04.974450 [debug] [MainThread]: On master: COMMIT
[0m15:19:04.974882 [debug] [MainThread]: Using postgres connection "master"
[0m15:19:04.975279 [debug] [MainThread]: On master: COMMIT
[0m15:19:04.975547 [debug] [MainThread]: Opening a new connection, currently in state closed
[0m15:19:05.014446 [debug] [MainThread]: SQL status: COMMIT in 0.039 seconds
[0m15:19:05.014840 [debug] [MainThread]: On master: Close
[0m15:19:05.015295 [debug] [MainThread]: Connection 'master' was properly closed.
[0m15:19:05.015559 [debug] [MainThread]: Connection 'list_observatoire_sirene' was properly closed.
[0m15:19:05.015842 [debug] [MainThread]: Connection 'list_observatoire_sirene_observatoire_observatoire' was properly closed.
[0m15:19:05.016136 [debug] [MainThread]: Connection 'list_observatoire_sirene_observatoire' was properly closed.
[0m15:19:05.016378 [debug] [MainThread]: Connection 'model.mon_projet_dbt.stg_periodes' was properly closed.
[0m15:19:05.016669 [info ] [MainThread]: 
[0m15:19:05.017137 [info ] [MainThread]: Finished running 1 view model in 0 hours 0 minutes and 0.54 seconds (0.54s).
[0m15:19:05.018006 [debug] [MainThread]: Command end result
[0m15:19:05.049127 [debug] [MainThread]: Wrote artifact WritableManifest to C:\Users\Utilisateur\Documents\courses\observatoire_sirene\mon_projet_dbt\target\manifest.json
[0m15:19:05.052110 [debug] [MainThread]: Wrote artifact SemanticManifest to C:\Users\Utilisateur\Documents\courses\observatoire_sirene\mon_projet_dbt\target\semantic_manifest.json
[0m15:19:05.055464 [debug] [MainThread]: Wrote artifact OsiDocument to C:\Users\Utilisateur\Documents\courses\observatoire_sirene\mon_projet_dbt\target\osi_document.json
[0m15:19:05.062701 [debug] [MainThread]: Wrote artifact RunExecutionResult to C:\Users\Utilisateur\Documents\courses\observatoire_sirene\mon_projet_dbt\target\run_results.json
[0m15:19:05.063025 [info ] [MainThread]: 
[0m15:19:05.063628 [info ] [MainThread]: [32mCompleted successfully[0m
[0m15:19:05.064191 [info ] [MainThread]: 
[0m15:19:05.064633 [info ] [MainThread]: Done. PASS=1 WARN=0 ERROR=0 SKIP=0 NO-OP=0 REUSED=0 TOTAL=1
[0m15:19:05.065506 [debug] [MainThread]: Command `dbt run` succeeded at 15:19:05.065404 after 1.91 seconds
[0m15:19:05.065886 [debug] [MainThread]: Sending event: {'category': 'dbt', 'action': 'invocation', 'label': 'end', 'context': [<snowplow_tracker.self_describing_json.SelfDescribingJson object at 0x0000026DAC2F0B50>, <snowplow_tracker.self_describing_json.SelfDescribingJson object at 0x0000026DAB978B90>, <snowplow_tracker.self_describing_json.SelfDescribingJson object at 0x0000026DA4C95130>]}
[0m15:19:05.066225 [debug] [MainThread]: Flushing usage events
[0m15:19:05.730634 [debug] [MainThread]: An error was encountered while trying to flush usage events
[0m15:55:19.629138 [debug] [MainThread]: Sending event: {'category': 'dbt', 'action': 'invocation', 'label': 'start', 'context': [<snowplow_tracker.self_describing_json.SelfDescribingJson object at 0x000001CE5E700980>, <snowplow_tracker.self_describing_json.SelfDescribingJson object at 0x000001CE5C000B90>, <snowplow_tracker.self_describing_json.SelfDescribingJson object at 0x000001CE60F639D0>]}


============================== 15:55:19.632674 | 17e0ad27-09b0-42ae-b2b7-92f30c5fb3b9 ==============================
[0m15:55:19.632674 [info ] [MainThread]: Running with dbt=1.12.0
[0m15:55:19.633274 [debug] [MainThread]: running dbt with arguments {'version_check': 'True', 'no_print': 'None', 'static_parser': 'True', 'target_path': 'None', 'warn_error_options': 'WarnErrorOptionsV2(error=[], warn=[], silence=[])', 'maximum_seed_size_mib': '1', 'printer_width': '80', 'write_json': 'True', 'empty': 'False', 'log_cache_events': 'False', 'introspect': 'True', 'cache_selected_only': 'False', 'log_format': 'default', 'debug': 'False', 'fail_fast': 'False', 'profiles_dir': 'C:\\Users\\Utilisateur\\Documents\\courses\\observatoire_sirene\\mon_projet_dbt', 'send_anonymous_usage_stats': 'True', 'quiet': 'False', 'warn_error': 'None', 'partial_parse': 'True', 'use_colors': 'True', 'hints_enabled': 'True', 'invocation_command': 'dbt run --select stg_periodes', 'use_experimental_parser': 'False', 'indirect_selection': 'eager', 'log_path': 'C:\\Users\\Utilisateur\\Documents\\courses\\observatoire_sirene\\mon_projet_dbt\\logs'}
[0m15:55:19.810972 [debug] [MainThread]: Sending event: {'category': 'dbt', 'action': 'project_id', 'label': '17e0ad27-09b0-42ae-b2b7-92f30c5fb3b9', 'context': [<snowplow_tracker.self_describing_json.SelfDescribingJson object at 0x000001CE60F0DE00>]}
[0m15:55:19.879063 [debug] [MainThread]: Sending event: {'category': 'dbt', 'action': 'adapter_info', 'label': '17e0ad27-09b0-42ae-b2b7-92f30c5fb3b9', 'context': [<snowplow_tracker.self_describing_json.SelfDescribingJson object at 0x000001CE5C78EF10>]}
[0m15:55:19.880213 [info ] [MainThread]: Registered adapter: postgres=1.11.0
[0m15:55:20.164320 [debug] [MainThread]: checksum: 60d4e7c5581444e26d365e42f856ff9ef6ae34e9f453452ecad212ad268af85c, vars: {}, profile: observatoire_sirene, target: dev, version: 1.12.0
[0m15:55:20.345264 [debug] [MainThread]: Partial parsing enabled: 0 files deleted, 0 files added, 2 files changed.
[0m15:55:20.345996 [debug] [MainThread]: Partial parsing: updated file: mon_projet_dbt://models\sources.yml
[0m15:55:20.346317 [debug] [MainThread]: Partial parsing: updated file: mon_projet_dbt://models\staging\stg_periodes.sql
[0m15:55:21.269768 [debug] [MainThread]: Sending event: {'category': 'dbt', 'action': 'load_project', 'label': '17e0ad27-09b0-42ae-b2b7-92f30c5fb3b9', 'context': [<snowplow_tracker.self_describing_json.SelfDescribingJson object at 0x000001CE61AC9950>]}
[0m15:55:21.391583 [debug] [MainThread]: Wrote artifact WritableManifest to C:\Users\Utilisateur\Documents\courses\observatoire_sirene\mon_projet_dbt\target\manifest.json
[0m15:55:21.394895 [debug] [MainThread]: Wrote artifact SemanticManifest to C:\Users\Utilisateur\Documents\courses\observatoire_sirene\mon_projet_dbt\target\semantic_manifest.json
[0m15:55:21.413435 [debug] [MainThread]: Wrote artifact OsiDocument to C:\Users\Utilisateur\Documents\courses\observatoire_sirene\mon_projet_dbt\target\osi_document.json
[0m15:55:21.422327 [debug] [MainThread]: Sending event: {'category': 'dbt', 'action': 'resource_counts', 'label': '17e0ad27-09b0-42ae-b2b7-92f30c5fb3b9', 'context': [<snowplow_tracker.self_describing_json.SelfDescribingJson object at 0x000001CE62E53110>]}
[0m15:55:21.422735 [info ] [MainThread]: Found 1 seed, 2 models, 1 snapshot, 3 data tests, 2 sources, 477 macros
[0m15:55:21.423201 [debug] [MainThread]: Sending event: {'category': 'dbt', 'action': 'runnable_timing', 'label': '17e0ad27-09b0-42ae-b2b7-92f30c5fb3b9', 'context': [<snowplow_tracker.self_describing_json.SelfDescribingJson object at 0x000001CE62E7DEF0>]}
[0m15:55:21.424758 [info ] [MainThread]: 
[0m15:55:21.425204 [info ] [MainThread]: Concurrency: 4 threads (target='dev')
[0m15:55:21.425556 [info ] [MainThread]: 
[0m15:55:21.426054 [debug] [MainThread]: Acquiring new postgres connection 'master'
[0m15:55:21.426911 [debug] [ThreadPool]: Acquiring new postgres connection 'list_observatoire_sirene'
[0m15:55:21.501157 [debug] [ThreadPool]: Using postgres connection "list_observatoire_sirene"
[0m15:55:21.501568 [debug] [ThreadPool]: On list_observatoire_sirene: /* {"app": "dbt", "dbt_version": "1.12.0", "profile_name": "observatoire_sirene", "target_name": "dev", "connection_name": "list_observatoire_sirene"} */

    select distinct nspname from pg_namespace
  
[0m15:55:21.501870 [debug] [ThreadPool]: Opening a new connection, currently in state init
[0m15:55:21.676566 [debug] [ThreadPool]: SQL status: SELECT 6 in 0.175 seconds
[0m15:55:21.677955 [debug] [ThreadPool]: On list_observatoire_sirene: Close
[0m15:55:21.683004 [debug] [ThreadPool]: Acquiring new postgres connection 'list_observatoire_sirene_observatoire_observatoire'
[0m15:55:21.687566 [debug] [ThreadPool]: Using postgres connection "list_observatoire_sirene_observatoire_observatoire"
[0m15:55:21.687901 [debug] [ThreadPool]: On list_observatoire_sirene_observatoire_observatoire: /* {"app": "dbt", "dbt_version": "1.12.0", "profile_name": "observatoire_sirene", "target_name": "dev", "connection_name": "list_observatoire_sirene_observatoire_observatoire"} */
select
      'observatoire_sirene' as database,
      tablename as name,
      schemaname as schema,
      'table' as type
    from pg_tables
    where schemaname ilike 'observatoire_observatoire'
    union all
    select
      'observatoire_sirene' as database,
      viewname as name,
      schemaname as schema,
      'view' as type
    from pg_views
    where schemaname ilike 'observatoire_observatoire'
    union all
    select
      'observatoire_sirene' as database,
      matviewname as name,
      schemaname as schema,
      'materialized_view' as type
    from pg_matviews
    where schemaname ilike 'observatoire_observatoire'
    union all
    select distinct
     'observatoire_sirene' as database,
     proname as name,
     ns.nspname as schema,
     'function' as type
    from pg_proc
     join pg_namespace as ns on pronamespace = ns.oid
    where ns.nspname ilike 'observatoire_observatoire'
  
[0m15:55:21.688203 [debug] [ThreadPool]: Opening a new connection, currently in state init
[0m15:55:21.689093 [debug] [ThreadPool]: Acquiring new postgres connection 'list_observatoire_sirene_observatoire'
[0m15:55:21.690721 [debug] [ThreadPool]: Using postgres connection "list_observatoire_sirene_observatoire"
[0m15:55:21.691228 [debug] [ThreadPool]: On list_observatoire_sirene_observatoire: /* {"app": "dbt", "dbt_version": "1.12.0", "profile_name": "observatoire_sirene", "target_name": "dev", "connection_name": "list_observatoire_sirene_observatoire"} */
select
      'observatoire_sirene' as database,
      tablename as name,
      schemaname as schema,
      'table' as type
    from pg_tables
    where schemaname ilike 'observatoire'
    union all
    select
      'observatoire_sirene' as database,
      viewname as name,
      schemaname as schema,
      'view' as type
    from pg_views
    where schemaname ilike 'observatoire'
    union all
    select
      'observatoire_sirene' as database,
      matviewname as name,
      schemaname as schema,
      'materialized_view' as type
    from pg_matviews
    where schemaname ilike 'observatoire'
    union all
    select distinct
     'observatoire_sirene' as database,
     proname as name,
     ns.nspname as schema,
     'function' as type
    from pg_proc
     join pg_namespace as ns on pronamespace = ns.oid
    where ns.nspname ilike 'observatoire'
  
[0m15:55:21.691717 [debug] [ThreadPool]: Opening a new connection, currently in state init
[0m15:55:21.738325 [debug] [ThreadPool]: SQL status: SELECT 1 in 0.050 seconds
[0m15:55:21.739501 [debug] [ThreadPool]: On list_observatoire_sirene_observatoire_observatoire: ROLLBACK
[0m15:55:21.739946 [debug] [ThreadPool]: On list_observatoire_sirene_observatoire_observatoire: Close
[0m15:55:21.740272 [debug] [ThreadPool]: SQL status: SELECT 5 in 0.049 seconds
[0m15:55:21.741367 [debug] [ThreadPool]: On list_observatoire_sirene_observatoire: ROLLBACK
[0m15:55:21.741898 [debug] [ThreadPool]: On list_observatoire_sirene_observatoire: Close
[0m15:55:21.746815 [debug] [MainThread]: Using postgres connection "master"
[0m15:55:21.747219 [debug] [MainThread]: On master: /* {"app": "dbt", "dbt_version": "1.12.0", "profile_name": "observatoire_sirene", "target_name": "dev", "connection_name": "master"} */
select distinct
        dependent_namespace.nspname as dependent_schema,
        dependent_class.relname as dependent_name,
        referenced_namespace.nspname as referenced_schema,
        referenced_class.relname as referenced_name

    -- Query for views: views are entries in pg_class with an entry in pg_rewrite, but we avoid
    -- a seq scan on pg_rewrite by leveraging the fact there is an "internal" row in pg_depend for
    -- the view...
    from pg_class as dependent_class
    join pg_namespace as dependent_namespace on dependent_namespace.oid = dependent_class.relnamespace
    join pg_depend as dependent_depend on dependent_depend.refobjid = dependent_class.oid
        and dependent_depend.classid = 'pg_rewrite'::regclass
        and dependent_depend.refclassid = 'pg_class'::regclass
        and dependent_depend.deptype = 'i'

    -- ... and via pg_depend (that has a row per column, hence the need for "distinct" above, and
    -- making sure to exclude the internal row to avoid a view appearing to depend on itself)...
    join pg_depend as joining_depend on joining_depend.objid = dependent_depend.objid
        and joining_depend.classid = 'pg_rewrite'::regclass
        and joining_depend.refclassid = 'pg_class'::regclass
        and joining_depend.refobjid != dependent_depend.refobjid

    -- ... we can find the tables they query from in pg_class, but excluding system tables. Note we
    -- don't need need to exclude _dependent_ system tables, because they only query from other
    -- system tables, and so are automatically excluded by excluding _referenced_ system tables
    join pg_class as referenced_class on referenced_class.oid = joining_depend.refobjid
    join pg_namespace as referenced_namespace on referenced_namespace.oid = referenced_class.relnamespace
        and referenced_namespace.nspname != 'information_schema'
        and referenced_namespace.nspname not like 'pg\_%'

    order by
        dependent_schema, dependent_name, referenced_schema, referenced_name;
[0m15:55:21.747574 [debug] [MainThread]: Opening a new connection, currently in state init
[0m15:55:21.788648 [debug] [MainThread]: SQL status: SELECT 1 in 0.041 seconds
[0m15:55:21.789735 [debug] [MainThread]: Sending event: {'category': 'dbt', 'action': 'runnable_timing', 'label': '17e0ad27-09b0-42ae-b2b7-92f30c5fb3b9', 'context': [<snowplow_tracker.self_describing_json.SelfDescribingJson object at 0x000001CE6327D090>]}
[0m15:55:21.790128 [debug] [MainThread]: On master: ROLLBACK
[0m15:55:21.790547 [debug] [MainThread]: On master: COMMIT
[0m15:55:21.790838 [debug] [MainThread]: Using postgres connection "master"
[0m15:55:21.791102 [debug] [MainThread]: On master: COMMIT
[0m15:55:21.791601 [debug] [MainThread]: SQL status: COMMIT in 0.000 seconds
[0m15:55:21.791896 [debug] [MainThread]: On master: Close
[0m15:55:21.795292 [debug] [Thread-1 (]: Began running node model.mon_projet_dbt.stg_periodes
[0m15:55:21.795826 [info ] [Thread-1 (]: 1 of 1 START sql view model observatoire_observatoire.stg_periodes ............. [RUN]
[0m15:55:21.796470 [debug] [Thread-1 (]: Acquiring new postgres connection 'model.mon_projet_dbt.stg_periodes'
[0m15:55:21.796804 [debug] [Thread-1 (]: Began compiling node model.mon_projet_dbt.stg_periodes
[0m15:55:21.802659 [debug] [Thread-1 (]: Writing injected SQL for node "model.mon_projet_dbt.stg_periodes"
[0m15:55:21.803585 [debug] [Thread-1 (]: Began executing node model.mon_projet_dbt.stg_periodes
[0m15:55:21.834757 [debug] [Thread-1 (]: Writing runtime sql for node "model.mon_projet_dbt.stg_periodes"
[0m15:55:21.835945 [debug] [Thread-1 (]: Using postgres connection "model.mon_projet_dbt.stg_periodes"
[0m15:55:21.836347 [debug] [Thread-1 (]: On model.mon_projet_dbt.stg_periodes: /* {"app": "dbt", "dbt_version": "1.12.0", "profile_name": "observatoire_sirene", "target_name": "dev", "node_id": "model.mon_projet_dbt.stg_periodes"} */

  create view "observatoire_sirene"."observatoire_observatoire"."stg_periodes__dbt_tmp"
    
    
  as (
    WITH source AS (

    SELECT *

    FROM "observatoire_sirene"."public"."sirene_etablissement"

),


clean AS (

    SELECT

        siret,

        siren,

        nic,

        CAST(dateDebut AS DATE)
            AS date_debut,

        CAST(dateFin AS DATE)
            AS date_fin,


        etatAdministratifEtablissement
            AS etat,


        activitePrincipaleEtablissement
            AS code_ape,


        codeCommuneEtablissement
            AS code_commune,


        libelleCommuneEtablissement
            AS libelle_commune,


        trancheEffectifsEtablissement
            AS code_tranche


    FROM source

)


SELECT *

FROM clean
  );
[0m15:55:21.836714 [debug] [Thread-1 (]: Opening a new connection, currently in state init
[0m15:55:21.876590 [debug] [Thread-1 (]: Postgres adapter: Postgres error: ERREUR:  la colonne « datedebut » n'existe pas
LINE 26:         CAST(dateDebut AS DATE)
                      ^
HINT:  Peut-être que vous souhaitiez référencer la colonne « source.dateDebut ».

[0m15:55:21.877031 [debug] [Thread-1 (]: On model.mon_projet_dbt.stg_periodes: ROLLBACK
[0m15:55:21.877551 [debug] [Thread-1 (]: On model.mon_projet_dbt.stg_periodes: Close
[0m15:55:21.884047 [debug] [Thread-1 (]: Database Error in model stg_periodes (models\staging\stg_periodes.sql)
  ERREUR:  la colonne « datedebut » n'existe pas
  LINE 26:         CAST(dateDebut AS DATE)
                        ^
  HINT:  Peut-être que vous souhaitiez référencer la colonne « source.dateDebut ».
  compiled code at target\run\mon_projet_dbt\models\staging\stg_periodes.sql
[0m15:55:21.885678 [debug] [Thread-1 (]: Sending event: {'category': 'dbt', 'action': 'run_model', 'label': '17e0ad27-09b0-42ae-b2b7-92f30c5fb3b9', 'context': [<snowplow_tracker.self_describing_json.SelfDescribingJson object at 0x000001CE632D84D0>]}
[0m15:55:21.886263 [error] [Thread-1 (]: 1 of 1 ERROR creating sql view model observatoire_observatoire.stg_periodes .... [[31mERROR[0m in 0.09s]
[0m15:55:21.886972 [debug] [Thread-1 (]: Finished running node model.mon_projet_dbt.stg_periodes
[0m15:55:21.887495 [debug] [Thread-7 (]: Marking all children of 'model.mon_projet_dbt.stg_periodes' to be skipped because of status 'error'.  Reason: Database Error in model stg_periodes (models\staging\stg_periodes.sql)
  ERREUR:  la colonne « datedebut » n'existe pas
  LINE 26:         CAST(dateDebut AS DATE)
                        ^
  HINT:  Peut-être que vous souhaitiez référencer la colonne « source.dateDebut ».
  compiled code at target\run\mon_projet_dbt\models\staging\stg_periodes.sql.
[0m15:55:21.889542 [debug] [MainThread]: On master: COMMIT
[0m15:55:21.889836 [debug] [MainThread]: Using postgres connection "master"
[0m15:55:21.890103 [debug] [MainThread]: On master: COMMIT
[0m15:55:21.890361 [debug] [MainThread]: Opening a new connection, currently in state closed
[0m15:55:21.928257 [debug] [MainThread]: SQL status: COMMIT in 0.038 seconds
[0m15:55:21.928636 [debug] [MainThread]: On master: Close
[0m15:55:21.929074 [debug] [MainThread]: Connection 'master' was properly closed.
[0m15:55:21.929333 [debug] [MainThread]: Connection 'list_observatoire_sirene' was properly closed.
[0m15:55:21.929623 [debug] [MainThread]: Connection 'list_observatoire_sirene_observatoire_observatoire' was properly closed.
[0m15:55:21.929893 [debug] [MainThread]: Connection 'list_observatoire_sirene_observatoire' was properly closed.
[0m15:55:21.930132 [debug] [MainThread]: Connection 'model.mon_projet_dbt.stg_periodes' was properly closed.
[0m15:55:21.930415 [info ] [MainThread]: 
[0m15:55:21.930900 [info ] [MainThread]: Finished running 1 view model in 0 hours 0 minutes and 0.50 seconds (0.50s).
[0m15:55:21.931839 [debug] [MainThread]: Command end result
[0m15:55:21.962468 [debug] [MainThread]: Wrote artifact WritableManifest to C:\Users\Utilisateur\Documents\courses\observatoire_sirene\mon_projet_dbt\target\manifest.json
[0m15:55:21.965541 [debug] [MainThread]: Wrote artifact SemanticManifest to C:\Users\Utilisateur\Documents\courses\observatoire_sirene\mon_projet_dbt\target\semantic_manifest.json
[0m15:55:21.968345 [debug] [MainThread]: Wrote artifact OsiDocument to C:\Users\Utilisateur\Documents\courses\observatoire_sirene\mon_projet_dbt\target\osi_document.json
[0m15:55:21.975000 [debug] [MainThread]: Wrote artifact RunExecutionResult to C:\Users\Utilisateur\Documents\courses\observatoire_sirene\mon_projet_dbt\target\run_results.json
[0m15:55:21.975282 [info ] [MainThread]: 
[0m15:55:21.975767 [info ] [MainThread]: [31mCompleted with 1 error, 0 partial successes, and 0 warnings:[0m
[0m15:55:21.976153 [info ] [MainThread]: 
[0m15:55:21.976581 [error] [MainThread]: [[31mERROR[0m]: in model stg_periodes (models\staging\stg_periodes.sql)
[0m15:55:21.977019 [error] [MainThread]:   Database Error in model stg_periodes (models\staging\stg_periodes.sql)
  ERREUR:  la colonne « datedebut » n'existe pas
  LINE 26:         CAST(dateDebut AS DATE)
                        ^
  HINT:  Peut-être que vous souhaitiez référencer la colonne « source.dateDebut ».
  compiled code at target\run\mon_projet_dbt\models\staging\stg_periodes.sql
[0m15:55:21.977405 [info ] [MainThread]: 
[0m15:55:21.977812 [info ] [MainThread]:   compiled code at target\compiled\mon_projet_dbt\models\staging\stg_periodes.sql
[0m15:55:21.978360 [info ] [MainThread]: 
[0m15:55:21.978819 [info ] [MainThread]: Done. PASS=0 WARN=0 ERROR=1 SKIP=0 NO-OP=0 REUSED=0 TOTAL=1
[0m15:55:21.979641 [debug] [MainThread]: Command `dbt run` failed at 15:55:21.979535 after 2.50 seconds
[0m15:55:21.980027 [debug] [MainThread]: Sending event: {'category': 'dbt', 'action': 'invocation', 'label': 'end', 'context': [<snowplow_tracker.self_describing_json.SelfDescribingJson object at 0x000001CE632DFD80>, <snowplow_tracker.self_describing_json.SelfDescribingJson object at 0x000001CE62E6E2B0>, <snowplow_tracker.self_describing_json.SelfDescribingJson object at 0x000001CE63318F50>]}
[0m15:55:21.980370 [debug] [MainThread]: Flushing usage events
[0m15:55:22.668605 [debug] [MainThread]: An error was encountered while trying to flush usage events
[0m15:55:44.162898 [debug] [MainThread]: Sending event: {'category': 'dbt', 'action': 'invocation', 'label': 'start', 'context': [<snowplow_tracker.self_describing_json.SelfDescribingJson object at 0x0000029CF0E60980>, <snowplow_tracker.self_describing_json.SelfDescribingJson object at 0x0000029CEE760B90>, <snowplow_tracker.self_describing_json.SelfDescribingJson object at 0x0000029CF36C39D0>]}


============================== 15:55:44.167074 | 32197fa1-191c-473c-b26a-7e3c20abf525 ==============================
[0m15:55:44.167074 [info ] [MainThread]: Running with dbt=1.12.0
[0m15:55:44.167635 [debug] [MainThread]: running dbt with arguments {'static_parser': 'True', 'no_print': 'None', 'maximum_seed_size_mib': '1', 'warn_error_options': 'WarnErrorOptionsV2(error=[], warn=[], silence=[])', 'target_path': 'None', 'version_check': 'True', 'printer_width': '80', 'write_json': 'True', 'introspect': 'True', 'log_cache_events': 'False', 'empty': 'False', 'cache_selected_only': 'False', 'log_format': 'default', 'debug': 'False', 'fail_fast': 'False', 'partial_parse': 'True', 'send_anonymous_usage_stats': 'True', 'quiet': 'False', 'warn_error': 'None', 'profiles_dir': 'C:\\Users\\Utilisateur\\Documents\\courses\\observatoire_sirene\\mon_projet_dbt', 'indirect_selection': 'eager', 'hints_enabled': 'True', 'invocation_command': 'dbt run --select stg_periodes', 'use_experimental_parser': 'False', 'use_colors': 'True', 'log_path': 'C:\\Users\\Utilisateur\\Documents\\courses\\observatoire_sirene\\mon_projet_dbt\\logs'}
[0m15:55:44.337457 [debug] [MainThread]: Sending event: {'category': 'dbt', 'action': 'project_id', 'label': '32197fa1-191c-473c-b26a-7e3c20abf525', 'context': [<snowplow_tracker.self_describing_json.SelfDescribingJson object at 0x0000029CF366DE00>]}
[0m15:55:44.401944 [debug] [MainThread]: Sending event: {'category': 'dbt', 'action': 'adapter_info', 'label': '32197fa1-191c-473c-b26a-7e3c20abf525', 'context': [<snowplow_tracker.self_describing_json.SelfDescribingJson object at 0x0000029CEEEEEF10>]}
[0m15:55:44.402900 [info ] [MainThread]: Registered adapter: postgres=1.11.0
[0m15:55:44.648166 [debug] [MainThread]: checksum: 60d4e7c5581444e26d365e42f856ff9ef6ae34e9f453452ecad212ad268af85c, vars: {}, profile: observatoire_sirene, target: dev, version: 1.12.0
[0m15:55:44.835983 [debug] [MainThread]: Partial parsing enabled: 0 files deleted, 0 files added, 1 files changed.
[0m15:55:44.836560 [debug] [MainThread]: Partial parsing: updated file: mon_projet_dbt://models\staging\stg_periodes.sql
[0m15:55:45.164320 [debug] [MainThread]: Sending event: {'category': 'dbt', 'action': 'load_project', 'label': '32197fa1-191c-473c-b26a-7e3c20abf525', 'context': [<snowplow_tracker.self_describing_json.SelfDescribingJson object at 0x0000029CF3C2DD50>]}
[0m15:55:45.288981 [debug] [MainThread]: Wrote artifact WritableManifest to C:\Users\Utilisateur\Documents\courses\observatoire_sirene\mon_projet_dbt\target\manifest.json
[0m15:55:45.291991 [debug] [MainThread]: Wrote artifact SemanticManifest to C:\Users\Utilisateur\Documents\courses\observatoire_sirene\mon_projet_dbt\target\semantic_manifest.json
[0m15:55:45.308206 [debug] [MainThread]: Wrote artifact OsiDocument to C:\Users\Utilisateur\Documents\courses\observatoire_sirene\mon_projet_dbt\target\osi_document.json
[0m15:55:45.316501 [debug] [MainThread]: Sending event: {'category': 'dbt', 'action': 'resource_counts', 'label': '32197fa1-191c-473c-b26a-7e3c20abf525', 'context': [<snowplow_tracker.self_describing_json.SelfDescribingJson object at 0x0000029CF412E120>]}
[0m15:55:45.316907 [info ] [MainThread]: Found 1 seed, 2 models, 1 snapshot, 3 data tests, 2 sources, 477 macros
[0m15:55:45.317500 [debug] [MainThread]: Sending event: {'category': 'dbt', 'action': 'runnable_timing', 'label': '32197fa1-191c-473c-b26a-7e3c20abf525', 'context': [<snowplow_tracker.self_describing_json.SelfDescribingJson object at 0x0000029CF41AE190>]}
[0m15:55:45.319117 [info ] [MainThread]: 
[0m15:55:45.319595 [info ] [MainThread]: Concurrency: 4 threads (target='dev')
[0m15:55:45.320032 [info ] [MainThread]: 
[0m15:55:45.320659 [debug] [MainThread]: Acquiring new postgres connection 'master'
[0m15:55:45.321551 [debug] [ThreadPool]: Acquiring new postgres connection 'list_observatoire_sirene'
[0m15:55:45.381604 [debug] [ThreadPool]: Using postgres connection "list_observatoire_sirene"
[0m15:55:45.381972 [debug] [ThreadPool]: On list_observatoire_sirene: /* {"app": "dbt", "dbt_version": "1.12.0", "profile_name": "observatoire_sirene", "target_name": "dev", "connection_name": "list_observatoire_sirene"} */

    select distinct nspname from pg_namespace
  
[0m15:55:45.382246 [debug] [ThreadPool]: Opening a new connection, currently in state init
[0m15:55:45.426875 [debug] [ThreadPool]: SQL status: SELECT 6 in 0.045 seconds
[0m15:55:45.427969 [debug] [ThreadPool]: On list_observatoire_sirene: Close
[0m15:55:45.432497 [debug] [ThreadPool]: Acquiring new postgres connection 'list_observatoire_sirene_observatoire_observatoire'
[0m15:55:45.436995 [debug] [ThreadPool]: Using postgres connection "list_observatoire_sirene_observatoire_observatoire"
[0m15:55:45.437326 [debug] [ThreadPool]: On list_observatoire_sirene_observatoire_observatoire: /* {"app": "dbt", "dbt_version": "1.12.0", "profile_name": "observatoire_sirene", "target_name": "dev", "connection_name": "list_observatoire_sirene_observatoire_observatoire"} */
select
      'observatoire_sirene' as database,
      tablename as name,
      schemaname as schema,
      'table' as type
    from pg_tables
    where schemaname ilike 'observatoire_observatoire'
    union all
    select
      'observatoire_sirene' as database,
      viewname as name,
      schemaname as schema,
      'view' as type
    from pg_views
    where schemaname ilike 'observatoire_observatoire'
    union all
    select
      'observatoire_sirene' as database,
      matviewname as name,
      schemaname as schema,
      'materialized_view' as type
    from pg_matviews
    where schemaname ilike 'observatoire_observatoire'
    union all
    select distinct
     'observatoire_sirene' as database,
     proname as name,
     ns.nspname as schema,
     'function' as type
    from pg_proc
     join pg_namespace as ns on pronamespace = ns.oid
    where ns.nspname ilike 'observatoire_observatoire'
  
[0m15:55:45.437753 [debug] [ThreadPool]: Opening a new connection, currently in state init
[0m15:55:45.438247 [debug] [ThreadPool]: Acquiring new postgres connection 'list_observatoire_sirene_observatoire'
[0m15:55:45.439492 [debug] [ThreadPool]: Using postgres connection "list_observatoire_sirene_observatoire"
[0m15:55:45.439809 [debug] [ThreadPool]: On list_observatoire_sirene_observatoire: /* {"app": "dbt", "dbt_version": "1.12.0", "profile_name": "observatoire_sirene", "target_name": "dev", "connection_name": "list_observatoire_sirene_observatoire"} */
select
      'observatoire_sirene' as database,
      tablename as name,
      schemaname as schema,
      'table' as type
    from pg_tables
    where schemaname ilike 'observatoire'
    union all
    select
      'observatoire_sirene' as database,
      viewname as name,
      schemaname as schema,
      'view' as type
    from pg_views
    where schemaname ilike 'observatoire'
    union all
    select
      'observatoire_sirene' as database,
      matviewname as name,
      schemaname as schema,
      'materialized_view' as type
    from pg_matviews
    where schemaname ilike 'observatoire'
    union all
    select distinct
     'observatoire_sirene' as database,
     proname as name,
     ns.nspname as schema,
     'function' as type
    from pg_proc
     join pg_namespace as ns on pronamespace = ns.oid
    where ns.nspname ilike 'observatoire'
  
[0m15:55:45.440103 [debug] [ThreadPool]: Opening a new connection, currently in state init
[0m15:55:45.486384 [debug] [ThreadPool]: SQL status: SELECT 1 in 0.049 seconds
[0m15:55:45.487492 [debug] [ThreadPool]: On list_observatoire_sirene_observatoire_observatoire: ROLLBACK
[0m15:55:45.487895 [debug] [ThreadPool]: On list_observatoire_sirene_observatoire_observatoire: Close
[0m15:55:45.488626 [debug] [ThreadPool]: SQL status: SELECT 5 in 0.049 seconds
[0m15:55:45.489713 [debug] [ThreadPool]: On list_observatoire_sirene_observatoire: ROLLBACK
[0m15:55:45.490297 [debug] [ThreadPool]: On list_observatoire_sirene_observatoire: Close
[0m15:55:45.494853 [debug] [MainThread]: Using postgres connection "master"
[0m15:55:45.495234 [debug] [MainThread]: On master: /* {"app": "dbt", "dbt_version": "1.12.0", "profile_name": "observatoire_sirene", "target_name": "dev", "connection_name": "master"} */
select distinct
        dependent_namespace.nspname as dependent_schema,
        dependent_class.relname as dependent_name,
        referenced_namespace.nspname as referenced_schema,
        referenced_class.relname as referenced_name

    -- Query for views: views are entries in pg_class with an entry in pg_rewrite, but we avoid
    -- a seq scan on pg_rewrite by leveraging the fact there is an "internal" row in pg_depend for
    -- the view...
    from pg_class as dependent_class
    join pg_namespace as dependent_namespace on dependent_namespace.oid = dependent_class.relnamespace
    join pg_depend as dependent_depend on dependent_depend.refobjid = dependent_class.oid
        and dependent_depend.classid = 'pg_rewrite'::regclass
        and dependent_depend.refclassid = 'pg_class'::regclass
        and dependent_depend.deptype = 'i'

    -- ... and via pg_depend (that has a row per column, hence the need for "distinct" above, and
    -- making sure to exclude the internal row to avoid a view appearing to depend on itself)...
    join pg_depend as joining_depend on joining_depend.objid = dependent_depend.objid
        and joining_depend.classid = 'pg_rewrite'::regclass
        and joining_depend.refclassid = 'pg_class'::regclass
        and joining_depend.refobjid != dependent_depend.refobjid

    -- ... we can find the tables they query from in pg_class, but excluding system tables. Note we
    -- don't need need to exclude _dependent_ system tables, because they only query from other
    -- system tables, and so are automatically excluded by excluding _referenced_ system tables
    join pg_class as referenced_class on referenced_class.oid = joining_depend.refobjid
    join pg_namespace as referenced_namespace on referenced_namespace.oid = referenced_class.relnamespace
        and referenced_namespace.nspname != 'information_schema'
        and referenced_namespace.nspname not like 'pg\_%'

    order by
        dependent_schema, dependent_name, referenced_schema, referenced_name;
[0m15:55:45.495611 [debug] [MainThread]: Opening a new connection, currently in state init
[0m15:55:45.536665 [debug] [MainThread]: SQL status: SELECT 1 in 0.041 seconds
[0m15:55:45.537764 [debug] [MainThread]: Sending event: {'category': 'dbt', 'action': 'runnable_timing', 'label': '32197fa1-191c-473c-b26a-7e3c20abf525', 'context': [<snowplow_tracker.self_describing_json.SelfDescribingJson object at 0x0000029CF436F790>]}
[0m15:55:45.538165 [debug] [MainThread]: On master: ROLLBACK
[0m15:55:45.538592 [debug] [MainThread]: On master: COMMIT
[0m15:55:45.538876 [debug] [MainThread]: Using postgres connection "master"
[0m15:55:45.539141 [debug] [MainThread]: On master: COMMIT
[0m15:55:45.539609 [debug] [MainThread]: SQL status: COMMIT in 0.000 seconds
[0m15:55:45.539900 [debug] [MainThread]: On master: Close
[0m15:55:45.543100 [debug] [Thread-1 (]: Began running node model.mon_projet_dbt.stg_periodes
[0m15:55:45.543597 [info ] [Thread-1 (]: 1 of 1 START sql view model observatoire_observatoire.stg_periodes ............. [RUN]
[0m15:55:45.544172 [debug] [Thread-1 (]: Acquiring new postgres connection 'model.mon_projet_dbt.stg_periodes'
[0m15:55:45.544509 [debug] [Thread-1 (]: Began compiling node model.mon_projet_dbt.stg_periodes
[0m15:55:45.550466 [debug] [Thread-1 (]: Writing injected SQL for node "model.mon_projet_dbt.stg_periodes"
[0m15:55:45.551401 [debug] [Thread-1 (]: Began executing node model.mon_projet_dbt.stg_periodes
[0m15:55:45.582600 [debug] [Thread-1 (]: Writing runtime sql for node "model.mon_projet_dbt.stg_periodes"
[0m15:55:45.583589 [debug] [Thread-1 (]: Using postgres connection "model.mon_projet_dbt.stg_periodes"
[0m15:55:45.583984 [debug] [Thread-1 (]: On model.mon_projet_dbt.stg_periodes: /* {"app": "dbt", "dbt_version": "1.12.0", "profile_name": "observatoire_sirene", "target_name": "dev", "node_id": "model.mon_projet_dbt.stg_periodes"} */

  create view "observatoire_sirene"."observatoire_observatoire"."stg_periodes__dbt_tmp"
    
    
  as (
    WITH source AS (

    SELECT *
    FROM "observatoire_sirene"."public"."sirene_etablissement"

),

clean AS (

    SELECT

        CAST("siret" AS VARCHAR(14)) AS siret,

        CAST("dateDebut" AS DATE) AS date_debut,

        CAST("dateFin" AS DATE) AS date_fin,

        CASE
            WHEN "etatAdministratifEtablissement" = 'A'
                THEN 'A'
            WHEN "etatAdministratifEtablissement" = 'F'
                THEN 'F'
            ELSE 'A'
        END AS etat,

        CAST("activitePrincipaleEtablissement" AS VARCHAR)
            AS code_ape,

        CAST("nomenclatureActivitePrincipaleEtablissement" AS VARCHAR)
            AS nomenclature_ape,

        CAST("codeCommuneEtablissement" AS VARCHAR(5))
            AS code_commune,

        UPPER("libelleCommuneEtablissement")
            AS libelle_commune,

        CAST("trancheEffectifsEtablissement" AS VARCHAR)
            AS code_tranche


    FROM source

    WHERE "dateDebut" IS NOT NULL
)

SELECT *

FROM clean
  );
[0m15:55:45.584354 [debug] [Thread-1 (]: Opening a new connection, currently in state init
[0m15:55:45.626761 [debug] [Thread-1 (]: SQL status: CREATE VIEW in 0.042 seconds
[0m15:55:45.631839 [debug] [Thread-1 (]: Using postgres connection "model.mon_projet_dbt.stg_periodes"
[0m15:55:45.632198 [debug] [Thread-1 (]: On model.mon_projet_dbt.stg_periodes: /* {"app": "dbt", "dbt_version": "1.12.0", "profile_name": "observatoire_sirene", "target_name": "dev", "node_id": "model.mon_projet_dbt.stg_periodes"} */
alter table "observatoire_sirene"."observatoire_observatoire"."stg_periodes" rename to "stg_periodes__dbt_backup"
[0m15:55:45.632978 [debug] [Thread-1 (]: SQL status: ALTER TABLE in 0.000 seconds
[0m15:55:45.634791 [debug] [Thread-1 (]: Using postgres connection "model.mon_projet_dbt.stg_periodes"
[0m15:55:45.635129 [debug] [Thread-1 (]: On model.mon_projet_dbt.stg_periodes: /* {"app": "dbt", "dbt_version": "1.12.0", "profile_name": "observatoire_sirene", "target_name": "dev", "node_id": "model.mon_projet_dbt.stg_periodes"} */
alter table "observatoire_sirene"."observatoire_observatoire"."stg_periodes__dbt_tmp" rename to "stg_periodes"
[0m15:55:45.635802 [debug] [Thread-1 (]: SQL status: ALTER TABLE in 0.000 seconds
[0m15:55:45.652528 [debug] [Thread-1 (]: On model.mon_projet_dbt.stg_periodes: COMMIT
[0m15:55:45.652895 [debug] [Thread-1 (]: Using postgres connection "model.mon_projet_dbt.stg_periodes"
[0m15:55:45.653216 [debug] [Thread-1 (]: On model.mon_projet_dbt.stg_periodes: COMMIT
[0m15:55:45.654746 [debug] [Thread-1 (]: SQL status: COMMIT in 0.001 seconds
[0m15:55:45.660440 [debug] [Thread-1 (]: Applying DROP to: "observatoire_sirene"."observatoire_observatoire"."stg_periodes__dbt_backup"
[0m15:55:45.665677 [debug] [Thread-1 (]: Using postgres connection "model.mon_projet_dbt.stg_periodes"
[0m15:55:45.666019 [debug] [Thread-1 (]: On model.mon_projet_dbt.stg_periodes: /* {"app": "dbt", "dbt_version": "1.12.0", "profile_name": "observatoire_sirene", "target_name": "dev", "node_id": "model.mon_projet_dbt.stg_periodes"} */
drop view if exists "observatoire_sirene"."observatoire_observatoire"."stg_periodes__dbt_backup" cascade
[0m15:55:45.668728 [debug] [Thread-1 (]: SQL status: DROP VIEW in 0.002 seconds
[0m15:55:45.670821 [debug] [Thread-1 (]: On model.mon_projet_dbt.stg_periodes: Close
[0m15:55:45.672476 [debug] [Thread-1 (]: Sending event: {'category': 'dbt', 'action': 'run_model', 'label': '32197fa1-191c-473c-b26a-7e3c20abf525', 'context': [<snowplow_tracker.self_describing_json.SelfDescribingJson object at 0x0000029CF414EBD0>]}
[0m15:55:45.673226 [info ] [Thread-1 (]: 1 of 1 OK created sql view model observatoire_observatoire.stg_periodes ........ [[32mCREATE VIEW[0m in 0.13s]
[0m15:55:45.674088 [debug] [Thread-1 (]: Finished running node model.mon_projet_dbt.stg_periodes
[0m15:55:45.675911 [debug] [MainThread]: On master: COMMIT
[0m15:55:45.676390 [debug] [MainThread]: Using postgres connection "master"
[0m15:55:45.676715 [debug] [MainThread]: On master: COMMIT
[0m15:55:45.676977 [debug] [MainThread]: Opening a new connection, currently in state closed
[0m15:55:45.714047 [debug] [MainThread]: SQL status: COMMIT in 0.037 seconds
[0m15:55:45.714430 [debug] [MainThread]: On master: Close
[0m15:55:45.714866 [debug] [MainThread]: Connection 'master' was properly closed.
[0m15:55:45.715131 [debug] [MainThread]: Connection 'list_observatoire_sirene' was properly closed.
[0m15:55:45.715443 [debug] [MainThread]: Connection 'list_observatoire_sirene_observatoire_observatoire' was properly closed.
[0m15:55:45.715697 [debug] [MainThread]: Connection 'list_observatoire_sirene_observatoire' was properly closed.
[0m15:55:45.715940 [debug] [MainThread]: Connection 'model.mon_projet_dbt.stg_periodes' was properly closed.
[0m15:55:45.716405 [info ] [MainThread]: 
[0m15:55:45.717073 [info ] [MainThread]: Finished running 1 view model in 0 hours 0 minutes and 0.40 seconds (0.40s).
[0m15:55:45.718301 [debug] [MainThread]: Command end result
[0m15:55:45.750586 [debug] [MainThread]: Wrote artifact WritableManifest to C:\Users\Utilisateur\Documents\courses\observatoire_sirene\mon_projet_dbt\target\manifest.json
[0m15:55:45.753829 [debug] [MainThread]: Wrote artifact SemanticManifest to C:\Users\Utilisateur\Documents\courses\observatoire_sirene\mon_projet_dbt\target\semantic_manifest.json
[0m15:55:45.756634 [debug] [MainThread]: Wrote artifact OsiDocument to C:\Users\Utilisateur\Documents\courses\observatoire_sirene\mon_projet_dbt\target\osi_document.json
[0m15:55:45.763387 [debug] [MainThread]: Wrote artifact RunExecutionResult to C:\Users\Utilisateur\Documents\courses\observatoire_sirene\mon_projet_dbt\target\run_results.json
[0m15:55:45.763670 [info ] [MainThread]: 
[0m15:55:45.764331 [info ] [MainThread]: [32mCompleted successfully[0m
[0m15:55:45.764819 [info ] [MainThread]: 
[0m15:55:45.765260 [info ] [MainThread]: Done. PASS=1 WARN=0 ERROR=0 SKIP=0 NO-OP=0 REUSED=0 TOTAL=1
[0m15:55:45.766118 [debug] [MainThread]: Command `dbt run` succeeded at 15:55:45.766008 after 1.74 seconds
[0m15:55:45.766503 [debug] [MainThread]: Sending event: {'category': 'dbt', 'action': 'invocation', 'label': 'end', 'context': [<snowplow_tracker.self_describing_json.SelfDescribingJson object at 0x0000029CF4963750>, <snowplow_tracker.self_describing_json.SelfDescribingJson object at 0x0000029CF3FC8B90>, <snowplow_tracker.self_describing_json.SelfDescribingJson object at 0x0000029CECF85130>]}
[0m15:55:45.766864 [debug] [MainThread]: Flushing usage events
[0m15:55:46.442718 [debug] [MainThread]: An error was encountered while trying to flush usage events
[0m15:56:59.190400 [debug] [MainThread]: Sending event: {'category': 'dbt', 'action': 'invocation', 'label': 'start', 'context': [<snowplow_tracker.self_describing_json.SelfDescribingJson object at 0x000001DFA6F90980>, <snowplow_tracker.self_describing_json.SelfDescribingJson object at 0x000001DFA4890B90>, <snowplow_tracker.self_describing_json.SelfDescribingJson object at 0x000001DFA977B890>]}


============================== 15:56:59.193672 | 7ee56e32-e854-432b-b77f-077eb67b7205 ==============================
[0m15:56:59.193672 [info ] [MainThread]: Running with dbt=1.12.0
[0m15:56:59.194309 [debug] [MainThread]: running dbt with arguments {'version_check': 'True', 'no_print': 'None', 'static_parser': 'True', 'target_path': 'None', 'maximum_seed_size_mib': '1', 'warn_error_options': 'WarnErrorOptionsV2(error=[], warn=[], silence=[])', 'printer_width': '80', 'write_json': 'True', 'introspect': 'True', 'log_cache_events': 'False', 'empty': 'None', 'cache_selected_only': 'False', 'fail_fast': 'False', 'debug': 'False', 'log_format': 'default', 'profiles_dir': 'C:\\Users\\Utilisateur\\Documents\\courses\\observatoire_sirene\\mon_projet_dbt', 'send_anonymous_usage_stats': 'True', 'quiet': 'False', 'warn_error': 'None', 'partial_parse': 'True', 'indirect_selection': 'eager', 'hints_enabled': 'True', 'use_colors': 'True', 'use_experimental_parser': 'False', 'invocation_command': 'dbt clean', 'log_path': 'C:\\Users\\Utilisateur\\Documents\\courses\\observatoire_sirene\\mon_projet_dbt\\logs'}
[0m15:56:59.319945 [debug] [MainThread]: Sending event: {'category': 'dbt', 'action': 'project_id', 'label': '7ee56e32-e854-432b-b77f-077eb67b7205', 'context': [<snowplow_tracker.self_describing_json.SelfDescribingJson object at 0x000001DFA98FC3E0>]}
[0m15:56:59.336868 [debug] [MainThread]: Command `dbt clean` succeeded at 15:56:59.336756 after 0.29 seconds
[0m15:56:59.337208 [debug] [MainThread]: Sending event: {'category': 'dbt', 'action': 'invocation', 'label': 'end', 'context': [<snowplow_tracker.self_describing_json.SelfDescribingJson object at 0x000001DFA7A72BE0>, <snowplow_tracker.self_describing_json.SelfDescribingJson object at 0x000001DFA9A25D00>, <snowplow_tracker.self_describing_json.SelfDescribingJson object at 0x000001DFA9A2E850>]}
[0m15:56:59.337538 [debug] [MainThread]: Flushing usage events
[0m15:57:00.051655 [debug] [MainThread]: An error was encountered while trying to flush usage events
[0m15:57:11.288404 [debug] [MainThread]: Sending event: {'category': 'dbt', 'action': 'invocation', 'label': 'start', 'context': [<snowplow_tracker.self_describing_json.SelfDescribingJson object at 0x000001FE613C0980>, <snowplow_tracker.self_describing_json.SelfDescribingJson object at 0x000001FE5ECB0B90>, <snowplow_tracker.self_describing_json.SelfDescribingJson object at 0x000001FE63C239D0>]}


============================== 15:57:11.291822 | f8cf1e79-e28e-4ed7-8e6b-5c796b06f474 ==============================
[0m15:57:11.291822 [info ] [MainThread]: Running with dbt=1.12.0
[0m15:57:11.292524 [debug] [MainThread]: running dbt with arguments {'version_check': 'True', 'no_print': 'None', 'maximum_seed_size_mib': '1', 'warn_error_options': 'WarnErrorOptionsV2(error=[], warn=[], silence=[])', 'static_parser': 'True', 'target_path': 'None', 'printer_width': '80', 'write_json': 'True', 'introspect': 'True', 'log_cache_events': 'False', 'empty': 'False', 'cache_selected_only': 'False', 'log_format': 'default', 'debug': 'False', 'fail_fast': 'False', 'profiles_dir': 'C:\\Users\\Utilisateur\\Documents\\courses\\observatoire_sirene\\mon_projet_dbt', 'send_anonymous_usage_stats': 'True', 'quiet': 'False', 'warn_error': 'None', 'partial_parse': 'True', 'use_colors': 'True', 'hints_enabled': 'True', 'indirect_selection': 'eager', 'use_experimental_parser': 'False', 'invocation_command': 'dbt run --select stg_periodes', 'log_path': 'C:\\Users\\Utilisateur\\Documents\\courses\\observatoire_sirene\\mon_projet_dbt\\logs'}
[0m15:57:11.471183 [debug] [MainThread]: Sending event: {'category': 'dbt', 'action': 'project_id', 'label': 'f8cf1e79-e28e-4ed7-8e6b-5c796b06f474', 'context': [<snowplow_tracker.self_describing_json.SelfDescribingJson object at 0x000001FE63BCDE00>]}
[0m15:57:11.541252 [debug] [MainThread]: Sending event: {'category': 'dbt', 'action': 'adapter_info', 'label': 'f8cf1e79-e28e-4ed7-8e6b-5c796b06f474', 'context': [<snowplow_tracker.self_describing_json.SelfDescribingJson object at 0x000001FE5F43EF10>]}
[0m15:57:11.542313 [info ] [MainThread]: Registered adapter: postgres=1.11.0
[0m15:57:11.798952 [debug] [MainThread]: checksum: 60d4e7c5581444e26d365e42f856ff9ef6ae34e9f453452ecad212ad268af85c, vars: {}, profile: observatoire_sirene, target: dev, version: 1.12.0
[0m15:57:11.799851 [info ] [MainThread]: Unable to do partial parsing because saved manifest not found. Starting full parse.
[0m15:57:11.800306 [debug] [MainThread]: Sending event: {'category': 'dbt', 'action': 'partial_parser', 'label': 'f8cf1e79-e28e-4ed7-8e6b-5c796b06f474', 'context': [<snowplow_tracker.self_describing_json.SelfDescribingJson object at 0x000001FE63CCB750>]}
[0m15:57:13.627582 [debug] [MainThread]: Sending event: {'category': 'dbt', 'action': 'load_project', 'label': 'f8cf1e79-e28e-4ed7-8e6b-5c796b06f474', 'context': [<snowplow_tracker.self_describing_json.SelfDescribingJson object at 0x000001FE65E82120>]}
[0m15:57:13.749900 [debug] [MainThread]: Wrote artifact WritableManifest to C:\Users\Utilisateur\Documents\courses\observatoire_sirene\mon_projet_dbt\target\manifest.json
[0m15:57:13.764459 [debug] [MainThread]: Wrote artifact SemanticManifest to C:\Users\Utilisateur\Documents\courses\observatoire_sirene\mon_projet_dbt\target\semantic_manifest.json
[0m15:57:13.781059 [debug] [MainThread]: Wrote artifact OsiDocument to C:\Users\Utilisateur\Documents\courses\observatoire_sirene\mon_projet_dbt\target\osi_document.json
[0m15:57:13.789348 [debug] [MainThread]: Sending event: {'category': 'dbt', 'action': 'resource_counts', 'label': 'f8cf1e79-e28e-4ed7-8e6b-5c796b06f474', 'context': [<snowplow_tracker.self_describing_json.SelfDescribingJson object at 0x000001FE6626A270>]}
[0m15:57:13.789766 [info ] [MainThread]: Found 2 models, 1 snapshot, 1 seed, 3 data tests, 2 sources, 477 macros
[0m15:57:13.790192 [debug] [MainThread]: Sending event: {'category': 'dbt', 'action': 'runnable_timing', 'label': 'f8cf1e79-e28e-4ed7-8e6b-5c796b06f474', 'context': [<snowplow_tracker.self_describing_json.SelfDescribingJson object at 0x000001FE662FAB60>]}
[0m15:57:13.791764 [info ] [MainThread]: 
[0m15:57:13.792155 [info ] [MainThread]: Concurrency: 4 threads (target='dev')
[0m15:57:13.792571 [info ] [MainThread]: 
[0m15:57:13.793311 [debug] [MainThread]: Acquiring new postgres connection 'master'
[0m15:57:13.794188 [debug] [ThreadPool]: Acquiring new postgres connection 'list_observatoire_sirene'
[0m15:57:13.856370 [debug] [ThreadPool]: Using postgres connection "list_observatoire_sirene"
[0m15:57:13.856719 [debug] [ThreadPool]: On list_observatoire_sirene: /* {"app": "dbt", "dbt_version": "1.12.0", "profile_name": "observatoire_sirene", "target_name": "dev", "connection_name": "list_observatoire_sirene"} */

    select distinct nspname from pg_namespace
  
[0m15:57:13.856996 [debug] [ThreadPool]: Opening a new connection, currently in state init
[0m15:57:13.901809 [debug] [ThreadPool]: SQL status: SELECT 6 in 0.045 seconds
[0m15:57:13.902948 [debug] [ThreadPool]: On list_observatoire_sirene: Close
[0m15:57:13.907403 [debug] [ThreadPool]: Acquiring new postgres connection 'list_observatoire_sirene_observatoire'
[0m15:57:13.912371 [debug] [ThreadPool]: Using postgres connection "list_observatoire_sirene_observatoire"
[0m15:57:13.912739 [debug] [ThreadPool]: On list_observatoire_sirene_observatoire: /* {"app": "dbt", "dbt_version": "1.12.0", "profile_name": "observatoire_sirene", "target_name": "dev", "connection_name": "list_observatoire_sirene_observatoire"} */
select
      'observatoire_sirene' as database,
      tablename as name,
      schemaname as schema,
      'table' as type
    from pg_tables
    where schemaname ilike 'observatoire'
    union all
    select
      'observatoire_sirene' as database,
      viewname as name,
      schemaname as schema,
      'view' as type
    from pg_views
    where schemaname ilike 'observatoire'
    union all
    select
      'observatoire_sirene' as database,
      matviewname as name,
      schemaname as schema,
      'materialized_view' as type
    from pg_matviews
    where schemaname ilike 'observatoire'
    union all
    select distinct
     'observatoire_sirene' as database,
     proname as name,
     ns.nspname as schema,
     'function' as type
    from pg_proc
     join pg_namespace as ns on pronamespace = ns.oid
    where ns.nspname ilike 'observatoire'
  
[0m15:57:13.913050 [debug] [ThreadPool]: Opening a new connection, currently in state init
[0m15:57:13.913786 [debug] [ThreadPool]: Acquiring new postgres connection 'list_observatoire_sirene_observatoire_observatoire'
[0m15:57:13.914971 [debug] [ThreadPool]: Using postgres connection "list_observatoire_sirene_observatoire_observatoire"
[0m15:57:13.915297 [debug] [ThreadPool]: On list_observatoire_sirene_observatoire_observatoire: /* {"app": "dbt", "dbt_version": "1.12.0", "profile_name": "observatoire_sirene", "target_name": "dev", "connection_name": "list_observatoire_sirene_observatoire_observatoire"} */
select
      'observatoire_sirene' as database,
      tablename as name,
      schemaname as schema,
      'table' as type
    from pg_tables
    where schemaname ilike 'observatoire_observatoire'
    union all
    select
      'observatoire_sirene' as database,
      viewname as name,
      schemaname as schema,
      'view' as type
    from pg_views
    where schemaname ilike 'observatoire_observatoire'
    union all
    select
      'observatoire_sirene' as database,
      matviewname as name,
      schemaname as schema,
      'materialized_view' as type
    from pg_matviews
    where schemaname ilike 'observatoire_observatoire'
    union all
    select distinct
     'observatoire_sirene' as database,
     proname as name,
     ns.nspname as schema,
     'function' as type
    from pg_proc
     join pg_namespace as ns on pronamespace = ns.oid
    where ns.nspname ilike 'observatoire_observatoire'
  
[0m15:57:13.915598 [debug] [ThreadPool]: Opening a new connection, currently in state init
[0m15:57:13.966024 [debug] [ThreadPool]: SQL status: SELECT 5 in 0.053 seconds
[0m15:57:13.967247 [debug] [ThreadPool]: On list_observatoire_sirene_observatoire: ROLLBACK
[0m15:57:13.967598 [debug] [ThreadPool]: SQL status: SELECT 1 in 0.052 seconds
[0m15:57:13.968527 [debug] [ThreadPool]: On list_observatoire_sirene_observatoire_observatoire: ROLLBACK
[0m15:57:13.968846 [debug] [ThreadPool]: On list_observatoire_sirene_observatoire: Close
[0m15:57:13.969170 [debug] [ThreadPool]: On list_observatoire_sirene_observatoire_observatoire: Close
[0m15:57:13.973940 [debug] [MainThread]: Using postgres connection "master"
[0m15:57:13.974337 [debug] [MainThread]: On master: /* {"app": "dbt", "dbt_version": "1.12.0", "profile_name": "observatoire_sirene", "target_name": "dev", "connection_name": "master"} */
select distinct
        dependent_namespace.nspname as dependent_schema,
        dependent_class.relname as dependent_name,
        referenced_namespace.nspname as referenced_schema,
        referenced_class.relname as referenced_name

    -- Query for views: views are entries in pg_class with an entry in pg_rewrite, but we avoid
    -- a seq scan on pg_rewrite by leveraging the fact there is an "internal" row in pg_depend for
    -- the view...
    from pg_class as dependent_class
    join pg_namespace as dependent_namespace on dependent_namespace.oid = dependent_class.relnamespace
    join pg_depend as dependent_depend on dependent_depend.refobjid = dependent_class.oid
        and dependent_depend.classid = 'pg_rewrite'::regclass
        and dependent_depend.refclassid = 'pg_class'::regclass
        and dependent_depend.deptype = 'i'

    -- ... and via pg_depend (that has a row per column, hence the need for "distinct" above, and
    -- making sure to exclude the internal row to avoid a view appearing to depend on itself)...
    join pg_depend as joining_depend on joining_depend.objid = dependent_depend.objid
        and joining_depend.classid = 'pg_rewrite'::regclass
        and joining_depend.refclassid = 'pg_class'::regclass
        and joining_depend.refobjid != dependent_depend.refobjid

    -- ... we can find the tables they query from in pg_class, but excluding system tables. Note we
    -- don't need need to exclude _dependent_ system tables, because they only query from other
    -- system tables, and so are automatically excluded by excluding _referenced_ system tables
    join pg_class as referenced_class on referenced_class.oid = joining_depend.refobjid
    join pg_namespace as referenced_namespace on referenced_namespace.oid = referenced_class.relnamespace
        and referenced_namespace.nspname != 'information_schema'
        and referenced_namespace.nspname not like 'pg\_%'

    order by
        dependent_schema, dependent_name, referenced_schema, referenced_name;
[0m15:57:13.974683 [debug] [MainThread]: Opening a new connection, currently in state init
[0m15:57:14.016549 [debug] [MainThread]: SQL status: SELECT 1 in 0.042 seconds
[0m15:57:14.017632 [debug] [MainThread]: Sending event: {'category': 'dbt', 'action': 'runnable_timing', 'label': 'f8cf1e79-e28e-4ed7-8e6b-5c796b06f474', 'context': [<snowplow_tracker.self_describing_json.SelfDescribingJson object at 0x000001FE6632FAD0>]}
[0m15:57:14.018022 [debug] [MainThread]: On master: ROLLBACK
[0m15:57:14.018467 [debug] [MainThread]: On master: COMMIT
[0m15:57:14.018766 [debug] [MainThread]: Using postgres connection "master"
[0m15:57:14.019032 [debug] [MainThread]: On master: COMMIT
[0m15:57:14.019468 [debug] [MainThread]: SQL status: COMMIT in 0.000 seconds
[0m15:57:14.019756 [debug] [MainThread]: On master: Close
[0m15:57:14.022949 [debug] [Thread-1 (]: Began running node model.mon_projet_dbt.stg_periodes
[0m15:57:14.023455 [info ] [Thread-1 (]: 1 of 1 START sql view model observatoire_observatoire.stg_periodes ............. [RUN]
[0m15:57:14.024129 [debug] [Thread-1 (]: Acquiring new postgres connection 'model.mon_projet_dbt.stg_periodes'
[0m15:57:14.024479 [debug] [Thread-1 (]: Began compiling node model.mon_projet_dbt.stg_periodes
[0m15:57:14.030673 [debug] [Thread-1 (]: Writing injected SQL for node "model.mon_projet_dbt.stg_periodes"
[0m15:57:14.032528 [debug] [Thread-1 (]: Began executing node model.mon_projet_dbt.stg_periodes
[0m15:57:14.064161 [debug] [Thread-1 (]: Writing runtime sql for node "model.mon_projet_dbt.stg_periodes"
[0m15:57:14.066267 [debug] [Thread-1 (]: Using postgres connection "model.mon_projet_dbt.stg_periodes"
[0m15:57:14.066678 [debug] [Thread-1 (]: On model.mon_projet_dbt.stg_periodes: /* {"app": "dbt", "dbt_version": "1.12.0", "profile_name": "observatoire_sirene", "target_name": "dev", "node_id": "model.mon_projet_dbt.stg_periodes"} */

  create view "observatoire_sirene"."observatoire_observatoire"."stg_periodes__dbt_tmp"
    
    
  as (
    WITH source AS (

    SELECT *
    FROM "observatoire_sirene"."public"."sirene_etablissement"

),

clean AS (

    SELECT

        CAST("siret" AS VARCHAR(14)) AS siret,

        CAST("dateDebut" AS DATE) AS date_debut,

        CAST("dateFin" AS DATE) AS date_fin,

        CASE
            WHEN "etatAdministratifEtablissement" = 'A'
                THEN 'A'
            WHEN "etatAdministratifEtablissement" = 'F'
                THEN 'F'
            ELSE 'A'
        END AS etat,

        CAST("activitePrincipaleEtablissement" AS VARCHAR)
            AS code_ape,

        CAST("nomenclatureActivitePrincipaleEtablissement" AS VARCHAR)
            AS nomenclature_ape,

        CAST("codeCommuneEtablissement" AS VARCHAR(5))
            AS code_commune,

        UPPER("libelleCommuneEtablissement")
            AS libelle_commune,

        CAST("trancheEffectifsEtablissement" AS VARCHAR)
            AS code_tranche


    FROM source

    WHERE "dateDebut" IS NOT NULL
)

SELECT *

FROM clean
  );
[0m15:57:14.067048 [debug] [Thread-1 (]: Opening a new connection, currently in state init
[0m15:57:14.107752 [debug] [Thread-1 (]: SQL status: CREATE VIEW in 0.041 seconds
[0m15:57:14.112852 [debug] [Thread-1 (]: Using postgres connection "model.mon_projet_dbt.stg_periodes"
[0m15:57:14.113240 [debug] [Thread-1 (]: On model.mon_projet_dbt.stg_periodes: /* {"app": "dbt", "dbt_version": "1.12.0", "profile_name": "observatoire_sirene", "target_name": "dev", "node_id": "model.mon_projet_dbt.stg_periodes"} */
alter table "observatoire_sirene"."observatoire_observatoire"."stg_periodes" rename to "stg_periodes__dbt_backup"
[0m15:57:14.114084 [debug] [Thread-1 (]: SQL status: ALTER TABLE in 0.000 seconds
[0m15:57:14.115915 [debug] [Thread-1 (]: Using postgres connection "model.mon_projet_dbt.stg_periodes"
[0m15:57:14.116256 [debug] [Thread-1 (]: On model.mon_projet_dbt.stg_periodes: /* {"app": "dbt", "dbt_version": "1.12.0", "profile_name": "observatoire_sirene", "target_name": "dev", "node_id": "model.mon_projet_dbt.stg_periodes"} */
alter table "observatoire_sirene"."observatoire_observatoire"."stg_periodes__dbt_tmp" rename to "stg_periodes"
[0m15:57:14.116943 [debug] [Thread-1 (]: SQL status: ALTER TABLE in 0.000 seconds
[0m15:57:14.133862 [debug] [Thread-1 (]: On model.mon_projet_dbt.stg_periodes: COMMIT
[0m15:57:14.134295 [debug] [Thread-1 (]: Using postgres connection "model.mon_projet_dbt.stg_periodes"
[0m15:57:14.134618 [debug] [Thread-1 (]: On model.mon_projet_dbt.stg_periodes: COMMIT
[0m15:57:14.135878 [debug] [Thread-1 (]: SQL status: COMMIT in 0.001 seconds
[0m15:57:14.140654 [debug] [Thread-1 (]: Applying DROP to: "observatoire_sirene"."observatoire_observatoire"."stg_periodes__dbt_backup"
[0m15:57:14.145639 [debug] [Thread-1 (]: Using postgres connection "model.mon_projet_dbt.stg_periodes"
[0m15:57:14.145996 [debug] [Thread-1 (]: On model.mon_projet_dbt.stg_periodes: /* {"app": "dbt", "dbt_version": "1.12.0", "profile_name": "observatoire_sirene", "target_name": "dev", "node_id": "model.mon_projet_dbt.stg_periodes"} */
drop view if exists "observatoire_sirene"."observatoire_observatoire"."stg_periodes__dbt_backup" cascade
[0m15:57:14.148709 [debug] [Thread-1 (]: SQL status: DROP VIEW in 0.002 seconds
[0m15:57:14.150785 [debug] [Thread-1 (]: On model.mon_projet_dbt.stg_periodes: Close
[0m15:57:14.152487 [debug] [Thread-1 (]: Sending event: {'category': 'dbt', 'action': 'run_model', 'label': 'f8cf1e79-e28e-4ed7-8e6b-5c796b06f474', 'context': [<snowplow_tracker.self_describing_json.SelfDescribingJson object at 0x000001FE6186C520>]}
[0m15:57:14.153192 [info ] [Thread-1 (]: 1 of 1 OK created sql view model observatoire_observatoire.stg_periodes ........ [[32mCREATE VIEW[0m in 0.13s]
[0m15:57:14.154203 [debug] [Thread-1 (]: Finished running node model.mon_projet_dbt.stg_periodes
[0m15:57:14.155904 [debug] [MainThread]: On master: COMMIT
[0m15:57:14.156247 [debug] [MainThread]: Using postgres connection "master"
[0m15:57:14.156546 [debug] [MainThread]: On master: COMMIT
[0m15:57:14.156828 [debug] [MainThread]: Opening a new connection, currently in state closed
[0m15:57:14.196144 [debug] [MainThread]: SQL status: COMMIT in 0.039 seconds
[0m15:57:14.196515 [debug] [MainThread]: On master: Close
[0m15:57:14.196949 [debug] [MainThread]: Connection 'master' was properly closed.
[0m15:57:14.197209 [debug] [MainThread]: Connection 'list_observatoire_sirene' was properly closed.
[0m15:57:14.197490 [debug] [MainThread]: Connection 'list_observatoire_sirene_observatoire' was properly closed.
[0m15:57:14.197783 [debug] [MainThread]: Connection 'list_observatoire_sirene_observatoire_observatoire' was properly closed.
[0m15:57:14.198022 [debug] [MainThread]: Connection 'model.mon_projet_dbt.stg_periodes' was properly closed.
[0m15:57:14.198316 [info ] [MainThread]: 
[0m15:57:14.198960 [info ] [MainThread]: Finished running 1 view model in 0 hours 0 minutes and 0.41 seconds (0.41s).
[0m15:57:14.199807 [debug] [MainThread]: Command end result
[0m15:57:14.233094 [debug] [MainThread]: Wrote artifact WritableManifest to C:\Users\Utilisateur\Documents\courses\observatoire_sirene\mon_projet_dbt\target\manifest.json
[0m15:57:14.237348 [debug] [MainThread]: Wrote artifact SemanticManifest to C:\Users\Utilisateur\Documents\courses\observatoire_sirene\mon_projet_dbt\target\semantic_manifest.json
[0m15:57:14.242806 [debug] [MainThread]: Wrote artifact OsiDocument to C:\Users\Utilisateur\Documents\courses\observatoire_sirene\mon_projet_dbt\target\osi_document.json
[0m15:57:14.251183 [debug] [MainThread]: Wrote artifact RunExecutionResult to C:\Users\Utilisateur\Documents\courses\observatoire_sirene\mon_projet_dbt\target\run_results.json
[0m15:57:14.251736 [info ] [MainThread]: 
[0m15:57:14.252388 [info ] [MainThread]: [32mCompleted successfully[0m
[0m15:57:14.253049 [info ] [MainThread]: 
[0m15:57:14.253740 [info ] [MainThread]: Done. PASS=1 WARN=0 ERROR=0 SKIP=0 NO-OP=0 REUSED=0 TOTAL=1
[0m15:57:14.255315 [debug] [MainThread]: Command `dbt run` succeeded at 15:57:14.255147 after 3.11 seconds
[0m15:57:14.255893 [debug] [MainThread]: Sending event: {'category': 'dbt', 'action': 'invocation', 'label': 'end', 'context': [<snowplow_tracker.self_describing_json.SelfDescribingJson object at 0x000001FE6489BBB0>, <snowplow_tracker.self_describing_json.SelfDescribingJson object at 0x000001FE6669D370>, <snowplow_tracker.self_describing_json.SelfDescribingJson object at 0x000001FE662F76D0>]}
[0m15:57:14.256464 [debug] [MainThread]: Flushing usage events
[0m15:57:14.947991 [debug] [MainThread]: An error was encountered while trying to flush usage events
[0m16:01:48.152982 [debug] [MainThread]: Sending event: {'category': 'dbt', 'action': 'invocation', 'label': 'start', 'context': [<snowplow_tracker.self_describing_json.SelfDescribingJson object at 0x000002095AA30980>, <snowplow_tracker.self_describing_json.SelfDescribingJson object at 0x0000020958320B90>, <snowplow_tracker.self_describing_json.SelfDescribingJson object at 0x000002095D2939D0>]}


============================== 16:01:48.156676 | 1202c96b-a812-4c1d-86a9-79dc192ae010 ==============================
[0m16:01:48.156676 [info ] [MainThread]: Running with dbt=1.12.0
[0m16:01:48.157370 [debug] [MainThread]: running dbt with arguments {'version_check': 'True', 'no_print': 'None', 'maximum_seed_size_mib': '1', 'warn_error_options': 'WarnErrorOptionsV2(error=[], warn=[], silence=[])', 'target_path': 'None', 'static_parser': 'True', 'printer_width': '80', 'write_json': 'True', 'empty': 'False', 'log_cache_events': 'False', 'introspect': 'True', 'cache_selected_only': 'False', 'log_format': 'default', 'debug': 'False', 'fail_fast': 'False', 'profiles_dir': 'C:\\Users\\Utilisateur\\Documents\\courses\\observatoire_sirene\\mon_projet_dbt', 'send_anonymous_usage_stats': 'True', 'quiet': 'False', 'warn_error': 'None', 'partial_parse': 'True', 'use_colors': 'True', 'hints_enabled': 'True', 'invocation_command': 'dbt run --select stg_periodes', 'use_experimental_parser': 'False', 'indirect_selection': 'eager', 'log_path': 'C:\\Users\\Utilisateur\\Documents\\courses\\observatoire_sirene\\mon_projet_dbt\\logs'}
[0m16:01:48.333399 [debug] [MainThread]: Sending event: {'category': 'dbt', 'action': 'project_id', 'label': '1202c96b-a812-4c1d-86a9-79dc192ae010', 'context': [<snowplow_tracker.self_describing_json.SelfDescribingJson object at 0x000002095D23DE00>]}
[0m16:01:48.400796 [debug] [MainThread]: Sending event: {'category': 'dbt', 'action': 'adapter_info', 'label': '1202c96b-a812-4c1d-86a9-79dc192ae010', 'context': [<snowplow_tracker.self_describing_json.SelfDescribingJson object at 0x0000020958AAEF10>]}
[0m16:01:48.401835 [info ] [MainThread]: Registered adapter: postgres=1.11.0
[0m16:01:48.642170 [debug] [MainThread]: checksum: 60d4e7c5581444e26d365e42f856ff9ef6ae34e9f453452ecad212ad268af85c, vars: {}, profile: observatoire_sirene, target: dev, version: 1.12.0
[0m16:01:48.823390 [debug] [MainThread]: Partial parsing enabled: 0 files deleted, 0 files added, 1 files changed.
[0m16:01:48.823919 [debug] [MainThread]: Partial parsing: updated file: mon_projet_dbt://models\staging\stg_periodes.sql
[0m16:01:49.166344 [debug] [MainThread]: Sending event: {'category': 'dbt', 'action': 'load_project', 'label': '1202c96b-a812-4c1d-86a9-79dc192ae010', 'context': [<snowplow_tracker.self_describing_json.SelfDescribingJson object at 0x000002095D89DA50>]}
[0m16:01:49.296246 [debug] [MainThread]: Wrote artifact WritableManifest to C:\Users\Utilisateur\Documents\courses\observatoire_sirene\mon_projet_dbt\target\manifest.json
[0m16:01:49.299414 [debug] [MainThread]: Wrote artifact SemanticManifest to C:\Users\Utilisateur\Documents\courses\observatoire_sirene\mon_projet_dbt\target\semantic_manifest.json
[0m16:01:49.316309 [debug] [MainThread]: Wrote artifact OsiDocument to C:\Users\Utilisateur\Documents\courses\observatoire_sirene\mon_projet_dbt\target\osi_document.json
[0m16:01:49.324641 [debug] [MainThread]: Sending event: {'category': 'dbt', 'action': 'resource_counts', 'label': '1202c96b-a812-4c1d-86a9-79dc192ae010', 'context': [<snowplow_tracker.self_describing_json.SelfDescribingJson object at 0x000002095DCCE120>]}
[0m16:01:49.325133 [info ] [MainThread]: Found 2 models, 1 snapshot, 1 seed, 3 data tests, 2 sources, 477 macros
[0m16:01:49.325752 [debug] [MainThread]: Sending event: {'category': 'dbt', 'action': 'runnable_timing', 'label': '1202c96b-a812-4c1d-86a9-79dc192ae010', 'context': [<snowplow_tracker.self_describing_json.SelfDescribingJson object at 0x000002095DD65E10>]}
[0m16:01:49.327363 [info ] [MainThread]: 
[0m16:01:49.327741 [info ] [MainThread]: Concurrency: 4 threads (target='dev')
[0m16:01:49.328208 [info ] [MainThread]: 
[0m16:01:49.328758 [debug] [MainThread]: Acquiring new postgres connection 'master'
[0m16:01:49.329597 [debug] [ThreadPool]: Acquiring new postgres connection 'list_observatoire_sirene'
[0m16:01:49.390433 [debug] [ThreadPool]: Using postgres connection "list_observatoire_sirene"
[0m16:01:49.390783 [debug] [ThreadPool]: On list_observatoire_sirene: /* {"app": "dbt", "dbt_version": "1.12.0", "profile_name": "observatoire_sirene", "target_name": "dev", "connection_name": "list_observatoire_sirene"} */

    select distinct nspname from pg_namespace
  
[0m16:01:49.391095 [debug] [ThreadPool]: Opening a new connection, currently in state init
[0m16:01:49.438866 [debug] [ThreadPool]: SQL status: SELECT 6 in 0.048 seconds
[0m16:01:49.440014 [debug] [ThreadPool]: On list_observatoire_sirene: Close
[0m16:01:49.444587 [debug] [ThreadPool]: Acquiring new postgres connection 'list_observatoire_sirene_observatoire_observatoire'
[0m16:01:49.449213 [debug] [ThreadPool]: Using postgres connection "list_observatoire_sirene_observatoire_observatoire"
[0m16:01:49.449549 [debug] [ThreadPool]: On list_observatoire_sirene_observatoire_observatoire: /* {"app": "dbt", "dbt_version": "1.12.0", "profile_name": "observatoire_sirene", "target_name": "dev", "connection_name": "list_observatoire_sirene_observatoire_observatoire"} */
select
      'observatoire_sirene' as database,
      tablename as name,
      schemaname as schema,
      'table' as type
    from pg_tables
    where schemaname ilike 'observatoire_observatoire'
    union all
    select
      'observatoire_sirene' as database,
      viewname as name,
      schemaname as schema,
      'view' as type
    from pg_views
    where schemaname ilike 'observatoire_observatoire'
    union all
    select
      'observatoire_sirene' as database,
      matviewname as name,
      schemaname as schema,
      'materialized_view' as type
    from pg_matviews
    where schemaname ilike 'observatoire_observatoire'
    union all
    select distinct
     'observatoire_sirene' as database,
     proname as name,
     ns.nspname as schema,
     'function' as type
    from pg_proc
     join pg_namespace as ns on pronamespace = ns.oid
    where ns.nspname ilike 'observatoire_observatoire'
  
[0m16:01:49.449868 [debug] [ThreadPool]: Opening a new connection, currently in state init
[0m16:01:49.450575 [debug] [ThreadPool]: Acquiring new postgres connection 'list_observatoire_sirene_observatoire'
[0m16:01:49.451687 [debug] [ThreadPool]: Using postgres connection "list_observatoire_sirene_observatoire"
[0m16:01:49.452012 [debug] [ThreadPool]: On list_observatoire_sirene_observatoire: /* {"app": "dbt", "dbt_version": "1.12.0", "profile_name": "observatoire_sirene", "target_name": "dev", "connection_name": "list_observatoire_sirene_observatoire"} */
select
      'observatoire_sirene' as database,
      tablename as name,
      schemaname as schema,
      'table' as type
    from pg_tables
    where schemaname ilike 'observatoire'
    union all
    select
      'observatoire_sirene' as database,
      viewname as name,
      schemaname as schema,
      'view' as type
    from pg_views
    where schemaname ilike 'observatoire'
    union all
    select
      'observatoire_sirene' as database,
      matviewname as name,
      schemaname as schema,
      'materialized_view' as type
    from pg_matviews
    where schemaname ilike 'observatoire'
    union all
    select distinct
     'observatoire_sirene' as database,
     proname as name,
     ns.nspname as schema,
     'function' as type
    from pg_proc
     join pg_namespace as ns on pronamespace = ns.oid
    where ns.nspname ilike 'observatoire'
  
[0m16:01:49.452369 [debug] [ThreadPool]: Opening a new connection, currently in state init
[0m16:01:49.496330 [debug] [ThreadPool]: SQL status: SELECT 1 in 0.046 seconds
[0m16:01:49.497487 [debug] [ThreadPool]: On list_observatoire_sirene_observatoire_observatoire: ROLLBACK
[0m16:01:49.497915 [debug] [ThreadPool]: On list_observatoire_sirene_observatoire_observatoire: Close
[0m16:01:49.498239 [debug] [ThreadPool]: SQL status: SELECT 5 in 0.046 seconds
[0m16:01:49.499295 [debug] [ThreadPool]: On list_observatoire_sirene_observatoire: ROLLBACK
[0m16:01:49.500039 [debug] [ThreadPool]: On list_observatoire_sirene_observatoire: Close
[0m16:01:49.504881 [debug] [MainThread]: Using postgres connection "master"
[0m16:01:49.505281 [debug] [MainThread]: On master: /* {"app": "dbt", "dbt_version": "1.12.0", "profile_name": "observatoire_sirene", "target_name": "dev", "connection_name": "master"} */
select distinct
        dependent_namespace.nspname as dependent_schema,
        dependent_class.relname as dependent_name,
        referenced_namespace.nspname as referenced_schema,
        referenced_class.relname as referenced_name

    -- Query for views: views are entries in pg_class with an entry in pg_rewrite, but we avoid
    -- a seq scan on pg_rewrite by leveraging the fact there is an "internal" row in pg_depend for
    -- the view...
    from pg_class as dependent_class
    join pg_namespace as dependent_namespace on dependent_namespace.oid = dependent_class.relnamespace
    join pg_depend as dependent_depend on dependent_depend.refobjid = dependent_class.oid
        and dependent_depend.classid = 'pg_rewrite'::regclass
        and dependent_depend.refclassid = 'pg_class'::regclass
        and dependent_depend.deptype = 'i'

    -- ... and via pg_depend (that has a row per column, hence the need for "distinct" above, and
    -- making sure to exclude the internal row to avoid a view appearing to depend on itself)...
    join pg_depend as joining_depend on joining_depend.objid = dependent_depend.objid
        and joining_depend.classid = 'pg_rewrite'::regclass
        and joining_depend.refclassid = 'pg_class'::regclass
        and joining_depend.refobjid != dependent_depend.refobjid

    -- ... we can find the tables they query from in pg_class, but excluding system tables. Note we
    -- don't need need to exclude _dependent_ system tables, because they only query from other
    -- system tables, and so are automatically excluded by excluding _referenced_ system tables
    join pg_class as referenced_class on referenced_class.oid = joining_depend.refobjid
    join pg_namespace as referenced_namespace on referenced_namespace.oid = referenced_class.relnamespace
        and referenced_namespace.nspname != 'information_schema'
        and referenced_namespace.nspname not like 'pg\_%'

    order by
        dependent_schema, dependent_name, referenced_schema, referenced_name;
[0m16:01:49.505640 [debug] [MainThread]: Opening a new connection, currently in state init
[0m16:01:49.547530 [debug] [MainThread]: SQL status: SELECT 1 in 0.042 seconds
[0m16:01:49.548615 [debug] [MainThread]: Sending event: {'category': 'dbt', 'action': 'runnable_timing', 'label': '1202c96b-a812-4c1d-86a9-79dc192ae010', 'context': [<snowplow_tracker.self_describing_json.SelfDescribingJson object at 0x000002095DF52410>]}
[0m16:01:49.549007 [debug] [MainThread]: On master: ROLLBACK
[0m16:01:49.549422 [debug] [MainThread]: On master: COMMIT
[0m16:01:49.549713 [debug] [MainThread]: Using postgres connection "master"
[0m16:01:49.549980 [debug] [MainThread]: On master: COMMIT
[0m16:01:49.550488 [debug] [MainThread]: SQL status: COMMIT in 0.000 seconds
[0m16:01:49.550780 [debug] [MainThread]: On master: Close
[0m16:01:49.554252 [debug] [Thread-1 (]: Began running node model.mon_projet_dbt.stg_periodes
[0m16:01:49.554769 [info ] [Thread-1 (]: 1 of 1 START sql view model observatoire_observatoire.stg_periodes ............. [RUN]
[0m16:01:49.555568 [debug] [Thread-1 (]: Acquiring new postgres connection 'model.mon_projet_dbt.stg_periodes'
[0m16:01:49.555964 [debug] [Thread-1 (]: Began compiling node model.mon_projet_dbt.stg_periodes
[0m16:01:49.562191 [debug] [Thread-1 (]: Writing injected SQL for node "model.mon_projet_dbt.stg_periodes"
[0m16:01:49.563156 [debug] [Thread-1 (]: Began executing node model.mon_projet_dbt.stg_periodes
[0m16:01:49.594688 [debug] [Thread-1 (]: Writing runtime sql for node "model.mon_projet_dbt.stg_periodes"
[0m16:01:49.595660 [debug] [Thread-1 (]: Using postgres connection "model.mon_projet_dbt.stg_periodes"
[0m16:01:49.596082 [debug] [Thread-1 (]: On model.mon_projet_dbt.stg_periodes: /* {"app": "dbt", "dbt_version": "1.12.0", "profile_name": "observatoire_sirene", "target_name": "dev", "node_id": "model.mon_projet_dbt.stg_periodes"} */

  create view "observatoire_sirene"."observatoire_observatoire"."stg_periodes__dbt_tmp"
    
    
  as (
    WITH source AS (

    SELECT *

    FROM "observatoire_sirene"."public"."sirene_etablissement"

),


clean AS (

    SELECT

        CAST("siret" AS VARCHAR(14)) AS siret,


        CASE
            WHEN LENGTH(CAST("dateDebut" AS VARCHAR)) = 8
            THEN TO_DATE(
                CAST("dateDebut" AS VARCHAR),
                'YYYYMMDD'
            )
            ELSE NULL
        END AS date_debut,


        CASE
            WHEN LENGTH(CAST("dateFin" AS VARCHAR)) = 8
            THEN TO_DATE(
                CAST("dateFin" AS VARCHAR),
                'YYYYMMDD'
            )
            ELSE NULL
        END AS date_fin,


        CASE
            WHEN "etatAdministratifEtablissement" = 'A'
                THEN 'A'

            WHEN "etatAdministratifEtablissement" = 'F'
                THEN 'F'

            ELSE 'A'

        END AS etat,


        COALESCE(
            CAST("activitePrincipaleEtablissement" AS VARCHAR),
            '00000'
        ) AS code_ape,


        COALESCE(
            CAST("nomenclatureActivitePrincipaleEtablissement" AS VARCHAR),
            'INCONNU'
        ) AS nomenclature_ape,


        COALESCE(
            CAST("codeCommuneEtablissement" AS VARCHAR(5)),
            '99999'
        ) AS code_commune,


        COALESCE(
            UPPER("libelleCommuneEtablissement"),
            'INCONNU'
        ) AS libelle_commune,


        COALESCE(
            CAST("trancheEffectifsEtablissement" AS VARCHAR),
            '99'
        ) AS code_tranche


    FROM source


    WHERE "dateDebut" IS NOT NULL

)


SELECT *

FROM clean
  );
[0m16:01:49.596500 [debug] [Thread-1 (]: Opening a new connection, currently in state init
[0m16:01:49.638666 [debug] [Thread-1 (]: SQL status: CREATE VIEW in 0.042 seconds
[0m16:01:49.643607 [debug] [Thread-1 (]: Using postgres connection "model.mon_projet_dbt.stg_periodes"
[0m16:01:49.643958 [debug] [Thread-1 (]: On model.mon_projet_dbt.stg_periodes: /* {"app": "dbt", "dbt_version": "1.12.0", "profile_name": "observatoire_sirene", "target_name": "dev", "node_id": "model.mon_projet_dbt.stg_periodes"} */
alter table "observatoire_sirene"."observatoire_observatoire"."stg_periodes" rename to "stg_periodes__dbt_backup"
[0m16:01:49.644795 [debug] [Thread-1 (]: SQL status: ALTER TABLE in 0.000 seconds
[0m16:01:49.646589 [debug] [Thread-1 (]: Using postgres connection "model.mon_projet_dbt.stg_periodes"
[0m16:01:49.646927 [debug] [Thread-1 (]: On model.mon_projet_dbt.stg_periodes: /* {"app": "dbt", "dbt_version": "1.12.0", "profile_name": "observatoire_sirene", "target_name": "dev", "node_id": "model.mon_projet_dbt.stg_periodes"} */
alter table "observatoire_sirene"."observatoire_observatoire"."stg_periodes__dbt_tmp" rename to "stg_periodes"
[0m16:01:49.647635 [debug] [Thread-1 (]: SQL status: ALTER TABLE in 0.000 seconds
[0m16:01:49.664491 [debug] [Thread-1 (]: On model.mon_projet_dbt.stg_periodes: COMMIT
[0m16:01:49.664878 [debug] [Thread-1 (]: Using postgres connection "model.mon_projet_dbt.stg_periodes"
[0m16:01:49.665196 [debug] [Thread-1 (]: On model.mon_projet_dbt.stg_periodes: COMMIT
[0m16:01:49.666964 [debug] [Thread-1 (]: SQL status: COMMIT in 0.001 seconds
[0m16:01:49.671861 [debug] [Thread-1 (]: Applying DROP to: "observatoire_sirene"."observatoire_observatoire"."stg_periodes__dbt_backup"
[0m16:01:49.676755 [debug] [Thread-1 (]: Using postgres connection "model.mon_projet_dbt.stg_periodes"
[0m16:01:49.677106 [debug] [Thread-1 (]: On model.mon_projet_dbt.stg_periodes: /* {"app": "dbt", "dbt_version": "1.12.0", "profile_name": "observatoire_sirene", "target_name": "dev", "node_id": "model.mon_projet_dbt.stg_periodes"} */
drop view if exists "observatoire_sirene"."observatoire_observatoire"."stg_periodes__dbt_backup" cascade
[0m16:01:49.679545 [debug] [Thread-1 (]: SQL status: DROP VIEW in 0.002 seconds
[0m16:01:49.681623 [debug] [Thread-1 (]: On model.mon_projet_dbt.stg_periodes: Close
[0m16:01:49.684082 [debug] [Thread-1 (]: Sending event: {'category': 'dbt', 'action': 'run_model', 'label': '1202c96b-a812-4c1d-86a9-79dc192ae010', 'context': [<snowplow_tracker.self_describing_json.SelfDescribingJson object at 0x000002095DD8E990>]}
[0m16:01:49.685219 [info ] [Thread-1 (]: 1 of 1 OK created sql view model observatoire_observatoire.stg_periodes ........ [[32mCREATE VIEW[0m in 0.13s]
[0m16:01:49.686573 [debug] [Thread-1 (]: Finished running node model.mon_projet_dbt.stg_periodes
[0m16:01:49.688751 [debug] [MainThread]: On master: COMMIT
[0m16:01:49.689111 [debug] [MainThread]: Using postgres connection "master"
[0m16:01:49.689482 [debug] [MainThread]: On master: COMMIT
[0m16:01:49.689830 [debug] [MainThread]: Opening a new connection, currently in state closed
[0m16:01:49.728357 [debug] [MainThread]: SQL status: COMMIT in 0.038 seconds
[0m16:01:49.728733 [debug] [MainThread]: On master: Close
[0m16:01:49.729185 [debug] [MainThread]: Connection 'master' was properly closed.
[0m16:01:49.729449 [debug] [MainThread]: Connection 'list_observatoire_sirene' was properly closed.
[0m16:01:49.729734 [debug] [MainThread]: Connection 'list_observatoire_sirene_observatoire_observatoire' was properly closed.
[0m16:01:49.730005 [debug] [MainThread]: Connection 'list_observatoire_sirene_observatoire' was properly closed.
[0m16:01:49.730244 [debug] [MainThread]: Connection 'model.mon_projet_dbt.stg_periodes' was properly closed.
[0m16:01:49.730530 [info ] [MainThread]: 
[0m16:01:49.731092 [info ] [MainThread]: Finished running 1 view model in 0 hours 0 minutes and 0.40 seconds (0.40s).
[0m16:01:49.731843 [debug] [MainThread]: Command end result
[0m16:01:49.762709 [debug] [MainThread]: Wrote artifact WritableManifest to C:\Users\Utilisateur\Documents\courses\observatoire_sirene\mon_projet_dbt\target\manifest.json
[0m16:01:49.765764 [debug] [MainThread]: Wrote artifact SemanticManifest to C:\Users\Utilisateur\Documents\courses\observatoire_sirene\mon_projet_dbt\target\semantic_manifest.json
[0m16:01:49.768630 [debug] [MainThread]: Wrote artifact OsiDocument to C:\Users\Utilisateur\Documents\courses\observatoire_sirene\mon_projet_dbt\target\osi_document.json
[0m16:01:49.775420 [debug] [MainThread]: Wrote artifact RunExecutionResult to C:\Users\Utilisateur\Documents\courses\observatoire_sirene\mon_projet_dbt\target\run_results.json
[0m16:01:49.775723 [info ] [MainThread]: 
[0m16:01:49.776168 [info ] [MainThread]: [32mCompleted successfully[0m
[0m16:01:49.776557 [info ] [MainThread]: 
[0m16:01:49.776941 [info ] [MainThread]: Done. PASS=1 WARN=0 ERROR=0 SKIP=0 NO-OP=0 REUSED=0 TOTAL=1
[0m16:01:49.777757 [debug] [MainThread]: Command `dbt run` succeeded at 16:01:49.777655 after 1.77 seconds
[0m16:01:49.778116 [debug] [MainThread]: Sending event: {'category': 'dbt', 'action': 'invocation', 'label': 'end', 'context': [<snowplow_tracker.self_describing_json.SelfDescribingJson object at 0x000002095E192360>, <snowplow_tracker.self_describing_json.SelfDescribingJson object at 0x000002095DB88910>, <snowplow_tracker.self_describing_json.SelfDescribingJson object at 0x0000020956B65130>]}
[0m16:01:49.778477 [debug] [MainThread]: Flushing usage events
[0m16:01:50.473067 [debug] [MainThread]: An error was encountered while trying to flush usage events
[0m16:03:48.466759 [debug] [MainThread]: Sending event: {'category': 'dbt', 'action': 'invocation', 'label': 'start', 'context': [<snowplow_tracker.self_describing_json.SelfDescribingJson object at 0x000001A9D0C30980>, <snowplow_tracker.self_describing_json.SelfDescribingJson object at 0x000001A9CE530B90>, <snowplow_tracker.self_describing_json.SelfDescribingJson object at 0x000001A9D34939D0>]}


============================== 16:03:48.470762 | e18e2ca8-4049-4621-9ce6-4d13210150c8 ==============================
[0m16:03:48.470762 [info ] [MainThread]: Running with dbt=1.12.0
[0m16:03:48.471419 [debug] [MainThread]: running dbt with arguments {'maximum_seed_size_mib': '1', 'no_print': 'None', 'version_check': 'True', 'target_path': 'None', 'warn_error_options': 'WarnErrorOptionsV2(error=[], warn=[], silence=[])', 'static_parser': 'True', 'printer_width': '80', 'write_json': 'True', 'introspect': 'True', 'log_cache_events': 'False', 'empty': 'False', 'cache_selected_only': 'False', 'log_format': 'default', 'debug': 'False', 'fail_fast': 'False', 'profiles_dir': 'C:\\Users\\Utilisateur\\Documents\\courses\\observatoire_sirene\\mon_projet_dbt', 'send_anonymous_usage_stats': 'True', 'quiet': 'False', 'warn_error': 'None', 'partial_parse': 'True', 'use_colors': 'True', 'hints_enabled': 'True', 'invocation_command': 'dbt run', 'use_experimental_parser': 'False', 'indirect_selection': 'eager', 'log_path': 'C:\\Users\\Utilisateur\\Documents\\courses\\observatoire_sirene\\mon_projet_dbt\\logs'}
[0m16:03:48.677378 [debug] [MainThread]: Sending event: {'category': 'dbt', 'action': 'project_id', 'label': 'e18e2ca8-4049-4621-9ce6-4d13210150c8', 'context': [<snowplow_tracker.self_describing_json.SelfDescribingJson object at 0x000001A9D343DE00>]}
[0m16:03:48.746510 [debug] [MainThread]: Sending event: {'category': 'dbt', 'action': 'adapter_info', 'label': 'e18e2ca8-4049-4621-9ce6-4d13210150c8', 'context': [<snowplow_tracker.self_describing_json.SelfDescribingJson object at 0x000001A9CECBEF10>]}
[0m16:03:48.747740 [info ] [MainThread]: Registered adapter: postgres=1.11.0
[0m16:03:49.027129 [debug] [MainThread]: checksum: 60d4e7c5581444e26d365e42f856ff9ef6ae34e9f453452ecad212ad268af85c, vars: {}, profile: observatoire_sirene, target: dev, version: 1.12.0
[0m16:03:49.219779 [debug] [MainThread]: Partial parsing enabled: 0 files deleted, 0 files added, 0 files changed.
[0m16:03:49.220140 [debug] [MainThread]: Nothing changed, skipping partial parsing.
[0m16:03:49.220411 [debug] [MainThread]: Partial parsing enabled, no changes found, skipping parsing
[0m16:03:49.229746 [debug] [MainThread]: Sending event: {'category': 'dbt', 'action': 'load_project', 'label': 'e18e2ca8-4049-4621-9ce6-4d13210150c8', 'context': [<snowplow_tracker.self_describing_json.SelfDescribingJson object at 0x000001A9D39CF550>]}
[0m16:03:49.445875 [debug] [MainThread]: Wrote artifact WritableManifest to C:\Users\Utilisateur\Documents\courses\observatoire_sirene\mon_projet_dbt\target\manifest.json
[0m16:03:49.449191 [debug] [MainThread]: Wrote artifact SemanticManifest to C:\Users\Utilisateur\Documents\courses\observatoire_sirene\mon_projet_dbt\target\semantic_manifest.json
[0m16:03:49.467773 [debug] [MainThread]: Wrote artifact OsiDocument to C:\Users\Utilisateur\Documents\courses\observatoire_sirene\mon_projet_dbt\target\osi_document.json
[0m16:03:49.476185 [debug] [MainThread]: Sending event: {'category': 'dbt', 'action': 'resource_counts', 'label': 'e18e2ca8-4049-4621-9ce6-4d13210150c8', 'context': [<snowplow_tracker.self_describing_json.SelfDescribingJson object at 0x000001A9D3CC06E0>]}
[0m16:03:49.476599 [info ] [MainThread]: Found 2 models, 1 snapshot, 1 seed, 3 data tests, 2 sources, 477 macros
[0m16:03:49.477064 [debug] [MainThread]: Sending event: {'category': 'dbt', 'action': 'runnable_timing', 'label': 'e18e2ca8-4049-4621-9ce6-4d13210150c8', 'context': [<snowplow_tracker.self_describing_json.SelfDescribingJson object at 0x000001A9D3D08590>]}
[0m16:03:49.479032 [info ] [MainThread]: 
[0m16:03:49.479531 [info ] [MainThread]: Concurrency: 4 threads (target='dev')
[0m16:03:49.479987 [info ] [MainThread]: 
[0m16:03:49.480652 [debug] [MainThread]: Acquiring new postgres connection 'master'
[0m16:03:49.484176 [debug] [ThreadPool]: Acquiring new postgres connection 'list_observatoire_sirene'
[0m16:03:49.548880 [debug] [ThreadPool]: Using postgres connection "list_observatoire_sirene"
[0m16:03:49.549258 [debug] [ThreadPool]: On list_observatoire_sirene: /* {"app": "dbt", "dbt_version": "1.12.0", "profile_name": "observatoire_sirene", "target_name": "dev", "connection_name": "list_observatoire_sirene"} */

    select distinct nspname from pg_namespace
  
[0m16:03:49.549566 [debug] [ThreadPool]: Opening a new connection, currently in state init
[0m16:03:49.597388 [debug] [ThreadPool]: SQL status: SELECT 6 in 0.048 seconds
[0m16:03:49.598677 [debug] [ThreadPool]: On list_observatoire_sirene: Close
[0m16:03:49.600272 [debug] [ThreadPool]: Acquiring new postgres connection 'list_observatoire_sirene_observatoire'
[0m16:03:49.605227 [debug] [ThreadPool]: Using postgres connection "list_observatoire_sirene_observatoire"
[0m16:03:49.605623 [debug] [ThreadPool]: On list_observatoire_sirene_observatoire: /* {"app": "dbt", "dbt_version": "1.12.0", "profile_name": "observatoire_sirene", "target_name": "dev", "connection_name": "list_observatoire_sirene_observatoire"} */
select
      'observatoire_sirene' as database,
      tablename as name,
      schemaname as schema,
      'table' as type
    from pg_tables
    where schemaname ilike 'observatoire'
    union all
    select
      'observatoire_sirene' as database,
      viewname as name,
      schemaname as schema,
      'view' as type
    from pg_views
    where schemaname ilike 'observatoire'
    union all
    select
      'observatoire_sirene' as database,
      matviewname as name,
      schemaname as schema,
      'materialized_view' as type
    from pg_matviews
    where schemaname ilike 'observatoire'
    union all
    select distinct
     'observatoire_sirene' as database,
     proname as name,
     ns.nspname as schema,
     'function' as type
    from pg_proc
     join pg_namespace as ns on pronamespace = ns.oid
    where ns.nspname ilike 'observatoire'
  
[0m16:03:49.605966 [debug] [ThreadPool]: Opening a new connection, currently in state init
[0m16:03:49.606764 [debug] [ThreadPool]: Acquiring new postgres connection 'list_observatoire_sirene_observatoire_observatoire'
[0m16:03:49.607863 [debug] [ThreadPool]: Using postgres connection "list_observatoire_sirene_observatoire_observatoire"
[0m16:03:49.608211 [debug] [ThreadPool]: On list_observatoire_sirene_observatoire_observatoire: /* {"app": "dbt", "dbt_version": "1.12.0", "profile_name": "observatoire_sirene", "target_name": "dev", "connection_name": "list_observatoire_sirene_observatoire_observatoire"} */
select
      'observatoire_sirene' as database,
      tablename as name,
      schemaname as schema,
      'table' as type
    from pg_tables
    where schemaname ilike 'observatoire_observatoire'
    union all
    select
      'observatoire_sirene' as database,
      viewname as name,
      schemaname as schema,
      'view' as type
    from pg_views
    where schemaname ilike 'observatoire_observatoire'
    union all
    select
      'observatoire_sirene' as database,
      matviewname as name,
      schemaname as schema,
      'materialized_view' as type
    from pg_matviews
    where schemaname ilike 'observatoire_observatoire'
    union all
    select distinct
     'observatoire_sirene' as database,
     proname as name,
     ns.nspname as schema,
     'function' as type
    from pg_proc
     join pg_namespace as ns on pronamespace = ns.oid
    where ns.nspname ilike 'observatoire_observatoire'
  
[0m16:03:49.608549 [debug] [ThreadPool]: Opening a new connection, currently in state init
[0m16:03:49.656135 [debug] [ThreadPool]: SQL status: SELECT 5 in 0.050 seconds
[0m16:03:49.657384 [debug] [ThreadPool]: On list_observatoire_sirene_observatoire: ROLLBACK
[0m16:03:49.657736 [debug] [ThreadPool]: SQL status: SELECT 1 in 0.049 seconds
[0m16:03:49.658701 [debug] [ThreadPool]: On list_observatoire_sirene_observatoire_observatoire: ROLLBACK
[0m16:03:49.659032 [debug] [ThreadPool]: On list_observatoire_sirene_observatoire: Close
[0m16:03:49.659343 [debug] [ThreadPool]: On list_observatoire_sirene_observatoire_observatoire: Close
[0m16:03:49.665808 [debug] [MainThread]: Using postgres connection "master"
[0m16:03:49.666232 [debug] [MainThread]: On master: /* {"app": "dbt", "dbt_version": "1.12.0", "profile_name": "observatoire_sirene", "target_name": "dev", "connection_name": "master"} */
select distinct
        dependent_namespace.nspname as dependent_schema,
        dependent_class.relname as dependent_name,
        referenced_namespace.nspname as referenced_schema,
        referenced_class.relname as referenced_name

    -- Query for views: views are entries in pg_class with an entry in pg_rewrite, but we avoid
    -- a seq scan on pg_rewrite by leveraging the fact there is an "internal" row in pg_depend for
    -- the view...
    from pg_class as dependent_class
    join pg_namespace as dependent_namespace on dependent_namespace.oid = dependent_class.relnamespace
    join pg_depend as dependent_depend on dependent_depend.refobjid = dependent_class.oid
        and dependent_depend.classid = 'pg_rewrite'::regclass
        and dependent_depend.refclassid = 'pg_class'::regclass
        and dependent_depend.deptype = 'i'

    -- ... and via pg_depend (that has a row per column, hence the need for "distinct" above, and
    -- making sure to exclude the internal row to avoid a view appearing to depend on itself)...
    join pg_depend as joining_depend on joining_depend.objid = dependent_depend.objid
        and joining_depend.classid = 'pg_rewrite'::regclass
        and joining_depend.refclassid = 'pg_class'::regclass
        and joining_depend.refobjid != dependent_depend.refobjid

    -- ... we can find the tables they query from in pg_class, but excluding system tables. Note we
    -- don't need need to exclude _dependent_ system tables, because they only query from other
    -- system tables, and so are automatically excluded by excluding _referenced_ system tables
    join pg_class as referenced_class on referenced_class.oid = joining_depend.refobjid
    join pg_namespace as referenced_namespace on referenced_namespace.oid = referenced_class.relnamespace
        and referenced_namespace.nspname != 'information_schema'
        and referenced_namespace.nspname not like 'pg\_%'

    order by
        dependent_schema, dependent_name, referenced_schema, referenced_name;
[0m16:03:49.666623 [debug] [MainThread]: Opening a new connection, currently in state init
[0m16:03:49.709475 [debug] [MainThread]: SQL status: SELECT 1 in 0.043 seconds
[0m16:03:49.710549 [debug] [MainThread]: Sending event: {'category': 'dbt', 'action': 'runnable_timing', 'label': 'e18e2ca8-4049-4621-9ce6-4d13210150c8', 'context': [<snowplow_tracker.self_describing_json.SelfDescribingJson object at 0x000001A9D3E9A410>]}
[0m16:03:49.710945 [debug] [MainThread]: On master: ROLLBACK
[0m16:03:49.711419 [debug] [MainThread]: On master: COMMIT
[0m16:03:49.711810 [debug] [MainThread]: Using postgres connection "master"
[0m16:03:49.712076 [debug] [MainThread]: On master: COMMIT
[0m16:03:49.712617 [debug] [MainThread]: SQL status: COMMIT in 0.000 seconds
[0m16:03:49.712917 [debug] [MainThread]: On master: Close
[0m16:03:49.716515 [debug] [Thread-1 (]: Began running node model.mon_projet_dbt.stg_periodes
[0m16:03:49.717034 [info ] [Thread-1 (]: 1 of 2 START sql view model observatoire_observatoire.stg_periodes ............. [RUN]
[0m16:03:49.717805 [debug] [Thread-1 (]: Acquiring new postgres connection 'model.mon_projet_dbt.stg_periodes'
[0m16:03:49.718149 [debug] [Thread-1 (]: Began compiling node model.mon_projet_dbt.stg_periodes
[0m16:03:49.724114 [debug] [Thread-1 (]: Writing injected SQL for node "model.mon_projet_dbt.stg_periodes"
[0m16:03:49.725047 [debug] [Thread-1 (]: Began executing node model.mon_projet_dbt.stg_periodes
[0m16:03:49.756294 [debug] [Thread-1 (]: Writing runtime sql for node "model.mon_projet_dbt.stg_periodes"
[0m16:03:49.757348 [debug] [Thread-1 (]: Using postgres connection "model.mon_projet_dbt.stg_periodes"
[0m16:03:49.757775 [debug] [Thread-1 (]: On model.mon_projet_dbt.stg_periodes: /* {"app": "dbt", "dbt_version": "1.12.0", "profile_name": "observatoire_sirene", "target_name": "dev", "node_id": "model.mon_projet_dbt.stg_periodes"} */

  create view "observatoire_sirene"."observatoire_observatoire"."stg_periodes__dbt_tmp"
    
    
  as (
    WITH source AS (

    SELECT *

    FROM "observatoire_sirene"."public"."sirene_etablissement"

),


clean AS (

    SELECT

        CAST("siret" AS VARCHAR(14)) AS siret,


        CASE
            WHEN LENGTH(CAST("dateDebut" AS VARCHAR)) = 8
            THEN TO_DATE(
                CAST("dateDebut" AS VARCHAR),
                'YYYYMMDD'
            )
            ELSE NULL
        END AS date_debut,


        CASE
            WHEN LENGTH(CAST("dateFin" AS VARCHAR)) = 8
            THEN TO_DATE(
                CAST("dateFin" AS VARCHAR),
                'YYYYMMDD'
            )
            ELSE NULL
        END AS date_fin,


        CASE
            WHEN "etatAdministratifEtablissement" = 'A'
                THEN 'A'

            WHEN "etatAdministratifEtablissement" = 'F'
                THEN 'F'

            ELSE 'A'

        END AS etat,


        COALESCE(
            CAST("activitePrincipaleEtablissement" AS VARCHAR),
            '00000'
        ) AS code_ape,


        COALESCE(
            CAST("nomenclatureActivitePrincipaleEtablissement" AS VARCHAR),
            'INCONNU'
        ) AS nomenclature_ape,


        COALESCE(
            CAST("codeCommuneEtablissement" AS VARCHAR(5)),
            '99999'
        ) AS code_commune,


        COALESCE(
            UPPER("libelleCommuneEtablissement"),
            'INCONNU'
        ) AS libelle_commune,


        COALESCE(
            CAST("trancheEffectifsEtablissement" AS VARCHAR),
            '99'
        ) AS code_tranche


    FROM source


    WHERE "dateDebut" IS NOT NULL

)


SELECT *

FROM clean
  );
[0m16:03:49.758182 [debug] [Thread-1 (]: Opening a new connection, currently in state init
[0m16:03:49.799784 [debug] [Thread-1 (]: SQL status: CREATE VIEW in 0.042 seconds
[0m16:03:49.804768 [debug] [Thread-1 (]: Using postgres connection "model.mon_projet_dbt.stg_periodes"
[0m16:03:49.805116 [debug] [Thread-1 (]: On model.mon_projet_dbt.stg_periodes: /* {"app": "dbt", "dbt_version": "1.12.0", "profile_name": "observatoire_sirene", "target_name": "dev", "node_id": "model.mon_projet_dbt.stg_periodes"} */
alter table "observatoire_sirene"."observatoire_observatoire"."stg_periodes" rename to "stg_periodes__dbt_backup"
[0m16:03:49.805917 [debug] [Thread-1 (]: SQL status: ALTER TABLE in 0.000 seconds
[0m16:03:49.807668 [debug] [Thread-1 (]: Using postgres connection "model.mon_projet_dbt.stg_periodes"
[0m16:03:49.808001 [debug] [Thread-1 (]: On model.mon_projet_dbt.stg_periodes: /* {"app": "dbt", "dbt_version": "1.12.0", "profile_name": "observatoire_sirene", "target_name": "dev", "node_id": "model.mon_projet_dbt.stg_periodes"} */
alter table "observatoire_sirene"."observatoire_observatoire"."stg_periodes__dbt_tmp" rename to "stg_periodes"
[0m16:03:49.808701 [debug] [Thread-1 (]: SQL status: ALTER TABLE in 0.000 seconds
[0m16:03:49.825511 [debug] [Thread-1 (]: On model.mon_projet_dbt.stg_periodes: COMMIT
[0m16:03:49.825904 [debug] [Thread-1 (]: Using postgres connection "model.mon_projet_dbt.stg_periodes"
[0m16:03:49.826231 [debug] [Thread-1 (]: On model.mon_projet_dbt.stg_periodes: COMMIT
[0m16:03:49.831482 [debug] [Thread-1 (]: SQL status: COMMIT in 0.005 seconds
[0m16:03:49.836597 [debug] [Thread-1 (]: Applying DROP to: "observatoire_sirene"."observatoire_observatoire"."stg_periodes__dbt_backup"
[0m16:03:49.841435 [debug] [Thread-1 (]: Using postgres connection "model.mon_projet_dbt.stg_periodes"
[0m16:03:49.841778 [debug] [Thread-1 (]: On model.mon_projet_dbt.stg_periodes: /* {"app": "dbt", "dbt_version": "1.12.0", "profile_name": "observatoire_sirene", "target_name": "dev", "node_id": "model.mon_projet_dbt.stg_periodes"} */
drop view if exists "observatoire_sirene"."observatoire_observatoire"."stg_periodes__dbt_backup" cascade
[0m16:03:49.844872 [debug] [Thread-1 (]: SQL status: DROP VIEW in 0.003 seconds
[0m16:03:49.847020 [debug] [Thread-1 (]: On model.mon_projet_dbt.stg_periodes: Close
[0m16:03:49.848761 [debug] [Thread-1 (]: Sending event: {'category': 'dbt', 'action': 'run_model', 'label': 'e18e2ca8-4049-4621-9ce6-4d13210150c8', 'context': [<snowplow_tracker.self_describing_json.SelfDescribingJson object at 0x000001A9D3ED99D0>]}
[0m16:03:49.849518 [info ] [Thread-1 (]: 1 of 2 OK created sql view model observatoire_observatoire.stg_periodes ........ [[32mCREATE VIEW[0m in 0.13s]
[0m16:03:49.850513 [debug] [Thread-1 (]: Finished running node model.mon_projet_dbt.stg_periodes
[0m16:03:49.851238 [debug] [Thread-2 (]: Began running node model.mon_projet_dbt.dim_commune
[0m16:03:49.851809 [info ] [Thread-2 (]: 2 of 2 START sql table model observatoire_observatoire.dim_commune ............. [RUN]
[0m16:03:49.852497 [debug] [Thread-2 (]: Acquiring new postgres connection 'model.mon_projet_dbt.dim_commune'
[0m16:03:49.852986 [debug] [Thread-2 (]: Began compiling node model.mon_projet_dbt.dim_commune
[0m16:03:49.854711 [debug] [Thread-2 (]: Writing injected SQL for node "model.mon_projet_dbt.dim_commune"
[0m16:03:49.855869 [debug] [Thread-2 (]: Began executing node model.mon_projet_dbt.dim_commune
[0m16:03:49.875673 [debug] [Thread-2 (]: Writing runtime sql for node "model.mon_projet_dbt.dim_commune"
[0m16:03:49.876807 [debug] [Thread-2 (]: Using postgres connection "model.mon_projet_dbt.dim_commune"
[0m16:03:49.877171 [debug] [Thread-2 (]: On model.mon_projet_dbt.dim_commune: /* {"app": "dbt", "dbt_version": "1.12.0", "profile_name": "observatoire_sirene", "target_name": "dev", "node_id": "model.mon_projet_dbt.dim_commune"} */

  
    

  create  table "observatoire_sirene"."observatoire_observatoire"."dim_commune__dbt_tmp"
  
  
    as
  
  (
    SELECT DISTINCT


    code_commune,

    libelle_commune,


    LEFT(
        code_commune,
        2
    )
    AS code_departement


FROM "observatoire_sirene"."observatoire_observatoire"."stg_periodes"

WHERE code_commune IS NOT NULL
  );
  
[0m16:03:49.877507 [debug] [Thread-2 (]: Opening a new connection, currently in state init
[0m16:03:50.762172 [debug] [Thread-2 (]: SQL status: SELECT 424 in 0.885 seconds
[0m16:03:50.767996 [debug] [Thread-2 (]: Using postgres connection "model.mon_projet_dbt.dim_commune"
[0m16:03:50.768394 [debug] [Thread-2 (]: On model.mon_projet_dbt.dim_commune: /* {"app": "dbt", "dbt_version": "1.12.0", "profile_name": "observatoire_sirene", "target_name": "dev", "node_id": "model.mon_projet_dbt.dim_commune"} */
alter table "observatoire_sirene"."observatoire_observatoire"."dim_commune__dbt_tmp" rename to "dim_commune"
[0m16:03:50.769307 [debug] [Thread-2 (]: SQL status: ALTER TABLE in 0.000 seconds
[0m16:03:50.771665 [debug] [Thread-2 (]: On model.mon_projet_dbt.dim_commune: COMMIT
[0m16:03:50.772254 [debug] [Thread-2 (]: Using postgres connection "model.mon_projet_dbt.dim_commune"
[0m16:03:50.772868 [debug] [Thread-2 (]: On model.mon_projet_dbt.dim_commune: COMMIT
[0m16:03:50.777903 [debug] [Thread-2 (]: SQL status: COMMIT in 0.005 seconds
[0m16:03:50.779479 [debug] [Thread-2 (]: Applying DROP to: "observatoire_sirene"."observatoire_observatoire"."dim_commune__dbt_backup"
[0m16:03:50.782423 [debug] [Thread-2 (]: Using postgres connection "model.mon_projet_dbt.dim_commune"
[0m16:03:50.782911 [debug] [Thread-2 (]: On model.mon_projet_dbt.dim_commune: /* {"app": "dbt", "dbt_version": "1.12.0", "profile_name": "observatoire_sirene", "target_name": "dev", "node_id": "model.mon_projet_dbt.dim_commune"} */
drop table if exists "observatoire_sirene"."observatoire_observatoire"."dim_commune__dbt_backup" cascade
[0m16:03:50.785413 [debug] [Thread-2 (]: SQL status: DROP TABLE in 0.002 seconds
[0m16:03:50.787010 [debug] [Thread-2 (]: On model.mon_projet_dbt.dim_commune: Close
[0m16:03:50.787718 [debug] [Thread-2 (]: Sending event: {'category': 'dbt', 'action': 'run_model', 'label': 'e18e2ca8-4049-4621-9ce6-4d13210150c8', 'context': [<snowplow_tracker.self_describing_json.SelfDescribingJson object at 0x000001A9D40EF800>]}
[0m16:03:50.788367 [info ] [Thread-2 (]: 2 of 2 OK created sql table model observatoire_observatoire.dim_commune ........ [[32mSELECT 424[0m in 0.94s]
[0m16:03:50.789091 [debug] [Thread-2 (]: Finished running node model.mon_projet_dbt.dim_commune
[0m16:03:50.790729 [debug] [MainThread]: On master: COMMIT
[0m16:03:50.791318 [debug] [MainThread]: Using postgres connection "master"
[0m16:03:50.791772 [debug] [MainThread]: On master: COMMIT
[0m16:03:50.792228 [debug] [MainThread]: Opening a new connection, currently in state closed
[0m16:03:50.834688 [debug] [MainThread]: SQL status: COMMIT in 0.042 seconds
[0m16:03:50.835074 [debug] [MainThread]: On master: Close
[0m16:03:50.835534 [debug] [MainThread]: Connection 'master' was properly closed.
[0m16:03:50.835810 [debug] [MainThread]: Connection 'list_observatoire_sirene' was properly closed.
[0m16:03:50.836157 [debug] [MainThread]: Connection 'list_observatoire_sirene_observatoire' was properly closed.
[0m16:03:50.836440 [debug] [MainThread]: Connection 'list_observatoire_sirene_observatoire_observatoire' was properly closed.
[0m16:03:50.836689 [debug] [MainThread]: Connection 'model.mon_projet_dbt.stg_periodes' was properly closed.
[0m16:03:50.836939 [debug] [MainThread]: Connection 'model.mon_projet_dbt.dim_commune' was properly closed.
[0m16:03:50.837287 [info ] [MainThread]: 
[0m16:03:50.837724 [info ] [MainThread]: Finished running 1 table model, 1 view model in 0 hours 0 minutes and 1.36 seconds (1.36s).
[0m16:03:50.838658 [debug] [MainThread]: Command end result
[0m16:03:50.870497 [debug] [MainThread]: Wrote artifact WritableManifest to C:\Users\Utilisateur\Documents\courses\observatoire_sirene\mon_projet_dbt\target\manifest.json
[0m16:03:50.873560 [debug] [MainThread]: Wrote artifact SemanticManifest to C:\Users\Utilisateur\Documents\courses\observatoire_sirene\mon_projet_dbt\target\semantic_manifest.json
[0m16:03:50.876651 [debug] [MainThread]: Wrote artifact OsiDocument to C:\Users\Utilisateur\Documents\courses\observatoire_sirene\mon_projet_dbt\target\osi_document.json
[0m16:03:50.884199 [debug] [MainThread]: Wrote artifact RunExecutionResult to C:\Users\Utilisateur\Documents\courses\observatoire_sirene\mon_projet_dbt\target\run_results.json
[0m16:03:50.884554 [info ] [MainThread]: 
[0m16:03:50.885076 [info ] [MainThread]: [32mCompleted successfully[0m
[0m16:03:50.885509 [info ] [MainThread]: 
[0m16:03:50.885909 [info ] [MainThread]: Done. PASS=2 WARN=0 ERROR=0 SKIP=0 NO-OP=0 REUSED=0 TOTAL=2
[0m16:03:50.886816 [debug] [MainThread]: Command `dbt run` succeeded at 16:03:50.886704 after 2.58 seconds
[0m16:03:50.887207 [debug] [MainThread]: Sending event: {'category': 'dbt', 'action': 'invocation', 'label': 'end', 'context': [<snowplow_tracker.self_describing_json.SelfDescribingJson object at 0x000001A9D377DD10>, <snowplow_tracker.self_describing_json.SelfDescribingJson object at 0x000001A9D40E67B0>, <snowplow_tracker.self_describing_json.SelfDescribingJson object at 0x000001A9D3FB7350>]}
[0m16:03:50.887566 [debug] [MainThread]: Flushing usage events
[0m16:03:51.596418 [debug] [MainThread]: An error was encountered while trying to flush usage events
[0m16:08:31.574000 [debug] [MainThread]: Sending event: {'category': 'dbt', 'action': 'invocation', 'label': 'start', 'context': [<snowplow_tracker.self_describing_json.SelfDescribingJson object at 0x0000027A2FA20980>, <snowplow_tracker.self_describing_json.SelfDescribingJson object at 0x0000027A2D320B90>, <snowplow_tracker.self_describing_json.SelfDescribingJson object at 0x0000027A322839D0>]}


============================== 16:08:31.577437 | 5154be2c-cd29-4d11-acb0-7fc5a711e363 ==============================
[0m16:08:31.577437 [info ] [MainThread]: Running with dbt=1.12.0
[0m16:08:31.577978 [debug] [MainThread]: running dbt with arguments {'version_check': 'True', 'no_print': 'None', 'static_parser': 'True', 'target_path': 'None', 'warn_error_options': 'WarnErrorOptionsV2(error=[], warn=[], silence=[])', 'maximum_seed_size_mib': '1', 'printer_width': '80', 'write_json': 'True', 'empty': 'None', 'log_cache_events': 'False', 'introspect': 'True', 'cache_selected_only': 'False', 'log_format': 'default', 'debug': 'False', 'fail_fast': 'False', 'partial_parse': 'True', 'send_anonymous_usage_stats': 'True', 'quiet': 'False', 'warn_error': 'None', 'profiles_dir': 'C:\\Users\\Utilisateur\\Documents\\courses\\observatoire_sirene\\mon_projet_dbt', 'invocation_command': 'dbt test --select dim_commune', 'hints_enabled': 'True', 'indirect_selection': 'eager', 'use_experimental_parser': 'False', 'use_colors': 'True', 'log_path': 'C:\\Users\\Utilisateur\\Documents\\courses\\observatoire_sirene\\mon_projet_dbt\\logs'}
[0m16:08:31.748815 [debug] [MainThread]: Sending event: {'category': 'dbt', 'action': 'project_id', 'label': '5154be2c-cd29-4d11-acb0-7fc5a711e363', 'context': [<snowplow_tracker.self_describing_json.SelfDescribingJson object at 0x0000027A3222DE00>]}
[0m16:08:31.811737 [debug] [MainThread]: Sending event: {'category': 'dbt', 'action': 'adapter_info', 'label': '5154be2c-cd29-4d11-acb0-7fc5a711e363', 'context': [<snowplow_tracker.self_describing_json.SelfDescribingJson object at 0x0000027A2DAAEF10>]}
[0m16:08:31.812726 [info ] [MainThread]: Registered adapter: postgres=1.11.0
[0m16:08:32.052517 [debug] [MainThread]: checksum: 60d4e7c5581444e26d365e42f856ff9ef6ae34e9f453452ecad212ad268af85c, vars: {}, profile: observatoire_sirene, target: dev, version: 1.12.0
[0m16:08:32.229435 [debug] [MainThread]: Partial parsing enabled: 0 files deleted, 0 files added, 2 files changed.
[0m16:08:32.229962 [debug] [MainThread]: Partial parsing: updated file: mon_projet_dbt://models\sources.yml
[0m16:08:32.230442 [debug] [MainThread]: Partial parsing: updated file: mon_projet_dbt://models\marts\schema.yml
[0m16:08:32.745817 [error] [MainThread]: [[31mERROR[0m]: Encountered an error:
Compilation Error
  dbt found two schema.yml entries for the same resource named dim_commune. Resources and their associated columns may only be described a single time. To fix this, remove the resource entry for dim_commune in one of these files:
   - models\marts\schema.yml
  models\sources.yml
[0m16:08:32.746670 [debug] [MainThread]: Command `dbt test` failed at 16:08:32.746561 after 1.31 seconds
[0m16:08:32.747003 [debug] [MainThread]: Sending event: {'category': 'dbt', 'action': 'invocation', 'label': 'end', 'context': [<snowplow_tracker.self_describing_json.SelfDescribingJson object at 0x0000027A32F1C450>, <snowplow_tracker.self_describing_json.SelfDescribingJson object at 0x0000027A32F1C650>, <snowplow_tracker.self_describing_json.SelfDescribingJson object at 0x0000027A32E9EF30>]}
[0m16:08:32.747322 [debug] [MainThread]: Flushing usage events
[0m16:08:33.412108 [debug] [MainThread]: An error was encountered while trying to flush usage events
[0m16:09:50.380851 [debug] [MainThread]: Sending event: {'category': 'dbt', 'action': 'invocation', 'label': 'start', 'context': [<snowplow_tracker.self_describing_json.SelfDescribingJson object at 0x000002039AB90980>, <snowplow_tracker.self_describing_json.SelfDescribingJson object at 0x0000020398490B90>, <snowplow_tracker.self_describing_json.SelfDescribingJson object at 0x000002039D3F39D0>]}


============================== 16:09:50.384249 | 223d0eb8-7e00-41a1-8ff5-1d85740db73b ==============================
[0m16:09:50.384249 [info ] [MainThread]: Running with dbt=1.12.0
[0m16:09:50.384906 [debug] [MainThread]: running dbt with arguments {'maximum_seed_size_mib': '1', 'no_print': 'None', 'version_check': 'True', 'target_path': 'None', 'warn_error_options': 'WarnErrorOptionsV2(error=[], warn=[], silence=[])', 'static_parser': 'True', 'printer_width': '80', 'write_json': 'True', 'empty': 'None', 'log_cache_events': 'False', 'introspect': 'True', 'cache_selected_only': 'False', 'fail_fast': 'False', 'debug': 'False', 'log_format': 'default', 'partial_parse': 'True', 'send_anonymous_usage_stats': 'True', 'quiet': 'False', 'warn_error': 'None', 'profiles_dir': 'C:\\Users\\Utilisateur\\Documents\\courses\\observatoire_sirene\\mon_projet_dbt', 'use_colors': 'True', 'hints_enabled': 'True', 'invocation_command': 'dbt test --select dim_commune', 'use_experimental_parser': 'False', 'indirect_selection': 'eager', 'log_path': 'C:\\Users\\Utilisateur\\Documents\\courses\\observatoire_sirene\\mon_projet_dbt\\logs'}
[0m16:09:50.563749 [debug] [MainThread]: Sending event: {'category': 'dbt', 'action': 'project_id', 'label': '223d0eb8-7e00-41a1-8ff5-1d85740db73b', 'context': [<snowplow_tracker.self_describing_json.SelfDescribingJson object at 0x000002039D39DE00>]}
[0m16:09:50.631352 [debug] [MainThread]: Sending event: {'category': 'dbt', 'action': 'adapter_info', 'label': '223d0eb8-7e00-41a1-8ff5-1d85740db73b', 'context': [<snowplow_tracker.self_describing_json.SelfDescribingJson object at 0x0000020398C1EF10>]}
[0m16:09:50.632351 [info ] [MainThread]: Registered adapter: postgres=1.11.0
[0m16:09:50.881899 [debug] [MainThread]: checksum: 60d4e7c5581444e26d365e42f856ff9ef6ae34e9f453452ecad212ad268af85c, vars: {}, profile: observatoire_sirene, target: dev, version: 1.12.0
[0m16:09:51.057916 [debug] [MainThread]: Partial parsing enabled: 0 files deleted, 0 files added, 1 files changed.
[0m16:09:51.058539 [debug] [MainThread]: Partial parsing: updated file: mon_projet_dbt://models\marts\schema.yml
[0m16:09:51.654013 [debug] [MainThread]: Sending event: {'category': 'dbt', 'action': 'load_project', 'label': '223d0eb8-7e00-41a1-8ff5-1d85740db73b', 'context': [<snowplow_tracker.self_describing_json.SelfDescribingJson object at 0x000002039E04C950>]}
[0m16:09:51.777684 [debug] [MainThread]: Wrote artifact WritableManifest to C:\Users\Utilisateur\Documents\courses\observatoire_sirene\mon_projet_dbt\target\manifest.json
[0m16:09:51.780865 [debug] [MainThread]: Wrote artifact SemanticManifest to C:\Users\Utilisateur\Documents\courses\observatoire_sirene\mon_projet_dbt\target\semantic_manifest.json
[0m16:09:51.798546 [debug] [MainThread]: Wrote artifact OsiDocument to C:\Users\Utilisateur\Documents\courses\observatoire_sirene\mon_projet_dbt\target\osi_document.json
[0m16:09:51.815319 [debug] [MainThread]: Sending event: {'category': 'dbt', 'action': 'resource_counts', 'label': '223d0eb8-7e00-41a1-8ff5-1d85740db73b', 'context': [<snowplow_tracker.self_describing_json.SelfDescribingJson object at 0x000002039E0BE120>]}
[0m16:09:51.815734 [info ] [MainThread]: Found 1 snapshot, 1 seed, 2 models, 3 data tests, 2 sources, 477 macros
[0m16:09:51.816288 [debug] [MainThread]: Sending event: {'category': 'dbt', 'action': 'runnable_timing', 'label': '223d0eb8-7e00-41a1-8ff5-1d85740db73b', 'context': [<snowplow_tracker.self_describing_json.SelfDescribingJson object at 0x000002039E27C590>]}
[0m16:09:51.818009 [info ] [MainThread]: 
[0m16:09:51.818494 [info ] [MainThread]: Concurrency: 4 threads (target='dev')
[0m16:09:51.818951 [info ] [MainThread]: 
[0m16:09:51.819551 [debug] [MainThread]: Acquiring new postgres connection 'master'
[0m16:09:51.823474 [debug] [ThreadPool]: Acquiring new postgres connection 'list_observatoire_sirene_observatoire'
[0m16:09:51.832719 [debug] [ThreadPool]: Acquiring new postgres connection 'list_observatoire_sirene_observatoire_observatoire'
[0m16:09:51.884597 [debug] [ThreadPool]: Using postgres connection "list_observatoire_sirene_observatoire"
[0m16:09:51.884975 [debug] [ThreadPool]: On list_observatoire_sirene_observatoire: /* {"app": "dbt", "dbt_version": "1.12.0", "profile_name": "observatoire_sirene", "target_name": "dev", "connection_name": "list_observatoire_sirene_observatoire"} */
select
      'observatoire_sirene' as database,
      tablename as name,
      schemaname as schema,
      'table' as type
    from pg_tables
    where schemaname ilike 'observatoire'
    union all
    select
      'observatoire_sirene' as database,
      viewname as name,
      schemaname as schema,
      'view' as type
    from pg_views
    where schemaname ilike 'observatoire'
    union all
    select
      'observatoire_sirene' as database,
      matviewname as name,
      schemaname as schema,
      'materialized_view' as type
    from pg_matviews
    where schemaname ilike 'observatoire'
    union all
    select distinct
     'observatoire_sirene' as database,
     proname as name,
     ns.nspname as schema,
     'function' as type
    from pg_proc
     join pg_namespace as ns on pronamespace = ns.oid
    where ns.nspname ilike 'observatoire'
  
[0m16:09:51.885714 [debug] [ThreadPool]: Opening a new connection, currently in state init
[0m16:09:51.885379 [debug] [ThreadPool]: Using postgres connection "list_observatoire_sirene_observatoire_observatoire"
[0m16:09:51.886263 [debug] [ThreadPool]: On list_observatoire_sirene_observatoire_observatoire: /* {"app": "dbt", "dbt_version": "1.12.0", "profile_name": "observatoire_sirene", "target_name": "dev", "connection_name": "list_observatoire_sirene_observatoire_observatoire"} */
select
      'observatoire_sirene' as database,
      tablename as name,
      schemaname as schema,
      'table' as type
    from pg_tables
    where schemaname ilike 'observatoire_observatoire'
    union all
    select
      'observatoire_sirene' as database,
      viewname as name,
      schemaname as schema,
      'view' as type
    from pg_views
    where schemaname ilike 'observatoire_observatoire'
    union all
    select
      'observatoire_sirene' as database,
      matviewname as name,
      schemaname as schema,
      'materialized_view' as type
    from pg_matviews
    where schemaname ilike 'observatoire_observatoire'
    union all
    select distinct
     'observatoire_sirene' as database,
     proname as name,
     ns.nspname as schema,
     'function' as type
    from pg_proc
     join pg_namespace as ns on pronamespace = ns.oid
    where ns.nspname ilike 'observatoire_observatoire'
  
[0m16:09:51.886581 [debug] [ThreadPool]: Opening a new connection, currently in state init
[0m16:09:51.942032 [debug] [ThreadPool]: SQL status: SELECT 5 in 0.056 seconds
[0m16:09:51.943307 [debug] [ThreadPool]: On list_observatoire_sirene_observatoire: ROLLBACK
[0m16:09:51.943649 [debug] [ThreadPool]: SQL status: SELECT 2 in 0.057 seconds
[0m16:09:51.944587 [debug] [ThreadPool]: On list_observatoire_sirene_observatoire_observatoire: ROLLBACK
[0m16:09:51.944906 [debug] [ThreadPool]: On list_observatoire_sirene_observatoire: Close
[0m16:09:51.945226 [debug] [ThreadPool]: On list_observatoire_sirene_observatoire_observatoire: Close
[0m16:09:51.950358 [debug] [MainThread]: Using postgres connection "master"
[0m16:09:51.950766 [debug] [MainThread]: On master: /* {"app": "dbt", "dbt_version": "1.12.0", "profile_name": "observatoire_sirene", "target_name": "dev", "connection_name": "master"} */
select distinct
        dependent_namespace.nspname as dependent_schema,
        dependent_class.relname as dependent_name,
        referenced_namespace.nspname as referenced_schema,
        referenced_class.relname as referenced_name

    -- Query for views: views are entries in pg_class with an entry in pg_rewrite, but we avoid
    -- a seq scan on pg_rewrite by leveraging the fact there is an "internal" row in pg_depend for
    -- the view...
    from pg_class as dependent_class
    join pg_namespace as dependent_namespace on dependent_namespace.oid = dependent_class.relnamespace
    join pg_depend as dependent_depend on dependent_depend.refobjid = dependent_class.oid
        and dependent_depend.classid = 'pg_rewrite'::regclass
        and dependent_depend.refclassid = 'pg_class'::regclass
        and dependent_depend.deptype = 'i'

    -- ... and via pg_depend (that has a row per column, hence the need for "distinct" above, and
    -- making sure to exclude the internal row to avoid a view appearing to depend on itself)...
    join pg_depend as joining_depend on joining_depend.objid = dependent_depend.objid
        and joining_depend.classid = 'pg_rewrite'::regclass
        and joining_depend.refclassid = 'pg_class'::regclass
        and joining_depend.refobjid != dependent_depend.refobjid

    -- ... we can find the tables they query from in pg_class, but excluding system tables. Note we
    -- don't need need to exclude _dependent_ system tables, because they only query from other
    -- system tables, and so are automatically excluded by excluding _referenced_ system tables
    join pg_class as referenced_class on referenced_class.oid = joining_depend.refobjid
    join pg_namespace as referenced_namespace on referenced_namespace.oid = referenced_class.relnamespace
        and referenced_namespace.nspname != 'information_schema'
        and referenced_namespace.nspname not like 'pg\_%'

    order by
        dependent_schema, dependent_name, referenced_schema, referenced_name;
[0m16:09:51.951129 [debug] [MainThread]: Opening a new connection, currently in state init
[0m16:09:51.991809 [debug] [MainThread]: SQL status: SELECT 1 in 0.041 seconds
[0m16:09:51.992900 [debug] [MainThread]: Sending event: {'category': 'dbt', 'action': 'runnable_timing', 'label': '223d0eb8-7e00-41a1-8ff5-1d85740db73b', 'context': [<snowplow_tracker.self_describing_json.SelfDescribingJson object at 0x000002039E45A410>]}
[0m16:09:51.993305 [debug] [MainThread]: On master: ROLLBACK
[0m16:09:51.993705 [debug] [MainThread]: On master: COMMIT
[0m16:09:51.993991 [debug] [MainThread]: Using postgres connection "master"
[0m16:09:51.994257 [debug] [MainThread]: On master: COMMIT
[0m16:09:51.994712 [debug] [MainThread]: SQL status: COMMIT in 0.000 seconds
[0m16:09:51.995003 [debug] [MainThread]: On master: Close
[0m16:09:51.998397 [debug] [Thread-2 (]: Began running node test.mon_projet_dbt.not_null_dim_commune_libelle_commune.3720bf9ba0
[0m16:09:51.999184 [debug] [Thread-3 (]: Began running node test.mon_projet_dbt.unique_dim_commune_code_commune.e0bc4555d8
[0m16:09:51.998824 [info ] [Thread-2 (]: 2 of 3 START test not_null_dim_commune_libelle_commune ......................... [RUN]
[0m16:09:52.000510 [debug] [Thread-2 (]: Acquiring new postgres connection 'test.mon_projet_dbt.not_null_dim_commune_libelle_commune.3720bf9ba0'
[0m16:09:52.000856 [debug] [Thread-2 (]: Began compiling node test.mon_projet_dbt.not_null_dim_commune_libelle_commune.3720bf9ba0
[0m16:09:52.000031 [info ] [Thread-3 (]: 3 of 3 START test unique_dim_commune_code_commune .............................. [RUN]
[0m16:09:52.021260 [debug] [Thread-3 (]: Acquiring new postgres connection 'test.mon_projet_dbt.unique_dim_commune_code_commune.e0bc4555d8'
[0m16:09:51.999698 [debug] [Thread-1 (]: Began running node test.mon_projet_dbt.not_null_dim_commune_code_commune.7184fefab3
[0m16:09:52.021683 [debug] [Thread-3 (]: Began compiling node test.mon_projet_dbt.unique_dim_commune_code_commune.e0bc4555d8
[0m16:09:52.020725 [debug] [Thread-2 (]: Writing injected SQL for node "test.mon_projet_dbt.not_null_dim_commune_libelle_commune.3720bf9ba0"
[0m16:09:52.022054 [info ] [Thread-1 (]: 1 of 3 START test not_null_dim_commune_code_commune ............................ [RUN]
[0m16:09:52.030629 [debug] [Thread-1 (]: Acquiring new postgres connection 'test.mon_projet_dbt.not_null_dim_commune_code_commune.7184fefab3'
[0m16:09:52.030979 [debug] [Thread-1 (]: Began compiling node test.mon_projet_dbt.not_null_dim_commune_code_commune.7184fefab3
[0m16:09:52.029740 [debug] [Thread-3 (]: Writing injected SQL for node "test.mon_projet_dbt.unique_dim_commune_code_commune.e0bc4555d8"
[0m16:09:52.036853 [debug] [Thread-1 (]: Writing injected SQL for node "test.mon_projet_dbt.not_null_dim_commune_code_commune.7184fefab3"
[0m16:09:52.049937 [debug] [Thread-3 (]: Began executing node test.mon_projet_dbt.unique_dim_commune_code_commune.e0bc4555d8
[0m16:09:52.066298 [debug] [Thread-2 (]: Began executing node test.mon_projet_dbt.not_null_dim_commune_libelle_commune.3720bf9ba0
[0m16:09:52.069309 [debug] [Thread-2 (]: Writing runtime sql for node "test.mon_projet_dbt.not_null_dim_commune_libelle_commune.3720bf9ba0"
[0m16:09:52.069775 [debug] [Thread-1 (]: Began executing node test.mon_projet_dbt.not_null_dim_commune_code_commune.7184fefab3
[0m16:09:52.071116 [debug] [Thread-1 (]: Writing runtime sql for node "test.mon_projet_dbt.not_null_dim_commune_code_commune.7184fefab3"
[0m16:09:52.071635 [debug] [Thread-3 (]: Writing runtime sql for node "test.mon_projet_dbt.unique_dim_commune_code_commune.e0bc4555d8"
[0m16:09:52.072850 [debug] [Thread-3 (]: Using postgres connection "test.mon_projet_dbt.unique_dim_commune_code_commune.e0bc4555d8"
[0m16:09:52.073350 [debug] [Thread-3 (]: On test.mon_projet_dbt.unique_dim_commune_code_commune.e0bc4555d8: /* {"app": "dbt", "dbt_version": "1.12.0", "profile_name": "observatoire_sirene", "target_name": "dev", "node_id": "test.mon_projet_dbt.unique_dim_commune_code_commune.e0bc4555d8"} */

    
    select
      count(*) as failures,
      count(*) != 0 as should_warn,
      count(*) != 0 as should_error
    from (
      
    
  
    
    

select
    code_commune as unique_field,
    count(*) as n_records

from "observatoire_sirene"."observatoire_observatoire"."dim_commune"
where code_commune is not null
group by code_commune
having count(*) > 1



  
  
      
    ) dbt_internal_test
[0m16:09:52.073697 [debug] [Thread-3 (]: Opening a new connection, currently in state init
[0m16:09:52.074211 [debug] [Thread-2 (]: Using postgres connection "test.mon_projet_dbt.not_null_dim_commune_libelle_commune.3720bf9ba0"
[0m16:09:52.074573 [debug] [Thread-2 (]: On test.mon_projet_dbt.not_null_dim_commune_libelle_commune.3720bf9ba0: /* {"app": "dbt", "dbt_version": "1.12.0", "profile_name": "observatoire_sirene", "target_name": "dev", "node_id": "test.mon_projet_dbt.not_null_dim_commune_libelle_commune.3720bf9ba0"} */

    
    select
      count(*) as failures,
      count(*) != 0 as should_warn,
      count(*) != 0 as should_error
    from (
      
    
  
    
    



select libelle_commune
from "observatoire_sirene"."observatoire_observatoire"."dim_commune"
where libelle_commune is null



  
  
      
    ) dbt_internal_test
[0m16:09:52.074911 [debug] [Thread-2 (]: Opening a new connection, currently in state init
[0m16:09:52.075656 [debug] [Thread-1 (]: Using postgres connection "test.mon_projet_dbt.not_null_dim_commune_code_commune.7184fefab3"
[0m16:09:52.076128 [debug] [Thread-1 (]: On test.mon_projet_dbt.not_null_dim_commune_code_commune.7184fefab3: /* {"app": "dbt", "dbt_version": "1.12.0", "profile_name": "observatoire_sirene", "target_name": "dev", "node_id": "test.mon_projet_dbt.not_null_dim_commune_code_commune.7184fefab3"} */

    
    select
      count(*) as failures,
      count(*) != 0 as should_warn,
      count(*) != 0 as should_error
    from (
      
    
  
    
    



select code_commune
from "observatoire_sirene"."observatoire_observatoire"."dim_commune"
where code_commune is null



  
  
      
    ) dbt_internal_test
[0m16:09:52.076463 [debug] [Thread-1 (]: Opening a new connection, currently in state init
[0m16:09:52.120451 [debug] [Thread-3 (]: SQL status: SELECT 1 in 0.047 seconds
[0m16:09:52.124440 [debug] [Thread-3 (]: On test.mon_projet_dbt.unique_dim_commune_code_commune.e0bc4555d8: ROLLBACK
[0m16:09:52.124987 [debug] [Thread-3 (]: On test.mon_projet_dbt.unique_dim_commune_code_commune.e0bc4555d8: Close
[0m16:09:52.126049 [debug] [Thread-1 (]: SQL status: SELECT 1 in 0.050 seconds
[0m16:09:52.127873 [debug] [Thread-1 (]: On test.mon_projet_dbt.not_null_dim_commune_code_commune.7184fefab3: ROLLBACK
[0m16:09:52.125593 [error] [Thread-3 (]: 3 of 3 FAIL 86 unique_dim_commune_code_commune ................................. [[31mFAIL 86[0m in 0.10s]
[0m16:09:52.128707 [debug] [Thread-3 (]: Finished running node test.mon_projet_dbt.unique_dim_commune_code_commune.e0bc4555d8
[0m16:09:52.126543 [debug] [Thread-2 (]: SQL status: SELECT 1 in 0.052 seconds
[0m16:09:52.129284 [debug] [Thread-1 (]: On test.mon_projet_dbt.not_null_dim_commune_code_commune.7184fefab3: Close
[0m16:09:52.130561 [debug] [Thread-2 (]: On test.mon_projet_dbt.not_null_dim_commune_libelle_commune.3720bf9ba0: ROLLBACK
[0m16:09:52.131149 [info ] [Thread-1 (]: 1 of 3 PASS not_null_dim_commune_code_commune .................................. [[32mPASS[0m in 0.10s]
[0m16:09:52.132059 [debug] [Thread-1 (]: Finished running node test.mon_projet_dbt.not_null_dim_commune_code_commune.7184fefab3
[0m16:09:52.132599 [debug] [Thread-2 (]: On test.mon_projet_dbt.not_null_dim_commune_libelle_commune.3720bf9ba0: Close
[0m16:09:52.133535 [info ] [Thread-2 (]: 2 of 3 PASS not_null_dim_commune_libelle_commune ............................... [[32mPASS[0m in 0.13s]
[0m16:09:52.134320 [debug] [Thread-2 (]: Finished running node test.mon_projet_dbt.not_null_dim_commune_libelle_commune.3720bf9ba0
[0m16:09:52.135849 [debug] [MainThread]: On master: COMMIT
[0m16:09:52.136157 [debug] [MainThread]: Using postgres connection "master"
[0m16:09:52.136431 [debug] [MainThread]: On master: COMMIT
[0m16:09:52.136696 [debug] [MainThread]: Opening a new connection, currently in state closed
[0m16:09:52.176414 [debug] [MainThread]: SQL status: COMMIT in 0.040 seconds
[0m16:09:52.176794 [debug] [MainThread]: On master: Close
[0m16:09:52.177256 [debug] [MainThread]: Connection 'master' was properly closed.
[0m16:09:52.177524 [debug] [MainThread]: Connection 'list_observatoire_sirene_observatoire' was properly closed.
[0m16:09:52.177883 [debug] [MainThread]: Connection 'list_observatoire_sirene_observatoire_observatoire' was properly closed.
[0m16:09:52.178201 [debug] [MainThread]: Connection 'test.mon_projet_dbt.not_null_dim_commune_libelle_commune.3720bf9ba0' was properly closed.
[0m16:09:52.178447 [debug] [MainThread]: Connection 'test.mon_projet_dbt.unique_dim_commune_code_commune.e0bc4555d8' was properly closed.
[0m16:09:52.178690 [debug] [MainThread]: Connection 'test.mon_projet_dbt.not_null_dim_commune_code_commune.7184fefab3' was properly closed.
[0m16:09:52.179050 [info ] [MainThread]: 
[0m16:09:52.179464 [info ] [MainThread]: Finished running 3 data tests in 0 hours 0 minutes and 0.36 seconds (0.36s).
[0m16:09:52.180530 [debug] [MainThread]: Command end result
[0m16:09:52.211702 [debug] [MainThread]: Wrote artifact WritableManifest to C:\Users\Utilisateur\Documents\courses\observatoire_sirene\mon_projet_dbt\target\manifest.json
[0m16:09:52.214848 [debug] [MainThread]: Wrote artifact SemanticManifest to C:\Users\Utilisateur\Documents\courses\observatoire_sirene\mon_projet_dbt\target\semantic_manifest.json
[0m16:09:52.217794 [debug] [MainThread]: Wrote artifact OsiDocument to C:\Users\Utilisateur\Documents\courses\observatoire_sirene\mon_projet_dbt\target\osi_document.json
[0m16:09:52.225609 [debug] [MainThread]: Wrote artifact RunExecutionResult to C:\Users\Utilisateur\Documents\courses\observatoire_sirene\mon_projet_dbt\target\run_results.json
[0m16:09:52.225916 [info ] [MainThread]: 
[0m16:09:52.226357 [info ] [MainThread]: [31mCompleted with 1 error, 0 partial successes, and 0 warnings:[0m
[0m16:09:52.226743 [info ] [MainThread]: 
[0m16:09:52.227185 [error] [MainThread]: [[31mERROR[0m]: in test unique_dim_commune_code_commune (models\marts\schema.yml)
[0m16:09:52.227603 [error] [MainThread]:   Got 86 results, configured to fail if != 0
[0m16:09:52.227954 [info ] [MainThread]: 
[0m16:09:52.228355 [info ] [MainThread]:   compiled code at target\compiled\mon_projet_dbt\models\marts\schema.yml\unique_dim_commune_code_commune.sql
[0m16:09:52.228702 [info ] [MainThread]: 
[0m16:09:52.229076 [info ] [MainThread]: Done. PASS=2 WARN=0 ERROR=1 SKIP=0 NO-OP=0 REUSED=0 TOTAL=3
[0m16:09:52.229890 [debug] [MainThread]: Command `dbt test` failed at 16:09:52.229779 after 1.99 seconds
[0m16:09:52.230244 [debug] [MainThread]: Sending event: {'category': 'dbt', 'action': 'invocation', 'label': 'end', 'context': [<snowplow_tracker.self_describing_json.SelfDescribingJson object at 0x000002039E2B5B50>, <snowplow_tracker.self_describing_json.SelfDescribingJson object at 0x000002039E68B3E0>, <snowplow_tracker.self_describing_json.SelfDescribingJson object at 0x000002039E68BAC0>]}
[0m16:09:52.230582 [debug] [MainThread]: Flushing usage events
[0m16:09:52.930838 [debug] [MainThread]: An error was encountered while trying to flush usage events
[0m16:13:22.566131 [debug] [MainThread]: Sending event: {'category': 'dbt', 'action': 'invocation', 'label': 'start', 'context': [<snowplow_tracker.self_describing_json.SelfDescribingJson object at 0x0000023293CA0980>, <snowplow_tracker.self_describing_json.SelfDescribingJson object at 0x00000232915A0B90>, <snowplow_tracker.self_describing_json.SelfDescribingJson object at 0x000002329648B890>]}


============================== 16:13:22.569458 | b056384e-f8cd-4e6d-968c-7d25500ba115 ==============================
[0m16:13:22.569458 [info ] [MainThread]: Running with dbt=1.12.0
[0m16:13:22.570056 [debug] [MainThread]: running dbt with arguments {'version_check': 'True', 'no_print': 'None', 'static_parser': 'True', 'warn_error_options': 'WarnErrorOptionsV2(error=[], warn=[], silence=[])', 'maximum_seed_size_mib': '1', 'target_path': 'None', 'printer_width': '80', 'write_json': 'True', 'empty': 'None', 'log_cache_events': 'False', 'introspect': 'True', 'cache_selected_only': 'False', 'log_format': 'default', 'debug': 'False', 'fail_fast': 'False', 'profiles_dir': 'C:\\Users\\Utilisateur\\Documents\\courses\\observatoire_sirene\\mon_projet_dbt', 'send_anonymous_usage_stats': 'True', 'quiet': 'False', 'warn_error': 'None', 'partial_parse': 'True', 'indirect_selection': 'eager', 'hints_enabled': 'True', 'invocation_command': 'dbt parse', 'use_experimental_parser': 'False', 'use_colors': 'True', 'log_path': 'C:\\Users\\Utilisateur\\Documents\\courses\\observatoire_sirene\\mon_projet_dbt\\logs'}
[0m16:13:22.749883 [debug] [MainThread]: Sending event: {'category': 'dbt', 'action': 'project_id', 'label': 'b056384e-f8cd-4e6d-968c-7d25500ba115', 'context': [<snowplow_tracker.self_describing_json.SelfDescribingJson object at 0x00000232962CB950>]}
[0m16:13:22.819230 [debug] [MainThread]: Sending event: {'category': 'dbt', 'action': 'adapter_info', 'label': 'b056384e-f8cd-4e6d-968c-7d25500ba115', 'context': [<snowplow_tracker.self_describing_json.SelfDescribingJson object at 0x0000023291D2EF10>]}
[0m16:13:22.820264 [info ] [MainThread]: Registered adapter: postgres=1.11.0
[0m16:13:23.058832 [debug] [MainThread]: checksum: 60d4e7c5581444e26d365e42f856ff9ef6ae34e9f453452ecad212ad268af85c, vars: {}, profile: observatoire_sirene, target: dev, version: 1.12.0
[0m16:13:23.233724 [debug] [MainThread]: Partial parsing enabled: 0 files deleted, 0 files added, 0 files changed.
[0m16:13:23.234062 [debug] [MainThread]: Nothing changed, skipping partial parsing.
[0m16:13:23.234308 [debug] [MainThread]: Partial parsing enabled, no changes found, skipping parsing
[0m16:13:23.242755 [debug] [MainThread]: Sending event: {'category': 'dbt', 'action': 'load_project', 'label': 'b056384e-f8cd-4e6d-968c-7d25500ba115', 'context': [<snowplow_tracker.self_describing_json.SelfDescribingJson object at 0x0000023296BF1D50>]}
[0m16:13:23.246171 [info ] [MainThread]: Performance info: C:\Users\Utilisateur\Documents\courses\observatoire_sirene\mon_projet_dbt\target\perf_info.json
[0m16:13:23.455015 [debug] [MainThread]: Wrote artifact WritableManifest to C:\Users\Utilisateur\Documents\courses\observatoire_sirene\mon_projet_dbt\target\manifest.json
[0m16:13:23.458141 [debug] [MainThread]: Wrote artifact SemanticManifest to C:\Users\Utilisateur\Documents\courses\observatoire_sirene\mon_projet_dbt\target\semantic_manifest.json
[0m16:13:23.475272 [debug] [MainThread]: Wrote artifact OsiDocument to C:\Users\Utilisateur\Documents\courses\observatoire_sirene\mon_projet_dbt\target\osi_document.json
[0m16:13:23.475907 [debug] [MainThread]: Command `dbt parse` succeeded at 16:13:23.475802 after 1.05 seconds
[0m16:13:23.476233 [debug] [MainThread]: Sending event: {'category': 'dbt', 'action': 'invocation', 'label': 'end', 'context': [<snowplow_tracker.self_describing_json.SelfDescribingJson object at 0x00000232967877A0>, <snowplow_tracker.self_describing_json.SelfDescribingJson object at 0x00000232967875C0>, <snowplow_tracker.self_describing_json.SelfDescribingJson object at 0x000002329644D010>]}
[0m16:13:23.476558 [debug] [MainThread]: Flushing usage events
[0m16:13:24.209805 [debug] [MainThread]: An error was encountered while trying to flush usage events
[0m16:14:11.445237 [debug] [MainThread]: Sending event: {'category': 'dbt', 'action': 'invocation', 'label': 'start', 'context': [<snowplow_tracker.self_describing_json.SelfDescribingJson object at 0x0000019D026C0980>, <snowplow_tracker.self_describing_json.SelfDescribingJson object at 0x0000019D00034B90>, <snowplow_tracker.self_describing_json.SelfDescribingJson object at 0x0000019D04F139D0>]}


============================== 16:14:11.448612 | 2dae39ff-ed3e-4f49-9f4f-f3cd946f8176 ==============================
[0m16:14:11.448612 [info ] [MainThread]: Running with dbt=1.12.0
[0m16:14:11.449206 [debug] [MainThread]: running dbt with arguments {'static_parser': 'True', 'no_print': 'None', 'maximum_seed_size_mib': '1', 'target_path': 'None', 'warn_error_options': 'WarnErrorOptionsV2(error=[], warn=[], silence=[])', 'version_check': 'True', 'printer_width': '80', 'write_json': 'True', 'empty': 'None', 'log_cache_events': 'False', 'introspect': 'True', 'cache_selected_only': 'False', 'log_format': 'default', 'debug': 'False', 'fail_fast': 'False', 'profiles_dir': 'C:\\Users\\Utilisateur\\Documents\\courses\\observatoire_sirene\\mon_projet_dbt', 'send_anonymous_usage_stats': 'True', 'quiet': 'False', 'warn_error': 'None', 'partial_parse': 'True', 'indirect_selection': 'eager', 'hints_enabled': 'True', 'use_colors': 'True', 'use_experimental_parser': 'False', 'invocation_command': 'dbt test --select dim_commune', 'log_path': 'C:\\Users\\Utilisateur\\Documents\\courses\\observatoire_sirene\\mon_projet_dbt\\logs'}
[0m16:14:11.621707 [debug] [MainThread]: Sending event: {'category': 'dbt', 'action': 'project_id', 'label': '2dae39ff-ed3e-4f49-9f4f-f3cd946f8176', 'context': [<snowplow_tracker.self_describing_json.SelfDescribingJson object at 0x0000019D04EBDE00>]}
[0m16:14:11.685982 [debug] [MainThread]: Sending event: {'category': 'dbt', 'action': 'adapter_info', 'label': '2dae39ff-ed3e-4f49-9f4f-f3cd946f8176', 'context': [<snowplow_tracker.self_describing_json.SelfDescribingJson object at 0x0000019D0075EF10>]}
[0m16:14:11.686948 [info ] [MainThread]: Registered adapter: postgres=1.11.0
[0m16:14:11.929683 [debug] [MainThread]: checksum: 60d4e7c5581444e26d365e42f856ff9ef6ae34e9f453452ecad212ad268af85c, vars: {}, profile: observatoire_sirene, target: dev, version: 1.12.0
[0m16:14:12.118166 [debug] [MainThread]: Partial parsing enabled: 0 files deleted, 0 files added, 0 files changed.
[0m16:14:12.118520 [debug] [MainThread]: Nothing changed, skipping partial parsing.
[0m16:14:12.118782 [debug] [MainThread]: Partial parsing enabled, no changes found, skipping parsing
[0m16:14:12.127914 [debug] [MainThread]: Sending event: {'category': 'dbt', 'action': 'load_project', 'label': '2dae39ff-ed3e-4f49-9f4f-f3cd946f8176', 'context': [<snowplow_tracker.self_describing_json.SelfDescribingJson object at 0x0000019D0549F550>]}
[0m16:14:12.336527 [debug] [MainThread]: Wrote artifact WritableManifest to C:\Users\Utilisateur\Documents\courses\observatoire_sirene\mon_projet_dbt\target\manifest.json
[0m16:14:12.339566 [debug] [MainThread]: Wrote artifact SemanticManifest to C:\Users\Utilisateur\Documents\courses\observatoire_sirene\mon_projet_dbt\target\semantic_manifest.json
[0m16:14:12.356501 [debug] [MainThread]: Wrote artifact OsiDocument to C:\Users\Utilisateur\Documents\courses\observatoire_sirene\mon_projet_dbt\target\osi_document.json
[0m16:14:12.373087 [debug] [MainThread]: Sending event: {'category': 'dbt', 'action': 'resource_counts', 'label': '2dae39ff-ed3e-4f49-9f4f-f3cd946f8176', 'context': [<snowplow_tracker.self_describing_json.SelfDescribingJson object at 0x0000019D0581A6C0>]}
[0m16:14:12.373547 [info ] [MainThread]: Found 1 snapshot, 1 seed, 2 models, 3 data tests, 2 sources, 477 macros
[0m16:14:12.374051 [debug] [MainThread]: Sending event: {'category': 'dbt', 'action': 'runnable_timing', 'label': '2dae39ff-ed3e-4f49-9f4f-f3cd946f8176', 'context': [<snowplow_tracker.self_describing_json.SelfDescribingJson object at 0x0000019D0592CE50>]}
[0m16:14:12.375862 [info ] [MainThread]: 
[0m16:14:12.376371 [info ] [MainThread]: Concurrency: 4 threads (target='dev')
[0m16:14:12.376808 [info ] [MainThread]: 
[0m16:14:12.377420 [debug] [MainThread]: Acquiring new postgres connection 'master'
[0m16:14:12.381294 [debug] [ThreadPool]: Acquiring new postgres connection 'list_observatoire_sirene_observatoire'
[0m16:14:12.392776 [debug] [ThreadPool]: Acquiring new postgres connection 'list_observatoire_sirene_observatoire_observatoire'
[0m16:14:12.445992 [debug] [ThreadPool]: Using postgres connection "list_observatoire_sirene_observatoire"
[0m16:14:12.446414 [debug] [ThreadPool]: On list_observatoire_sirene_observatoire: /* {"app": "dbt", "dbt_version": "1.12.0", "profile_name": "observatoire_sirene", "target_name": "dev", "connection_name": "list_observatoire_sirene_observatoire"} */
select
      'observatoire_sirene' as database,
      tablename as name,
      schemaname as schema,
      'table' as type
    from pg_tables
    where schemaname ilike 'observatoire'
    union all
    select
      'observatoire_sirene' as database,
      viewname as name,
      schemaname as schema,
      'view' as type
    from pg_views
    where schemaname ilike 'observatoire'
    union all
    select
      'observatoire_sirene' as database,
      matviewname as name,
      schemaname as schema,
      'materialized_view' as type
    from pg_matviews
    where schemaname ilike 'observatoire'
    union all
    select distinct
     'observatoire_sirene' as database,
     proname as name,
     ns.nspname as schema,
     'function' as type
    from pg_proc
     join pg_namespace as ns on pronamespace = ns.oid
    where ns.nspname ilike 'observatoire'
  
[0m16:14:12.446770 [debug] [ThreadPool]: Opening a new connection, currently in state init
[0m16:14:12.447325 [debug] [ThreadPool]: Using postgres connection "list_observatoire_sirene_observatoire_observatoire"
[0m16:14:12.447701 [debug] [ThreadPool]: On list_observatoire_sirene_observatoire_observatoire: /* {"app": "dbt", "dbt_version": "1.12.0", "profile_name": "observatoire_sirene", "target_name": "dev", "connection_name": "list_observatoire_sirene_observatoire_observatoire"} */
select
      'observatoire_sirene' as database,
      tablename as name,
      schemaname as schema,
      'table' as type
    from pg_tables
    where schemaname ilike 'observatoire_observatoire'
    union all
    select
      'observatoire_sirene' as database,
      viewname as name,
      schemaname as schema,
      'view' as type
    from pg_views
    where schemaname ilike 'observatoire_observatoire'
    union all
    select
      'observatoire_sirene' as database,
      matviewname as name,
      schemaname as schema,
      'materialized_view' as type
    from pg_matviews
    where schemaname ilike 'observatoire_observatoire'
    union all
    select distinct
     'observatoire_sirene' as database,
     proname as name,
     ns.nspname as schema,
     'function' as type
    from pg_proc
     join pg_namespace as ns on pronamespace = ns.oid
    where ns.nspname ilike 'observatoire_observatoire'
  
[0m16:14:12.448032 [debug] [ThreadPool]: Opening a new connection, currently in state init
[0m16:14:12.504218 [debug] [ThreadPool]: SQL status: SELECT 2 in 0.056 seconds
[0m16:14:12.505454 [debug] [ThreadPool]: On list_observatoire_sirene_observatoire_observatoire: ROLLBACK
[0m16:14:12.505795 [debug] [ThreadPool]: SQL status: SELECT 5 in 0.059 seconds
[0m16:14:12.506796 [debug] [ThreadPool]: On list_observatoire_sirene_observatoire: ROLLBACK
[0m16:14:12.507247 [debug] [ThreadPool]: On list_observatoire_sirene_observatoire_observatoire: Close
[0m16:14:12.507761 [debug] [ThreadPool]: On list_observatoire_sirene_observatoire: Close
[0m16:14:12.513778 [debug] [MainThread]: Using postgres connection "master"
[0m16:14:12.514179 [debug] [MainThread]: On master: /* {"app": "dbt", "dbt_version": "1.12.0", "profile_name": "observatoire_sirene", "target_name": "dev", "connection_name": "master"} */
select distinct
        dependent_namespace.nspname as dependent_schema,
        dependent_class.relname as dependent_name,
        referenced_namespace.nspname as referenced_schema,
        referenced_class.relname as referenced_name

    -- Query for views: views are entries in pg_class with an entry in pg_rewrite, but we avoid
    -- a seq scan on pg_rewrite by leveraging the fact there is an "internal" row in pg_depend for
    -- the view...
    from pg_class as dependent_class
    join pg_namespace as dependent_namespace on dependent_namespace.oid = dependent_class.relnamespace
    join pg_depend as dependent_depend on dependent_depend.refobjid = dependent_class.oid
        and dependent_depend.classid = 'pg_rewrite'::regclass
        and dependent_depend.refclassid = 'pg_class'::regclass
        and dependent_depend.deptype = 'i'

    -- ... and via pg_depend (that has a row per column, hence the need for "distinct" above, and
    -- making sure to exclude the internal row to avoid a view appearing to depend on itself)...
    join pg_depend as joining_depend on joining_depend.objid = dependent_depend.objid
        and joining_depend.classid = 'pg_rewrite'::regclass
        and joining_depend.refclassid = 'pg_class'::regclass
        and joining_depend.refobjid != dependent_depend.refobjid

    -- ... we can find the tables they query from in pg_class, but excluding system tables. Note we
    -- don't need need to exclude _dependent_ system tables, because they only query from other
    -- system tables, and so are automatically excluded by excluding _referenced_ system tables
    join pg_class as referenced_class on referenced_class.oid = joining_depend.refobjid
    join pg_namespace as referenced_namespace on referenced_namespace.oid = referenced_class.relnamespace
        and referenced_namespace.nspname != 'information_schema'
        and referenced_namespace.nspname not like 'pg\_%'

    order by
        dependent_schema, dependent_name, referenced_schema, referenced_name;
[0m16:14:12.514599 [debug] [MainThread]: Opening a new connection, currently in state init
[0m16:14:12.555286 [debug] [MainThread]: SQL status: SELECT 1 in 0.041 seconds
[0m16:14:12.556378 [debug] [MainThread]: Sending event: {'category': 'dbt', 'action': 'runnable_timing', 'label': '2dae39ff-ed3e-4f49-9f4f-f3cd946f8176', 'context': [<snowplow_tracker.self_describing_json.SelfDescribingJson object at 0x0000019D05B658B0>]}
[0m16:14:12.556778 [debug] [MainThread]: On master: ROLLBACK
[0m16:14:12.557207 [debug] [MainThread]: On master: COMMIT
[0m16:14:12.557514 [debug] [MainThread]: Using postgres connection "master"
[0m16:14:12.557785 [debug] [MainThread]: On master: COMMIT
[0m16:14:12.558251 [debug] [MainThread]: SQL status: COMMIT in 0.000 seconds
[0m16:14:12.558534 [debug] [MainThread]: On master: Close
[0m16:14:12.561754 [debug] [Thread-1 (]: Began running node test.mon_projet_dbt.not_null_dim_commune_code_commune.7184fefab3
[0m16:14:12.562178 [info ] [Thread-1 (]: 1 of 3 START test not_null_dim_commune_code_commune ............................ [RUN]
[0m16:14:12.562861 [debug] [Thread-1 (]: Acquiring new postgres connection 'test.mon_projet_dbt.not_null_dim_commune_code_commune.7184fefab3'
[0m16:14:12.563204 [debug] [Thread-1 (]: Began compiling node test.mon_projet_dbt.not_null_dim_commune_code_commune.7184fefab3
[0m16:14:12.569656 [debug] [Thread-3 (]: Began running node test.mon_projet_dbt.unique_dim_commune_code_commune.e0bc4555d8
[0m16:14:12.570621 [debug] [Thread-2 (]: Began running node test.mon_projet_dbt.not_null_dim_commune_libelle_commune.3720bf9ba0
[0m16:14:12.581883 [debug] [Thread-1 (]: Writing injected SQL for node "test.mon_projet_dbt.not_null_dim_commune_code_commune.7184fefab3"
[0m16:14:12.570203 [info ] [Thread-3 (]: 3 of 3 START test unique_dim_commune_code_commune .............................. [RUN]
[0m16:14:12.582645 [debug] [Thread-3 (]: Acquiring new postgres connection 'test.mon_projet_dbt.unique_dim_commune_code_commune.e0bc4555d8'
[0m16:14:12.582999 [debug] [Thread-3 (]: Began compiling node test.mon_projet_dbt.unique_dim_commune_code_commune.e0bc4555d8
[0m16:14:12.590414 [debug] [Thread-3 (]: Writing injected SQL for node "test.mon_projet_dbt.unique_dim_commune_code_commune.e0bc4555d8"
[0m16:14:12.570985 [info ] [Thread-2 (]: 2 of 3 START test not_null_dim_commune_libelle_commune ......................... [RUN]
[0m16:14:12.591538 [debug] [Thread-2 (]: Acquiring new postgres connection 'test.mon_projet_dbt.not_null_dim_commune_libelle_commune.3720bf9ba0'
[0m16:14:12.592206 [debug] [Thread-2 (]: Began compiling node test.mon_projet_dbt.not_null_dim_commune_libelle_commune.3720bf9ba0
[0m16:14:12.598376 [debug] [Thread-2 (]: Writing injected SQL for node "test.mon_projet_dbt.not_null_dim_commune_libelle_commune.3720bf9ba0"
[0m16:14:12.598839 [debug] [Thread-1 (]: Began executing node test.mon_projet_dbt.not_null_dim_commune_code_commune.7184fefab3
[0m16:14:12.615362 [debug] [Thread-1 (]: Writing runtime sql for node "test.mon_projet_dbt.not_null_dim_commune_code_commune.7184fefab3"
[0m16:14:12.616197 [debug] [Thread-3 (]: Began executing node test.mon_projet_dbt.unique_dim_commune_code_commune.e0bc4555d8
[0m16:14:12.617776 [debug] [Thread-3 (]: Writing runtime sql for node "test.mon_projet_dbt.unique_dim_commune_code_commune.e0bc4555d8"
[0m16:14:12.618229 [debug] [Thread-2 (]: Began executing node test.mon_projet_dbt.not_null_dim_commune_libelle_commune.3720bf9ba0
[0m16:14:12.619608 [debug] [Thread-2 (]: Writing runtime sql for node "test.mon_projet_dbt.not_null_dim_commune_libelle_commune.3720bf9ba0"
[0m16:14:12.620412 [debug] [Thread-3 (]: Using postgres connection "test.mon_projet_dbt.unique_dim_commune_code_commune.e0bc4555d8"
[0m16:14:12.620795 [debug] [Thread-3 (]: On test.mon_projet_dbt.unique_dim_commune_code_commune.e0bc4555d8: /* {"app": "dbt", "dbt_version": "1.12.0", "profile_name": "observatoire_sirene", "target_name": "dev", "node_id": "test.mon_projet_dbt.unique_dim_commune_code_commune.e0bc4555d8"} */

    
    select
      count(*) as failures,
      count(*) != 0 as should_warn,
      count(*) != 0 as should_error
    from (
      
    
  
    
    

select
    code_commune as unique_field,
    count(*) as n_records

from "observatoire_sirene"."observatoire_observatoire"."dim_commune"
where code_commune is not null
group by code_commune
having count(*) > 1



  
  
      
    ) dbt_internal_test
[0m16:14:12.621147 [debug] [Thread-3 (]: Opening a new connection, currently in state init
[0m16:14:12.621656 [debug] [Thread-1 (]: Using postgres connection "test.mon_projet_dbt.not_null_dim_commune_code_commune.7184fefab3"
[0m16:14:12.622021 [debug] [Thread-1 (]: On test.mon_projet_dbt.not_null_dim_commune_code_commune.7184fefab3: /* {"app": "dbt", "dbt_version": "1.12.0", "profile_name": "observatoire_sirene", "target_name": "dev", "node_id": "test.mon_projet_dbt.not_null_dim_commune_code_commune.7184fefab3"} */

    
    select
      count(*) as failures,
      count(*) != 0 as should_warn,
      count(*) != 0 as should_error
    from (
      
    
  
    
    



select code_commune
from "observatoire_sirene"."observatoire_observatoire"."dim_commune"
where code_commune is null



  
  
      
    ) dbt_internal_test
[0m16:14:12.622412 [debug] [Thread-1 (]: Opening a new connection, currently in state init
[0m16:14:12.622995 [debug] [Thread-2 (]: Using postgres connection "test.mon_projet_dbt.not_null_dim_commune_libelle_commune.3720bf9ba0"
[0m16:14:12.623408 [debug] [Thread-2 (]: On test.mon_projet_dbt.not_null_dim_commune_libelle_commune.3720bf9ba0: /* {"app": "dbt", "dbt_version": "1.12.0", "profile_name": "observatoire_sirene", "target_name": "dev", "node_id": "test.mon_projet_dbt.not_null_dim_commune_libelle_commune.3720bf9ba0"} */

    
    select
      count(*) as failures,
      count(*) != 0 as should_warn,
      count(*) != 0 as should_error
    from (
      
    
  
    
    



select libelle_commune
from "observatoire_sirene"."observatoire_observatoire"."dim_commune"
where libelle_commune is null



  
  
      
    ) dbt_internal_test
[0m16:14:12.623750 [debug] [Thread-2 (]: Opening a new connection, currently in state init
[0m16:14:12.670172 [debug] [Thread-1 (]: SQL status: SELECT 1 in 0.048 seconds
[0m16:14:12.674123 [debug] [Thread-1 (]: On test.mon_projet_dbt.not_null_dim_commune_code_commune.7184fefab3: ROLLBACK
[0m16:14:12.674603 [debug] [Thread-3 (]: SQL status: SELECT 1 in 0.053 seconds
[0m16:14:12.675794 [debug] [Thread-3 (]: On test.mon_projet_dbt.unique_dim_commune_code_commune.e0bc4555d8: ROLLBACK
[0m16:14:12.676172 [debug] [Thread-1 (]: On test.mon_projet_dbt.not_null_dim_commune_code_commune.7184fefab3: Close
[0m16:14:12.676558 [debug] [Thread-2 (]: SQL status: SELECT 1 in 0.053 seconds
[0m16:14:12.677756 [debug] [Thread-2 (]: On test.mon_projet_dbt.not_null_dim_commune_libelle_commune.3720bf9ba0: ROLLBACK
[0m16:14:12.678131 [debug] [Thread-3 (]: On test.mon_projet_dbt.unique_dim_commune_code_commune.e0bc4555d8: Close
[0m16:14:12.679159 [debug] [Thread-2 (]: On test.mon_projet_dbt.not_null_dim_commune_libelle_commune.3720bf9ba0: Close
[0m16:14:12.678747 [info ] [Thread-1 (]: 1 of 3 PASS not_null_dim_commune_code_commune .................................. [[32mPASS[0m in 0.12s]
[0m16:14:12.681464 [debug] [Thread-1 (]: Finished running node test.mon_projet_dbt.not_null_dim_commune_code_commune.7184fefab3
[0m16:14:12.680531 [info ] [Thread-2 (]: 2 of 3 PASS not_null_dim_commune_libelle_commune ............................... [[32mPASS[0m in 0.09s]
[0m16:14:12.679769 [error] [Thread-3 (]: 3 of 3 FAIL 86 unique_dim_commune_code_commune ................................. [[31mFAIL 86[0m in 0.10s]
[0m16:14:12.684101 [debug] [Thread-3 (]: Finished running node test.mon_projet_dbt.unique_dim_commune_code_commune.e0bc4555d8
[0m16:14:12.683166 [debug] [Thread-2 (]: Finished running node test.mon_projet_dbt.not_null_dim_commune_libelle_commune.3720bf9ba0
[0m16:14:12.685802 [debug] [MainThread]: On master: COMMIT
[0m16:14:12.686120 [debug] [MainThread]: Using postgres connection "master"
[0m16:14:12.686395 [debug] [MainThread]: On master: COMMIT
[0m16:14:12.686656 [debug] [MainThread]: Opening a new connection, currently in state closed
[0m16:14:12.724738 [debug] [MainThread]: SQL status: COMMIT in 0.038 seconds
[0m16:14:12.725112 [debug] [MainThread]: On master: Close
[0m16:14:12.725553 [debug] [MainThread]: Connection 'master' was properly closed.
[0m16:14:12.725820 [debug] [MainThread]: Connection 'list_observatoire_sirene_observatoire' was properly closed.
[0m16:14:12.726106 [debug] [MainThread]: Connection 'list_observatoire_sirene_observatoire_observatoire' was properly closed.
[0m16:14:12.726395 [debug] [MainThread]: Connection 'test.mon_projet_dbt.not_null_dim_commune_code_commune.7184fefab3' was properly closed.
[0m16:14:12.726642 [debug] [MainThread]: Connection 'test.mon_projet_dbt.unique_dim_commune_code_commune.e0bc4555d8' was properly closed.
[0m16:14:12.726888 [debug] [MainThread]: Connection 'test.mon_projet_dbt.not_null_dim_commune_libelle_commune.3720bf9ba0' was properly closed.
[0m16:14:12.727187 [info ] [MainThread]: 
[0m16:14:12.727763 [info ] [MainThread]: Finished running 3 data tests in 0 hours 0 minutes and 0.35 seconds (0.35s).
[0m16:14:12.729344 [debug] [MainThread]: Command end result
[0m16:14:12.762717 [debug] [MainThread]: Wrote artifact WritableManifest to C:\Users\Utilisateur\Documents\courses\observatoire_sirene\mon_projet_dbt\target\manifest.json
[0m16:14:12.765935 [debug] [MainThread]: Wrote artifact SemanticManifest to C:\Users\Utilisateur\Documents\courses\observatoire_sirene\mon_projet_dbt\target\semantic_manifest.json
[0m16:14:12.768819 [debug] [MainThread]: Wrote artifact OsiDocument to C:\Users\Utilisateur\Documents\courses\observatoire_sirene\mon_projet_dbt\target\osi_document.json
[0m16:14:12.776506 [debug] [MainThread]: Wrote artifact RunExecutionResult to C:\Users\Utilisateur\Documents\courses\observatoire_sirene\mon_projet_dbt\target\run_results.json
[0m16:14:12.776862 [info ] [MainThread]: 
[0m16:14:12.777308 [info ] [MainThread]: [31mCompleted with 1 error, 0 partial successes, and 0 warnings:[0m
[0m16:14:12.777685 [info ] [MainThread]: 
[0m16:14:12.778110 [error] [MainThread]: [[31mERROR[0m]: in test unique_dim_commune_code_commune (models\marts\schema.yml)
[0m16:14:12.778518 [error] [MainThread]:   Got 86 results, configured to fail if != 0
[0m16:14:12.778860 [info ] [MainThread]: 
[0m16:14:12.779257 [info ] [MainThread]:   compiled code at target\compiled\mon_projet_dbt\models\marts\schema.yml\unique_dim_commune_code_commune.sql
[0m16:14:12.779611 [info ] [MainThread]: 
[0m16:14:12.779992 [info ] [MainThread]: Done. PASS=2 WARN=0 ERROR=1 SKIP=0 NO-OP=0 REUSED=0 TOTAL=3
[0m16:14:12.780789 [debug] [MainThread]: Command `dbt test` failed at 16:14:12.780685 after 1.47 seconds
[0m16:14:12.781156 [debug] [MainThread]: Sending event: {'category': 'dbt', 'action': 'invocation', 'label': 'end', 'context': [<snowplow_tracker.self_describing_json.SelfDescribingJson object at 0x0000019D05670290>, <snowplow_tracker.self_describing_json.SelfDescribingJson object at 0x0000019D060ACF70>, <snowplow_tracker.self_describing_json.SelfDescribingJson object at 0x0000019D060AD390>]}
[0m16:14:12.781497 [debug] [MainThread]: Flushing usage events
[0m16:14:13.450361 [debug] [MainThread]: An error was encountered while trying to flush usage events
[0m16:19:11.804618 [debug] [MainThread]: Sending event: {'category': 'dbt', 'action': 'invocation', 'label': 'start', 'context': [<snowplow_tracker.self_describing_json.SelfDescribingJson object at 0x000002071B6B0980>, <snowplow_tracker.self_describing_json.SelfDescribingJson object at 0x0000020718FB0B90>, <snowplow_tracker.self_describing_json.SelfDescribingJson object at 0x000002071DF139D0>]}


============================== 16:19:11.808041 | 20dedc6b-4dc5-41f2-8ba8-9e4b3085d251 ==============================
[0m16:19:11.808041 [info ] [MainThread]: Running with dbt=1.12.0
[0m16:19:11.808590 [debug] [MainThread]: running dbt with arguments {'static_parser': 'True', 'no_print': 'None', 'maximum_seed_size_mib': '1', 'warn_error_options': 'WarnErrorOptionsV2(error=[], warn=[], silence=[])', 'target_path': 'None', 'version_check': 'True', 'printer_width': '80', 'write_json': 'True', 'introspect': 'True', 'log_cache_events': 'False', 'empty': 'False', 'cache_selected_only': 'False', 'log_format': 'default', 'debug': 'False', 'fail_fast': 'False', 'profiles_dir': 'C:\\Users\\Utilisateur\\Documents\\courses\\observatoire_sirene\\mon_projet_dbt', 'send_anonymous_usage_stats': 'True', 'quiet': 'False', 'warn_error': 'None', 'partial_parse': 'True', 'invocation_command': 'dbt run --select dim_commune', 'hints_enabled': 'True', 'indirect_selection': 'eager', 'use_experimental_parser': 'False', 'use_colors': 'True', 'log_path': 'C:\\Users\\Utilisateur\\Documents\\courses\\observatoire_sirene\\mon_projet_dbt\\logs'}
[0m16:19:11.982403 [debug] [MainThread]: Sending event: {'category': 'dbt', 'action': 'project_id', 'label': '20dedc6b-4dc5-41f2-8ba8-9e4b3085d251', 'context': [<snowplow_tracker.self_describing_json.SelfDescribingJson object at 0x000002071DEBDE00>]}
[0m16:19:12.049830 [debug] [MainThread]: Sending event: {'category': 'dbt', 'action': 'adapter_info', 'label': '20dedc6b-4dc5-41f2-8ba8-9e4b3085d251', 'context': [<snowplow_tracker.self_describing_json.SelfDescribingJson object at 0x000002071973EF10>]}
[0m16:19:12.050850 [info ] [MainThread]: Registered adapter: postgres=1.11.0
[0m16:19:12.287426 [debug] [MainThread]: checksum: 60d4e7c5581444e26d365e42f856ff9ef6ae34e9f453452ecad212ad268af85c, vars: {}, profile: observatoire_sirene, target: dev, version: 1.12.0
[0m16:19:12.467750 [debug] [MainThread]: Partial parsing enabled: 0 files deleted, 0 files added, 1 files changed.
[0m16:19:12.468317 [debug] [MainThread]: Partial parsing: updated file: mon_projet_dbt://models\marts\dim_commune.sql
[0m16:19:13.081736 [debug] [MainThread]: Sending event: {'category': 'dbt', 'action': 'load_project', 'label': '20dedc6b-4dc5-41f2-8ba8-9e4b3085d251', 'context': [<snowplow_tracker.self_describing_json.SelfDescribingJson object at 0x000002071EBF0750>]}
[0m16:19:13.215320 [debug] [MainThread]: Wrote artifact WritableManifest to C:\Users\Utilisateur\Documents\courses\observatoire_sirene\mon_projet_dbt\target\manifest.json
[0m16:19:13.218798 [debug] [MainThread]: Wrote artifact SemanticManifest to C:\Users\Utilisateur\Documents\courses\observatoire_sirene\mon_projet_dbt\target\semantic_manifest.json
[0m16:19:13.236883 [debug] [MainThread]: Wrote artifact OsiDocument to C:\Users\Utilisateur\Documents\courses\observatoire_sirene\mon_projet_dbt\target\osi_document.json
[0m16:19:13.245468 [debug] [MainThread]: Sending event: {'category': 'dbt', 'action': 'resource_counts', 'label': '20dedc6b-4dc5-41f2-8ba8-9e4b3085d251', 'context': [<snowplow_tracker.self_describing_json.SelfDescribingJson object at 0x000002071ED14140>]}
[0m16:19:13.245890 [info ] [MainThread]: Found 1 snapshot, 1 seed, 2 models, 3 data tests, 2 sources, 477 macros
[0m16:19:13.246344 [debug] [MainThread]: Sending event: {'category': 'dbt', 'action': 'runnable_timing', 'label': '20dedc6b-4dc5-41f2-8ba8-9e4b3085d251', 'context': [<snowplow_tracker.self_describing_json.SelfDescribingJson object at 0x000002071EC97BD0>]}
[0m16:19:13.247937 [info ] [MainThread]: 
[0m16:19:13.248373 [info ] [MainThread]: Concurrency: 4 threads (target='dev')
[0m16:19:13.248809 [info ] [MainThread]: 
[0m16:19:13.249318 [debug] [MainThread]: Acquiring new postgres connection 'master'
[0m16:19:13.250366 [debug] [ThreadPool]: Acquiring new postgres connection 'list_observatoire_sirene'
[0m16:19:13.311823 [debug] [ThreadPool]: Using postgres connection "list_observatoire_sirene"
[0m16:19:13.312177 [debug] [ThreadPool]: On list_observatoire_sirene: /* {"app": "dbt", "dbt_version": "1.12.0", "profile_name": "observatoire_sirene", "target_name": "dev", "connection_name": "list_observatoire_sirene"} */

    select distinct nspname from pg_namespace
  
[0m16:19:13.312453 [debug] [ThreadPool]: Opening a new connection, currently in state init
[0m16:19:13.358435 [debug] [ThreadPool]: SQL status: SELECT 6 in 0.046 seconds
[0m16:19:13.359570 [debug] [ThreadPool]: On list_observatoire_sirene: Close
[0m16:19:13.363947 [debug] [ThreadPool]: Acquiring new postgres connection 'list_observatoire_sirene_observatoire_observatoire'
[0m16:19:13.368580 [debug] [ThreadPool]: Using postgres connection "list_observatoire_sirene_observatoire_observatoire"
[0m16:19:13.368923 [debug] [ThreadPool]: On list_observatoire_sirene_observatoire_observatoire: /* {"app": "dbt", "dbt_version": "1.12.0", "profile_name": "observatoire_sirene", "target_name": "dev", "connection_name": "list_observatoire_sirene_observatoire_observatoire"} */
select
      'observatoire_sirene' as database,
      tablename as name,
      schemaname as schema,
      'table' as type
    from pg_tables
    where schemaname ilike 'observatoire_observatoire'
    union all
    select
      'observatoire_sirene' as database,
      viewname as name,
      schemaname as schema,
      'view' as type
    from pg_views
    where schemaname ilike 'observatoire_observatoire'
    union all
    select
      'observatoire_sirene' as database,
      matviewname as name,
      schemaname as schema,
      'materialized_view' as type
    from pg_matviews
    where schemaname ilike 'observatoire_observatoire'
    union all
    select distinct
     'observatoire_sirene' as database,
     proname as name,
     ns.nspname as schema,
     'function' as type
    from pg_proc
     join pg_namespace as ns on pronamespace = ns.oid
    where ns.nspname ilike 'observatoire_observatoire'
  
[0m16:19:13.369231 [debug] [ThreadPool]: Opening a new connection, currently in state init
[0m16:19:13.369935 [debug] [ThreadPool]: Acquiring new postgres connection 'list_observatoire_sirene_observatoire'
[0m16:19:13.371193 [debug] [ThreadPool]: Using postgres connection "list_observatoire_sirene_observatoire"
[0m16:19:13.371531 [debug] [ThreadPool]: On list_observatoire_sirene_observatoire: /* {"app": "dbt", "dbt_version": "1.12.0", "profile_name": "observatoire_sirene", "target_name": "dev", "connection_name": "list_observatoire_sirene_observatoire"} */
select
      'observatoire_sirene' as database,
      tablename as name,
      schemaname as schema,
      'table' as type
    from pg_tables
    where schemaname ilike 'observatoire'
    union all
    select
      'observatoire_sirene' as database,
      viewname as name,
      schemaname as schema,
      'view' as type
    from pg_views
    where schemaname ilike 'observatoire'
    union all
    select
      'observatoire_sirene' as database,
      matviewname as name,
      schemaname as schema,
      'materialized_view' as type
    from pg_matviews
    where schemaname ilike 'observatoire'
    union all
    select distinct
     'observatoire_sirene' as database,
     proname as name,
     ns.nspname as schema,
     'function' as type
    from pg_proc
     join pg_namespace as ns on pronamespace = ns.oid
    where ns.nspname ilike 'observatoire'
  
[0m16:19:13.371829 [debug] [ThreadPool]: Opening a new connection, currently in state init
[0m16:19:13.417545 [debug] [ThreadPool]: SQL status: SELECT 2 in 0.048 seconds
[0m16:19:13.418838 [debug] [ThreadPool]: On list_observatoire_sirene_observatoire_observatoire: ROLLBACK
[0m16:19:13.419185 [debug] [ThreadPool]: SQL status: SELECT 5 in 0.047 seconds
[0m16:19:13.420142 [debug] [ThreadPool]: On list_observatoire_sirene_observatoire: ROLLBACK
[0m16:19:13.420460 [debug] [ThreadPool]: On list_observatoire_sirene_observatoire_observatoire: Close
[0m16:19:13.420771 [debug] [ThreadPool]: On list_observatoire_sirene_observatoire: Close
[0m16:19:13.426861 [debug] [MainThread]: Using postgres connection "master"
[0m16:19:13.427249 [debug] [MainThread]: On master: /* {"app": "dbt", "dbt_version": "1.12.0", "profile_name": "observatoire_sirene", "target_name": "dev", "connection_name": "master"} */
select distinct
        dependent_namespace.nspname as dependent_schema,
        dependent_class.relname as dependent_name,
        referenced_namespace.nspname as referenced_schema,
        referenced_class.relname as referenced_name

    -- Query for views: views are entries in pg_class with an entry in pg_rewrite, but we avoid
    -- a seq scan on pg_rewrite by leveraging the fact there is an "internal" row in pg_depend for
    -- the view...
    from pg_class as dependent_class
    join pg_namespace as dependent_namespace on dependent_namespace.oid = dependent_class.relnamespace
    join pg_depend as dependent_depend on dependent_depend.refobjid = dependent_class.oid
        and dependent_depend.classid = 'pg_rewrite'::regclass
        and dependent_depend.refclassid = 'pg_class'::regclass
        and dependent_depend.deptype = 'i'

    -- ... and via pg_depend (that has a row per column, hence the need for "distinct" above, and
    -- making sure to exclude the internal row to avoid a view appearing to depend on itself)...
    join pg_depend as joining_depend on joining_depend.objid = dependent_depend.objid
        and joining_depend.classid = 'pg_rewrite'::regclass
        and joining_depend.refclassid = 'pg_class'::regclass
        and joining_depend.refobjid != dependent_depend.refobjid

    -- ... we can find the tables they query from in pg_class, but excluding system tables. Note we
    -- don't need need to exclude _dependent_ system tables, because they only query from other
    -- system tables, and so are automatically excluded by excluding _referenced_ system tables
    join pg_class as referenced_class on referenced_class.oid = joining_depend.refobjid
    join pg_namespace as referenced_namespace on referenced_namespace.oid = referenced_class.relnamespace
        and referenced_namespace.nspname != 'information_schema'
        and referenced_namespace.nspname not like 'pg\_%'

    order by
        dependent_schema, dependent_name, referenced_schema, referenced_name;
[0m16:19:13.427596 [debug] [MainThread]: Opening a new connection, currently in state init
[0m16:19:13.468413 [debug] [MainThread]: SQL status: SELECT 1 in 0.041 seconds
[0m16:19:13.469508 [debug] [MainThread]: Sending event: {'category': 'dbt', 'action': 'runnable_timing', 'label': '20dedc6b-4dc5-41f2-8ba8-9e4b3085d251', 'context': [<snowplow_tracker.self_describing_json.SelfDescribingJson object at 0x000002071EEA7C70>]}
[0m16:19:13.469910 [debug] [MainThread]: On master: ROLLBACK
[0m16:19:13.470327 [debug] [MainThread]: On master: COMMIT
[0m16:19:13.470608 [debug] [MainThread]: Using postgres connection "master"
[0m16:19:13.470873 [debug] [MainThread]: On master: COMMIT
[0m16:19:13.471337 [debug] [MainThread]: SQL status: COMMIT in 0.000 seconds
[0m16:19:13.471630 [debug] [MainThread]: On master: Close
[0m16:19:13.474832 [debug] [Thread-1 (]: Began running node model.mon_projet_dbt.dim_commune
[0m16:19:13.475329 [info ] [Thread-1 (]: 1 of 1 START sql table model observatoire_observatoire.dim_commune ............. [RUN]
[0m16:19:13.476003 [debug] [Thread-1 (]: Acquiring new postgres connection 'model.mon_projet_dbt.dim_commune'
[0m16:19:13.476381 [debug] [Thread-1 (]: Began compiling node model.mon_projet_dbt.dim_commune
[0m16:19:13.482477 [debug] [Thread-1 (]: Writing injected SQL for node "model.mon_projet_dbt.dim_commune"
[0m16:19:13.483436 [debug] [Thread-1 (]: Began executing node model.mon_projet_dbt.dim_commune
[0m16:19:13.517676 [debug] [Thread-1 (]: Writing runtime sql for node "model.mon_projet_dbt.dim_commune"
[0m16:19:13.518634 [debug] [Thread-1 (]: Using postgres connection "model.mon_projet_dbt.dim_commune"
[0m16:19:13.519011 [debug] [Thread-1 (]: On model.mon_projet_dbt.dim_commune: /* {"app": "dbt", "dbt_version": "1.12.0", "profile_name": "observatoire_sirene", "target_name": "dev", "node_id": "model.mon_projet_dbt.dim_commune"} */

  
    

  create  table "observatoire_sirene"."observatoire_observatoire"."dim_commune__dbt_tmp"
  
  
    as
  
  (
    


WITH communes AS (

    SELECT

        code_commune,

        libelle_commune,

        ROW_NUMBER() OVER (

            PARTITION BY code_commune

            ORDER BY libelle_commune

        ) AS rn


    FROM "observatoire_sirene"."observatoire_observatoire"."stg_periodes"


    WHERE code_commune IS NOT NULL

)


SELECT

    code_commune,

    libelle_commune


FROM communes


WHERE rn = 1
  );
  
[0m16:19:13.519357 [debug] [Thread-1 (]: Opening a new connection, currently in state init
[0m16:19:15.583882 [debug] [Thread-1 (]: SQL status: SELECT 302 in 2.064 seconds
[0m16:19:15.591859 [debug] [Thread-1 (]: Using postgres connection "model.mon_projet_dbt.dim_commune"
[0m16:19:15.592213 [debug] [Thread-1 (]: On model.mon_projet_dbt.dim_commune: /* {"app": "dbt", "dbt_version": "1.12.0", "profile_name": "observatoire_sirene", "target_name": "dev", "node_id": "model.mon_projet_dbt.dim_commune"} */
alter table "observatoire_sirene"."observatoire_observatoire"."dim_commune" rename to "dim_commune__dbt_backup"
[0m16:19:15.592931 [debug] [Thread-1 (]: SQL status: ALTER TABLE in 0.000 seconds
[0m16:19:15.594732 [debug] [Thread-1 (]: Using postgres connection "model.mon_projet_dbt.dim_commune"
[0m16:19:15.595067 [debug] [Thread-1 (]: On model.mon_projet_dbt.dim_commune: /* {"app": "dbt", "dbt_version": "1.12.0", "profile_name": "observatoire_sirene", "target_name": "dev", "node_id": "model.mon_projet_dbt.dim_commune"} */
alter table "observatoire_sirene"."observatoire_observatoire"."dim_commune__dbt_tmp" rename to "dim_commune"
[0m16:19:15.595731 [debug] [Thread-1 (]: SQL status: ALTER TABLE in 0.000 seconds
[0m16:19:15.612136 [debug] [Thread-1 (]: On model.mon_projet_dbt.dim_commune: COMMIT
[0m16:19:15.612493 [debug] [Thread-1 (]: Using postgres connection "model.mon_projet_dbt.dim_commune"
[0m16:19:15.612805 [debug] [Thread-1 (]: On model.mon_projet_dbt.dim_commune: COMMIT
[0m16:19:15.614320 [debug] [Thread-1 (]: SQL status: COMMIT in 0.001 seconds
[0m16:19:15.619339 [debug] [Thread-1 (]: Applying DROP to: "observatoire_sirene"."observatoire_observatoire"."dim_commune__dbt_backup"
[0m16:19:15.624200 [debug] [Thread-1 (]: Using postgres connection "model.mon_projet_dbt.dim_commune"
[0m16:19:15.624541 [debug] [Thread-1 (]: On model.mon_projet_dbt.dim_commune: /* {"app": "dbt", "dbt_version": "1.12.0", "profile_name": "observatoire_sirene", "target_name": "dev", "node_id": "model.mon_projet_dbt.dim_commune"} */
drop table if exists "observatoire_sirene"."observatoire_observatoire"."dim_commune__dbt_backup" cascade
[0m16:19:15.628113 [debug] [Thread-1 (]: SQL status: DROP TABLE in 0.003 seconds
[0m16:19:15.630198 [debug] [Thread-1 (]: On model.mon_projet_dbt.dim_commune: Close
[0m16:19:15.631884 [debug] [Thread-1 (]: Sending event: {'category': 'dbt', 'action': 'run_model', 'label': '20dedc6b-4dc5-41f2-8ba8-9e4b3085d251', 'context': [<snowplow_tracker.self_describing_json.SelfDescribingJson object at 0x000002071EC86D50>]}
[0m16:19:15.632687 [info ] [Thread-1 (]: 1 of 1 OK created sql table model observatoire_observatoire.dim_commune ........ [[32mSELECT 302[0m in 2.15s]
[0m16:19:15.633676 [debug] [Thread-1 (]: Finished running node model.mon_projet_dbt.dim_commune
[0m16:19:15.635574 [debug] [MainThread]: On master: COMMIT
[0m16:19:15.635898 [debug] [MainThread]: Using postgres connection "master"
[0m16:19:15.636166 [debug] [MainThread]: On master: COMMIT
[0m16:19:15.636419 [debug] [MainThread]: Opening a new connection, currently in state closed
[0m16:19:15.674694 [debug] [MainThread]: SQL status: COMMIT in 0.038 seconds
[0m16:19:15.675060 [debug] [MainThread]: On master: Close
[0m16:19:15.675503 [debug] [MainThread]: Connection 'master' was properly closed.
[0m16:19:15.675763 [debug] [MainThread]: Connection 'list_observatoire_sirene' was properly closed.
[0m16:19:15.676003 [debug] [MainThread]: Connection 'list_observatoire_sirene_observatoire_observatoire' was properly closed.
[0m16:19:15.676324 [debug] [MainThread]: Connection 'list_observatoire_sirene_observatoire' was properly closed.
[0m16:19:15.676558 [debug] [MainThread]: Connection 'model.mon_projet_dbt.dim_commune' was properly closed.
[0m16:19:15.676840 [info ] [MainThread]: 
[0m16:19:15.677514 [info ] [MainThread]: Finished running 1 table model in 0 hours 0 minutes and 2.43 seconds (2.43s).
[0m16:19:15.678433 [debug] [MainThread]: Command end result
[0m16:19:15.708964 [debug] [MainThread]: Wrote artifact WritableManifest to C:\Users\Utilisateur\Documents\courses\observatoire_sirene\mon_projet_dbt\target\manifest.json
[0m16:19:15.712021 [debug] [MainThread]: Wrote artifact SemanticManifest to C:\Users\Utilisateur\Documents\courses\observatoire_sirene\mon_projet_dbt\target\semantic_manifest.json
[0m16:19:15.714939 [debug] [MainThread]: Wrote artifact OsiDocument to C:\Users\Utilisateur\Documents\courses\observatoire_sirene\mon_projet_dbt\target\osi_document.json
[0m16:19:15.721886 [debug] [MainThread]: Wrote artifact RunExecutionResult to C:\Users\Utilisateur\Documents\courses\observatoire_sirene\mon_projet_dbt\target\run_results.json
[0m16:19:15.722195 [info ] [MainThread]: 
[0m16:19:15.722703 [info ] [MainThread]: [32mCompleted successfully[0m
[0m16:19:15.723151 [info ] [MainThread]: 
[0m16:19:15.723563 [info ] [MainThread]: Done. PASS=1 WARN=0 ERROR=0 SKIP=0 NO-OP=0 REUSED=0 TOTAL=1
[0m16:19:15.724353 [debug] [MainThread]: Command `dbt run` succeeded at 16:19:15.724241 after 4.06 seconds
[0m16:19:15.724680 [debug] [MainThread]: Sending event: {'category': 'dbt', 'action': 'invocation', 'label': 'end', 'context': [<snowplow_tracker.self_describing_json.SelfDescribingJson object at 0x000002071F162C50>, <snowplow_tracker.self_describing_json.SelfDescribingJson object at 0x000002071E89F390>, <snowplow_tracker.self_describing_json.SelfDescribingJson object at 0x000002071E55A670>]}
[0m16:19:15.725020 [debug] [MainThread]: Flushing usage events
[0m16:19:16.421522 [debug] [MainThread]: An error was encountered while trying to flush usage events
[0m16:19:55.797359 [debug] [MainThread]: Sending event: {'category': 'dbt', 'action': 'invocation', 'label': 'start', 'context': [<snowplow_tracker.self_describing_json.SelfDescribingJson object at 0x00000235E91E0980>, <snowplow_tracker.self_describing_json.SelfDescribingJson object at 0x00000235E6ADCCD0>, <snowplow_tracker.self_describing_json.SelfDescribingJson object at 0x00000235EBA439D0>]}


============================== 16:19:55.800809 | 57f98bc3-6715-47dd-843d-d5d81032de5a ==============================
[0m16:19:55.800809 [info ] [MainThread]: Running with dbt=1.12.0
[0m16:19:55.801395 [debug] [MainThread]: running dbt with arguments {'static_parser': 'True', 'no_print': 'None', 'maximum_seed_size_mib': '1', 'warn_error_options': 'WarnErrorOptionsV2(error=[], warn=[], silence=[])', 'target_path': 'None', 'version_check': 'True', 'printer_width': '80', 'write_json': 'True', 'introspect': 'True', 'log_cache_events': 'False', 'empty': 'False', 'cache_selected_only': 'False', 'fail_fast': 'False', 'debug': 'False', 'log_format': 'default', 'profiles_dir': 'C:\\Users\\Utilisateur\\Documents\\courses\\observatoire_sirene\\mon_projet_dbt', 'send_anonymous_usage_stats': 'True', 'quiet': 'False', 'warn_error': 'None', 'partial_parse': 'True', 'invocation_command': 'dbt run', 'hints_enabled': 'True', 'indirect_selection': 'eager', 'use_experimental_parser': 'False', 'use_colors': 'True', 'log_path': 'C:\\Users\\Utilisateur\\Documents\\courses\\observatoire_sirene\\mon_projet_dbt\\logs'}
[0m16:19:55.971599 [debug] [MainThread]: Sending event: {'category': 'dbt', 'action': 'project_id', 'label': '57f98bc3-6715-47dd-843d-d5d81032de5a', 'context': [<snowplow_tracker.self_describing_json.SelfDescribingJson object at 0x00000235EB9EDE00>]}
[0m16:19:56.034419 [debug] [MainThread]: Sending event: {'category': 'dbt', 'action': 'adapter_info', 'label': '57f98bc3-6715-47dd-843d-d5d81032de5a', 'context': [<snowplow_tracker.self_describing_json.SelfDescribingJson object at 0x00000235E726EF10>]}
[0m16:19:56.035478 [info ] [MainThread]: Registered adapter: postgres=1.11.0
[0m16:19:56.275261 [debug] [MainThread]: checksum: 60d4e7c5581444e26d365e42f856ff9ef6ae34e9f453452ecad212ad268af85c, vars: {}, profile: observatoire_sirene, target: dev, version: 1.12.0
[0m16:19:56.449442 [debug] [MainThread]: Partial parsing enabled: 0 files deleted, 0 files added, 1 files changed.
[0m16:19:56.449998 [debug] [MainThread]: Partial parsing: updated file: mon_projet_dbt://models\marts\dim_commune.sql
[0m16:19:57.049360 [debug] [MainThread]: Sending event: {'category': 'dbt', 'action': 'load_project', 'label': '57f98bc3-6715-47dd-843d-d5d81032de5a', 'context': [<snowplow_tracker.self_describing_json.SelfDescribingJson object at 0x00000235EC680850>]}
[0m16:19:57.171359 [debug] [MainThread]: Wrote artifact WritableManifest to C:\Users\Utilisateur\Documents\courses\observatoire_sirene\mon_projet_dbt\target\manifest.json
[0m16:19:57.174266 [debug] [MainThread]: Wrote artifact SemanticManifest to C:\Users\Utilisateur\Documents\courses\observatoire_sirene\mon_projet_dbt\target\semantic_manifest.json
[0m16:19:57.190584 [debug] [MainThread]: Wrote artifact OsiDocument to C:\Users\Utilisateur\Documents\courses\observatoire_sirene\mon_projet_dbt\target\osi_document.json
[0m16:19:57.198915 [debug] [MainThread]: Sending event: {'category': 'dbt', 'action': 'resource_counts', 'label': '57f98bc3-6715-47dd-843d-d5d81032de5a', 'context': [<snowplow_tracker.self_describing_json.SelfDescribingJson object at 0x00000235EC7A4140>]}
[0m16:19:57.199324 [info ] [MainThread]: Found 1 snapshot, 1 seed, 2 models, 3 data tests, 2 sources, 477 macros
[0m16:19:57.199735 [debug] [MainThread]: Sending event: {'category': 'dbt', 'action': 'runnable_timing', 'label': '57f98bc3-6715-47dd-843d-d5d81032de5a', 'context': [<snowplow_tracker.self_describing_json.SelfDescribingJson object at 0x00000235EC733E70>]}
[0m16:19:57.201509 [info ] [MainThread]: 
[0m16:19:57.201971 [info ] [MainThread]: Concurrency: 4 threads (target='dev')
[0m16:19:57.202418 [info ] [MainThread]: 
[0m16:19:57.202951 [debug] [MainThread]: Acquiring new postgres connection 'master'
[0m16:19:57.206447 [debug] [ThreadPool]: Acquiring new postgres connection 'list_observatoire_sirene'
[0m16:19:57.266796 [debug] [ThreadPool]: Using postgres connection "list_observatoire_sirene"
[0m16:19:57.267157 [debug] [ThreadPool]: On list_observatoire_sirene: /* {"app": "dbt", "dbt_version": "1.12.0", "profile_name": "observatoire_sirene", "target_name": "dev", "connection_name": "list_observatoire_sirene"} */

    select distinct nspname from pg_namespace
  
[0m16:19:57.267459 [debug] [ThreadPool]: Opening a new connection, currently in state init
[0m16:19:57.313273 [debug] [ThreadPool]: SQL status: SELECT 6 in 0.046 seconds
[0m16:19:57.314416 [debug] [ThreadPool]: On list_observatoire_sirene: Close
[0m16:19:57.316080 [debug] [ThreadPool]: Acquiring new postgres connection 'list_observatoire_sirene_observatoire'
[0m16:19:57.320932 [debug] [ThreadPool]: Using postgres connection "list_observatoire_sirene_observatoire"
[0m16:19:57.321267 [debug] [ThreadPool]: On list_observatoire_sirene_observatoire: /* {"app": "dbt", "dbt_version": "1.12.0", "profile_name": "observatoire_sirene", "target_name": "dev", "connection_name": "list_observatoire_sirene_observatoire"} */
select
      'observatoire_sirene' as database,
      tablename as name,
      schemaname as schema,
      'table' as type
    from pg_tables
    where schemaname ilike 'observatoire'
    union all
    select
      'observatoire_sirene' as database,
      viewname as name,
      schemaname as schema,
      'view' as type
    from pg_views
    where schemaname ilike 'observatoire'
    union all
    select
      'observatoire_sirene' as database,
      matviewname as name,
      schemaname as schema,
      'materialized_view' as type
    from pg_matviews
    where schemaname ilike 'observatoire'
    union all
    select distinct
     'observatoire_sirene' as database,
     proname as name,
     ns.nspname as schema,
     'function' as type
    from pg_proc
     join pg_namespace as ns on pronamespace = ns.oid
    where ns.nspname ilike 'observatoire'
  
[0m16:19:57.321569 [debug] [ThreadPool]: Opening a new connection, currently in state init
[0m16:19:57.322528 [debug] [ThreadPool]: Acquiring new postgres connection 'list_observatoire_sirene_observatoire_observatoire'
[0m16:19:57.323684 [debug] [ThreadPool]: Using postgres connection "list_observatoire_sirene_observatoire_observatoire"
[0m16:19:57.324058 [debug] [ThreadPool]: On list_observatoire_sirene_observatoire_observatoire: /* {"app": "dbt", "dbt_version": "1.12.0", "profile_name": "observatoire_sirene", "target_name": "dev", "connection_name": "list_observatoire_sirene_observatoire_observatoire"} */
select
      'observatoire_sirene' as database,
      tablename as name,
      schemaname as schema,
      'table' as type
    from pg_tables
    where schemaname ilike 'observatoire_observatoire'
    union all
    select
      'observatoire_sirene' as database,
      viewname as name,
      schemaname as schema,
      'view' as type
    from pg_views
    where schemaname ilike 'observatoire_observatoire'
    union all
    select
      'observatoire_sirene' as database,
      matviewname as name,
      schemaname as schema,
      'materialized_view' as type
    from pg_matviews
    where schemaname ilike 'observatoire_observatoire'
    union all
    select distinct
     'observatoire_sirene' as database,
     proname as name,
     ns.nspname as schema,
     'function' as type
    from pg_proc
     join pg_namespace as ns on pronamespace = ns.oid
    where ns.nspname ilike 'observatoire_observatoire'
  
[0m16:19:57.324448 [debug] [ThreadPool]: Opening a new connection, currently in state init
[0m16:19:57.368124 [debug] [ThreadPool]: SQL status: SELECT 5 in 0.046 seconds
[0m16:19:57.369374 [debug] [ThreadPool]: On list_observatoire_sirene_observatoire: ROLLBACK
[0m16:19:57.369793 [debug] [ThreadPool]: SQL status: SELECT 2 in 0.045 seconds
[0m16:19:57.370766 [debug] [ThreadPool]: On list_observatoire_sirene_observatoire_observatoire: ROLLBACK
[0m16:19:57.371085 [debug] [ThreadPool]: On list_observatoire_sirene_observatoire: Close
[0m16:19:57.371403 [debug] [ThreadPool]: On list_observatoire_sirene_observatoire_observatoire: Close
[0m16:19:57.376379 [debug] [MainThread]: Using postgres connection "master"
[0m16:19:57.376780 [debug] [MainThread]: On master: /* {"app": "dbt", "dbt_version": "1.12.0", "profile_name": "observatoire_sirene", "target_name": "dev", "connection_name": "master"} */
select distinct
        dependent_namespace.nspname as dependent_schema,
        dependent_class.relname as dependent_name,
        referenced_namespace.nspname as referenced_schema,
        referenced_class.relname as referenced_name

    -- Query for views: views are entries in pg_class with an entry in pg_rewrite, but we avoid
    -- a seq scan on pg_rewrite by leveraging the fact there is an "internal" row in pg_depend for
    -- the view...
    from pg_class as dependent_class
    join pg_namespace as dependent_namespace on dependent_namespace.oid = dependent_class.relnamespace
    join pg_depend as dependent_depend on dependent_depend.refobjid = dependent_class.oid
        and dependent_depend.classid = 'pg_rewrite'::regclass
        and dependent_depend.refclassid = 'pg_class'::regclass
        and dependent_depend.deptype = 'i'

    -- ... and via pg_depend (that has a row per column, hence the need for "distinct" above, and
    -- making sure to exclude the internal row to avoid a view appearing to depend on itself)...
    join pg_depend as joining_depend on joining_depend.objid = dependent_depend.objid
        and joining_depend.classid = 'pg_rewrite'::regclass
        and joining_depend.refclassid = 'pg_class'::regclass
        and joining_depend.refobjid != dependent_depend.refobjid

    -- ... we can find the tables they query from in pg_class, but excluding system tables. Note we
    -- don't need need to exclude _dependent_ system tables, because they only query from other
    -- system tables, and so are automatically excluded by excluding _referenced_ system tables
    join pg_class as referenced_class on referenced_class.oid = joining_depend.refobjid
    join pg_namespace as referenced_namespace on referenced_namespace.oid = referenced_class.relnamespace
        and referenced_namespace.nspname != 'information_schema'
        and referenced_namespace.nspname not like 'pg\_%'

    order by
        dependent_schema, dependent_name, referenced_schema, referenced_name;
[0m16:19:57.377133 [debug] [MainThread]: Opening a new connection, currently in state init
[0m16:19:57.417110 [debug] [MainThread]: SQL status: SELECT 1 in 0.040 seconds
[0m16:19:57.418279 [debug] [MainThread]: Sending event: {'category': 'dbt', 'action': 'runnable_timing', 'label': '57f98bc3-6715-47dd-843d-d5d81032de5a', 'context': [<snowplow_tracker.self_describing_json.SelfDescribingJson object at 0x00000235EC937520>]}
[0m16:19:57.418685 [debug] [MainThread]: On master: ROLLBACK
[0m16:19:57.419133 [debug] [MainThread]: On master: COMMIT
[0m16:19:57.419411 [debug] [MainThread]: Using postgres connection "master"
[0m16:19:57.419677 [debug] [MainThread]: On master: COMMIT
[0m16:19:57.420125 [debug] [MainThread]: SQL status: COMMIT in 0.000 seconds
[0m16:19:57.420411 [debug] [MainThread]: On master: Close
[0m16:19:57.423585 [debug] [Thread-1 (]: Began running node model.mon_projet_dbt.stg_periodes
[0m16:19:57.424081 [info ] [Thread-1 (]: 1 of 2 START sql view model observatoire_observatoire.stg_periodes ............. [RUN]
[0m16:19:57.424716 [debug] [Thread-1 (]: Acquiring new postgres connection 'model.mon_projet_dbt.stg_periodes'
[0m16:19:57.425057 [debug] [Thread-1 (]: Began compiling node model.mon_projet_dbt.stg_periodes
[0m16:19:57.431139 [debug] [Thread-1 (]: Writing injected SQL for node "model.mon_projet_dbt.stg_periodes"
[0m16:19:57.432080 [debug] [Thread-1 (]: Began executing node model.mon_projet_dbt.stg_periodes
[0m16:19:57.462752 [debug] [Thread-1 (]: Writing runtime sql for node "model.mon_projet_dbt.stg_periodes"
[0m16:19:57.463836 [debug] [Thread-1 (]: Using postgres connection "model.mon_projet_dbt.stg_periodes"
[0m16:19:57.464261 [debug] [Thread-1 (]: On model.mon_projet_dbt.stg_periodes: /* {"app": "dbt", "dbt_version": "1.12.0", "profile_name": "observatoire_sirene", "target_name": "dev", "node_id": "model.mon_projet_dbt.stg_periodes"} */

  create view "observatoire_sirene"."observatoire_observatoire"."stg_periodes__dbt_tmp"
    
    
  as (
    WITH source AS (

    SELECT *

    FROM "observatoire_sirene"."public"."sirene_etablissement"

),


clean AS (

    SELECT

        CAST("siret" AS VARCHAR(14)) AS siret,


        CASE
            WHEN LENGTH(CAST("dateDebut" AS VARCHAR)) = 8
            THEN TO_DATE(
                CAST("dateDebut" AS VARCHAR),
                'YYYYMMDD'
            )
            ELSE NULL
        END AS date_debut,


        CASE
            WHEN LENGTH(CAST("dateFin" AS VARCHAR)) = 8
            THEN TO_DATE(
                CAST("dateFin" AS VARCHAR),
                'YYYYMMDD'
            )
            ELSE NULL
        END AS date_fin,


        CASE
            WHEN "etatAdministratifEtablissement" = 'A'
                THEN 'A'

            WHEN "etatAdministratifEtablissement" = 'F'
                THEN 'F'

            ELSE 'A'

        END AS etat,


        COALESCE(
            CAST("activitePrincipaleEtablissement" AS VARCHAR),
            '00000'
        ) AS code_ape,


        COALESCE(
            CAST("nomenclatureActivitePrincipaleEtablissement" AS VARCHAR),
            'INCONNU'
        ) AS nomenclature_ape,


        COALESCE(
            CAST("codeCommuneEtablissement" AS VARCHAR(5)),
            '99999'
        ) AS code_commune,


        COALESCE(
            UPPER("libelleCommuneEtablissement"),
            'INCONNU'
        ) AS libelle_commune,


        COALESCE(
            CAST("trancheEffectifsEtablissement" AS VARCHAR),
            '99'
        ) AS code_tranche


    FROM source


    WHERE "dateDebut" IS NOT NULL

)


SELECT *

FROM clean
  );
[0m16:19:57.464652 [debug] [Thread-1 (]: Opening a new connection, currently in state init
[0m16:19:57.505044 [debug] [Thread-1 (]: SQL status: CREATE VIEW in 0.040 seconds
[0m16:19:57.509998 [debug] [Thread-1 (]: Using postgres connection "model.mon_projet_dbt.stg_periodes"
[0m16:19:57.510342 [debug] [Thread-1 (]: On model.mon_projet_dbt.stg_periodes: /* {"app": "dbt", "dbt_version": "1.12.0", "profile_name": "observatoire_sirene", "target_name": "dev", "node_id": "model.mon_projet_dbt.stg_periodes"} */
alter table "observatoire_sirene"."observatoire_observatoire"."stg_periodes" rename to "stg_periodes__dbt_backup"
[0m16:19:57.511145 [debug] [Thread-1 (]: SQL status: ALTER TABLE in 0.000 seconds
[0m16:19:57.512991 [debug] [Thread-1 (]: Using postgres connection "model.mon_projet_dbt.stg_periodes"
[0m16:19:57.513329 [debug] [Thread-1 (]: On model.mon_projet_dbt.stg_periodes: /* {"app": "dbt", "dbt_version": "1.12.0", "profile_name": "observatoire_sirene", "target_name": "dev", "node_id": "model.mon_projet_dbt.stg_periodes"} */
alter table "observatoire_sirene"."observatoire_observatoire"."stg_periodes__dbt_tmp" rename to "stg_periodes"
[0m16:19:57.514085 [debug] [Thread-1 (]: SQL status: ALTER TABLE in 0.000 seconds
[0m16:19:57.530668 [debug] [Thread-1 (]: On model.mon_projet_dbt.stg_periodes: COMMIT
[0m16:19:57.531055 [debug] [Thread-1 (]: Using postgres connection "model.mon_projet_dbt.stg_periodes"
[0m16:19:57.531363 [debug] [Thread-1 (]: On model.mon_projet_dbt.stg_periodes: COMMIT
[0m16:19:57.533258 [debug] [Thread-1 (]: SQL status: COMMIT in 0.002 seconds
[0m16:19:57.538057 [debug] [Thread-1 (]: Applying DROP to: "observatoire_sirene"."observatoire_observatoire"."stg_periodes__dbt_backup"
[0m16:19:57.542777 [debug] [Thread-1 (]: Using postgres connection "model.mon_projet_dbt.stg_periodes"
[0m16:19:57.543121 [debug] [Thread-1 (]: On model.mon_projet_dbt.stg_periodes: /* {"app": "dbt", "dbt_version": "1.12.0", "profile_name": "observatoire_sirene", "target_name": "dev", "node_id": "model.mon_projet_dbt.stg_periodes"} */
drop view if exists "observatoire_sirene"."observatoire_observatoire"."stg_periodes__dbt_backup" cascade
[0m16:19:57.546165 [debug] [Thread-1 (]: SQL status: DROP VIEW in 0.003 seconds
[0m16:19:57.548228 [debug] [Thread-1 (]: On model.mon_projet_dbt.stg_periodes: Close
[0m16:19:57.549965 [debug] [Thread-1 (]: Sending event: {'category': 'dbt', 'action': 'run_model', 'label': '57f98bc3-6715-47dd-843d-d5d81032de5a', 'context': [<snowplow_tracker.self_describing_json.SelfDescribingJson object at 0x00000235EC727AD0>]}
[0m16:19:57.550707 [info ] [Thread-1 (]: 1 of 2 OK created sql view model observatoire_observatoire.stg_periodes ........ [[32mCREATE VIEW[0m in 0.12s]
[0m16:19:57.551714 [debug] [Thread-1 (]: Finished running node model.mon_projet_dbt.stg_periodes
[0m16:19:57.552676 [debug] [Thread-2 (]: Began running node model.mon_projet_dbt.dim_commune
[0m16:19:57.553183 [info ] [Thread-2 (]: 2 of 2 START sql table model observatoire_observatoire.dim_commune ............. [RUN]
[0m16:19:57.554216 [debug] [Thread-2 (]: Acquiring new postgres connection 'model.mon_projet_dbt.dim_commune'
[0m16:19:57.554735 [debug] [Thread-2 (]: Began compiling node model.mon_projet_dbt.dim_commune
[0m16:19:57.556807 [debug] [Thread-2 (]: Writing injected SQL for node "model.mon_projet_dbt.dim_commune"
[0m16:19:57.557648 [debug] [Thread-2 (]: Began executing node model.mon_projet_dbt.dim_commune
[0m16:19:57.577495 [debug] [Thread-2 (]: Writing runtime sql for node "model.mon_projet_dbt.dim_commune"
[0m16:19:57.578462 [debug] [Thread-2 (]: Using postgres connection "model.mon_projet_dbt.dim_commune"
[0m16:19:57.578820 [debug] [Thread-2 (]: On model.mon_projet_dbt.dim_commune: /* {"app": "dbt", "dbt_version": "1.12.0", "profile_name": "observatoire_sirene", "target_name": "dev", "node_id": "model.mon_projet_dbt.dim_commune"} */

  
    

  create  table "observatoire_sirene"."observatoire_observatoire"."dim_commune__dbt_tmp"
  
  
    as
  
  (
    SELECT DISTINCT


    code_commune,

    libelle_commune,


    LEFT(
        code_commune,
        2
    )
    AS code_departement


FROM "observatoire_sirene"."observatoire_observatoire"."stg_periodes"

WHERE code_commune IS NOT NULL
  );
  
[0m16:19:57.579156 [debug] [Thread-2 (]: Opening a new connection, currently in state init
[0m16:19:58.357048 [debug] [Thread-2 (]: SQL status: SELECT 424 in 0.778 seconds
[0m16:19:58.362230 [debug] [Thread-2 (]: Using postgres connection "model.mon_projet_dbt.dim_commune"
[0m16:19:58.362573 [debug] [Thread-2 (]: On model.mon_projet_dbt.dim_commune: /* {"app": "dbt", "dbt_version": "1.12.0", "profile_name": "observatoire_sirene", "target_name": "dev", "node_id": "model.mon_projet_dbt.dim_commune"} */
alter table "observatoire_sirene"."observatoire_observatoire"."dim_commune" rename to "dim_commune__dbt_backup"
[0m16:19:58.363247 [debug] [Thread-2 (]: SQL status: ALTER TABLE in 0.000 seconds
[0m16:19:58.364932 [debug] [Thread-2 (]: Using postgres connection "model.mon_projet_dbt.dim_commune"
[0m16:19:58.365261 [debug] [Thread-2 (]: On model.mon_projet_dbt.dim_commune: /* {"app": "dbt", "dbt_version": "1.12.0", "profile_name": "observatoire_sirene", "target_name": "dev", "node_id": "model.mon_projet_dbt.dim_commune"} */
alter table "observatoire_sirene"."observatoire_observatoire"."dim_commune__dbt_tmp" rename to "dim_commune"
[0m16:19:58.365994 [debug] [Thread-2 (]: SQL status: ALTER TABLE in 0.000 seconds
[0m16:19:58.367458 [debug] [Thread-2 (]: On model.mon_projet_dbt.dim_commune: COMMIT
[0m16:19:58.367793 [debug] [Thread-2 (]: Using postgres connection "model.mon_projet_dbt.dim_commune"
[0m16:19:58.368138 [debug] [Thread-2 (]: On model.mon_projet_dbt.dim_commune: COMMIT
[0m16:19:58.373157 [debug] [Thread-2 (]: SQL status: COMMIT in 0.004 seconds
[0m16:19:58.377585 [debug] [Thread-2 (]: Applying DROP to: "observatoire_sirene"."observatoire_observatoire"."dim_commune__dbt_backup"
[0m16:19:58.383702 [debug] [Thread-2 (]: Using postgres connection "model.mon_projet_dbt.dim_commune"
[0m16:19:58.384429 [debug] [Thread-2 (]: On model.mon_projet_dbt.dim_commune: /* {"app": "dbt", "dbt_version": "1.12.0", "profile_name": "observatoire_sirene", "target_name": "dev", "node_id": "model.mon_projet_dbt.dim_commune"} */
drop table if exists "observatoire_sirene"."observatoire_observatoire"."dim_commune__dbt_backup" cascade
[0m16:19:58.389597 [debug] [Thread-2 (]: SQL status: DROP TABLE in 0.004 seconds
[0m16:19:58.391599 [debug] [Thread-2 (]: On model.mon_projet_dbt.dim_commune: Close
[0m16:19:58.392425 [debug] [Thread-2 (]: Sending event: {'category': 'dbt', 'action': 'run_model', 'label': '57f98bc3-6715-47dd-843d-d5d81032de5a', 'context': [<snowplow_tracker.self_describing_json.SelfDescribingJson object at 0x00000235ECBF28E0>]}
[0m16:19:58.393276 [info ] [Thread-2 (]: 2 of 2 OK created sql table model observatoire_observatoire.dim_commune ........ [[32mSELECT 424[0m in 0.84s]
[0m16:19:58.394294 [debug] [Thread-2 (]: Finished running node model.mon_projet_dbt.dim_commune
[0m16:19:58.396188 [debug] [MainThread]: On master: COMMIT
[0m16:19:58.396642 [debug] [MainThread]: Using postgres connection "master"
[0m16:19:58.397004 [debug] [MainThread]: On master: COMMIT
[0m16:19:58.397348 [debug] [MainThread]: Opening a new connection, currently in state closed
[0m16:19:58.435421 [debug] [MainThread]: SQL status: COMMIT in 0.038 seconds
[0m16:19:58.435791 [debug] [MainThread]: On master: Close
[0m16:19:58.436236 [debug] [MainThread]: Connection 'master' was properly closed.
[0m16:19:58.436499 [debug] [MainThread]: Connection 'list_observatoire_sirene' was properly closed.
[0m16:19:58.436812 [debug] [MainThread]: Connection 'list_observatoire_sirene_observatoire' was properly closed.
[0m16:19:58.437067 [debug] [MainThread]: Connection 'list_observatoire_sirene_observatoire_observatoire' was properly closed.
[0m16:19:58.437310 [debug] [MainThread]: Connection 'model.mon_projet_dbt.stg_periodes' was properly closed.
[0m16:19:58.437549 [debug] [MainThread]: Connection 'model.mon_projet_dbt.dim_commune' was properly closed.
[0m16:19:58.437946 [info ] [MainThread]: 
[0m16:19:58.438328 [info ] [MainThread]: Finished running 1 table model, 1 view model in 0 hours 0 minutes and 1.24 seconds (1.24s).
[0m16:19:58.439199 [debug] [MainThread]: Command end result
[0m16:19:58.469531 [debug] [MainThread]: Wrote artifact WritableManifest to C:\Users\Utilisateur\Documents\courses\observatoire_sirene\mon_projet_dbt\target\manifest.json
[0m16:19:58.472552 [debug] [MainThread]: Wrote artifact SemanticManifest to C:\Users\Utilisateur\Documents\courses\observatoire_sirene\mon_projet_dbt\target\semantic_manifest.json
[0m16:19:58.475462 [debug] [MainThread]: Wrote artifact OsiDocument to C:\Users\Utilisateur\Documents\courses\observatoire_sirene\mon_projet_dbt\target\osi_document.json
[0m16:19:58.482506 [debug] [MainThread]: Wrote artifact RunExecutionResult to C:\Users\Utilisateur\Documents\courses\observatoire_sirene\mon_projet_dbt\target\run_results.json
[0m16:19:58.482824 [info ] [MainThread]: 
[0m16:19:58.483318 [info ] [MainThread]: [32mCompleted successfully[0m
[0m16:19:58.483766 [info ] [MainThread]: 
[0m16:19:58.484258 [info ] [MainThread]: Done. PASS=2 WARN=0 ERROR=0 SKIP=0 NO-OP=0 REUSED=0 TOTAL=2
[0m16:19:58.485450 [debug] [MainThread]: Command `dbt run` succeeded at 16:19:58.485302 after 2.82 seconds
[0m16:19:58.485967 [debug] [MainThread]: Sending event: {'category': 'dbt', 'action': 'invocation', 'label': 'end', 'context': [<snowplow_tracker.self_describing_json.SelfDescribingJson object at 0x00000235EC4C1F90>, <snowplow_tracker.self_describing_json.SelfDescribingJson object at 0x00000235ECBE30B0>, <snowplow_tracker.self_describing_json.SelfDescribingJson object at 0x00000235EC6C0B50>]}
[0m16:19:58.486479 [debug] [MainThread]: Flushing usage events
[0m16:19:59.125042 [debug] [MainThread]: An error was encountered while trying to flush usage events
[0m16:20:25.413125 [debug] [MainThread]: Sending event: {'category': 'dbt', 'action': 'invocation', 'label': 'start', 'context': [<snowplow_tracker.self_describing_json.SelfDescribingJson object at 0x000001B716C80980>, <snowplow_tracker.self_describing_json.SelfDescribingJson object at 0x000001B714590B90>, <snowplow_tracker.self_describing_json.SelfDescribingJson object at 0x000001B7194E39D0>]}


============================== 16:20:25.416638 | 4a627c17-5418-4d9a-82c9-bb35c5eb08df ==============================
[0m16:20:25.416638 [info ] [MainThread]: Running with dbt=1.12.0
[0m16:20:25.417251 [debug] [MainThread]: running dbt with arguments {'static_parser': 'True', 'no_print': 'None', 'maximum_seed_size_mib': '1', 'target_path': 'None', 'warn_error_options': 'WarnErrorOptionsV2(error=[], warn=[], silence=[])', 'version_check': 'True', 'printer_width': '80', 'write_json': 'True', 'introspect': 'True', 'log_cache_events': 'False', 'empty': 'None', 'cache_selected_only': 'False', 'log_format': 'default', 'debug': 'False', 'fail_fast': 'False', 'partial_parse': 'True', 'send_anonymous_usage_stats': 'True', 'quiet': 'False', 'warn_error': 'None', 'profiles_dir': 'C:\\Users\\Utilisateur\\Documents\\courses\\observatoire_sirene\\mon_projet_dbt', 'use_colors': 'True', 'hints_enabled': 'True', 'indirect_selection': 'eager', 'use_experimental_parser': 'False', 'invocation_command': 'dbt test', 'log_path': 'C:\\Users\\Utilisateur\\Documents\\courses\\observatoire_sirene\\mon_projet_dbt\\logs'}
[0m16:20:25.590826 [debug] [MainThread]: Sending event: {'category': 'dbt', 'action': 'project_id', 'label': '4a627c17-5418-4d9a-82c9-bb35c5eb08df', 'context': [<snowplow_tracker.self_describing_json.SelfDescribingJson object at 0x000001B71948DE00>]}
[0m16:20:25.656180 [debug] [MainThread]: Sending event: {'category': 'dbt', 'action': 'adapter_info', 'label': '4a627c17-5418-4d9a-82c9-bb35c5eb08df', 'context': [<snowplow_tracker.self_describing_json.SelfDescribingJson object at 0x000001B714D0EF10>]}
[0m16:20:25.657228 [info ] [MainThread]: Registered adapter: postgres=1.11.0
[0m16:20:25.892924 [debug] [MainThread]: checksum: 60d4e7c5581444e26d365e42f856ff9ef6ae34e9f453452ecad212ad268af85c, vars: {}, profile: observatoire_sirene, target: dev, version: 1.12.0
[0m16:20:26.069139 [debug] [MainThread]: Partial parsing enabled: 0 files deleted, 0 files added, 0 files changed.
[0m16:20:26.069473 [debug] [MainThread]: Nothing changed, skipping partial parsing.
[0m16:20:26.069716 [debug] [MainThread]: Partial parsing enabled, no changes found, skipping parsing
[0m16:20:26.078046 [debug] [MainThread]: Sending event: {'category': 'dbt', 'action': 'load_project', 'label': '4a627c17-5418-4d9a-82c9-bb35c5eb08df', 'context': [<snowplow_tracker.self_describing_json.SelfDescribingJson object at 0x000001B719B0F550>]}
[0m16:20:26.276989 [debug] [MainThread]: Wrote artifact WritableManifest to C:\Users\Utilisateur\Documents\courses\observatoire_sirene\mon_projet_dbt\target\manifest.json
[0m16:20:26.280015 [debug] [MainThread]: Wrote artifact SemanticManifest to C:\Users\Utilisateur\Documents\courses\observatoire_sirene\mon_projet_dbt\target\semantic_manifest.json
[0m16:20:26.296701 [debug] [MainThread]: Wrote artifact OsiDocument to C:\Users\Utilisateur\Documents\courses\observatoire_sirene\mon_projet_dbt\target\osi_document.json
[0m16:20:26.312529 [debug] [MainThread]: Sending event: {'category': 'dbt', 'action': 'resource_counts', 'label': '4a627c17-5418-4d9a-82c9-bb35c5eb08df', 'context': [<snowplow_tracker.self_describing_json.SelfDescribingJson object at 0x000001B719E826C0>]}
[0m16:20:26.312947 [info ] [MainThread]: Found 1 snapshot, 1 seed, 2 models, 3 data tests, 2 sources, 477 macros
[0m16:20:26.313414 [debug] [MainThread]: Sending event: {'category': 'dbt', 'action': 'runnable_timing', 'label': '4a627c17-5418-4d9a-82c9-bb35c5eb08df', 'context': [<snowplow_tracker.self_describing_json.SelfDescribingJson object at 0x000001B719F9CE50>]}
[0m16:20:26.315405 [info ] [MainThread]: 
[0m16:20:26.315886 [info ] [MainThread]: Concurrency: 4 threads (target='dev')
[0m16:20:26.316254 [info ] [MainThread]: 
[0m16:20:26.316853 [debug] [MainThread]: Acquiring new postgres connection 'master'
[0m16:20:26.320842 [debug] [ThreadPool]: Acquiring new postgres connection 'list_observatoire_sirene_observatoire_observatoire'
[0m16:20:26.331654 [debug] [ThreadPool]: Acquiring new postgres connection 'list_observatoire_sirene_observatoire'
[0m16:20:26.385018 [debug] [ThreadPool]: Using postgres connection "list_observatoire_sirene_observatoire_observatoire"
[0m16:20:26.385396 [debug] [ThreadPool]: On list_observatoire_sirene_observatoire_observatoire: /* {"app": "dbt", "dbt_version": "1.12.0", "profile_name": "observatoire_sirene", "target_name": "dev", "connection_name": "list_observatoire_sirene_observatoire_observatoire"} */
select
      'observatoire_sirene' as database,
      tablename as name,
      schemaname as schema,
      'table' as type
    from pg_tables
    where schemaname ilike 'observatoire_observatoire'
    union all
    select
      'observatoire_sirene' as database,
      viewname as name,
      schemaname as schema,
      'view' as type
    from pg_views
    where schemaname ilike 'observatoire_observatoire'
    union all
    select
      'observatoire_sirene' as database,
      matviewname as name,
      schemaname as schema,
      'materialized_view' as type
    from pg_matviews
    where schemaname ilike 'observatoire_observatoire'
    union all
    select distinct
     'observatoire_sirene' as database,
     proname as name,
     ns.nspname as schema,
     'function' as type
    from pg_proc
     join pg_namespace as ns on pronamespace = ns.oid
    where ns.nspname ilike 'observatoire_observatoire'
  
[0m16:20:26.385712 [debug] [ThreadPool]: Opening a new connection, currently in state init
[0m16:20:26.386199 [debug] [ThreadPool]: Using postgres connection "list_observatoire_sirene_observatoire"
[0m16:20:26.386531 [debug] [ThreadPool]: On list_observatoire_sirene_observatoire: /* {"app": "dbt", "dbt_version": "1.12.0", "profile_name": "observatoire_sirene", "target_name": "dev", "connection_name": "list_observatoire_sirene_observatoire"} */
select
      'observatoire_sirene' as database,
      tablename as name,
      schemaname as schema,
      'table' as type
    from pg_tables
    where schemaname ilike 'observatoire'
    union all
    select
      'observatoire_sirene' as database,
      viewname as name,
      schemaname as schema,
      'view' as type
    from pg_views
    where schemaname ilike 'observatoire'
    union all
    select
      'observatoire_sirene' as database,
      matviewname as name,
      schemaname as schema,
      'materialized_view' as type
    from pg_matviews
    where schemaname ilike 'observatoire'
    union all
    select distinct
     'observatoire_sirene' as database,
     proname as name,
     ns.nspname as schema,
     'function' as type
    from pg_proc
     join pg_namespace as ns on pronamespace = ns.oid
    where ns.nspname ilike 'observatoire'
  
[0m16:20:26.387074 [debug] [ThreadPool]: Opening a new connection, currently in state init
[0m16:20:26.442969 [debug] [ThreadPool]: SQL status: SELECT 2 in 0.057 seconds
[0m16:20:26.444222 [debug] [ThreadPool]: On list_observatoire_sirene_observatoire_observatoire: ROLLBACK
[0m16:20:26.444569 [debug] [ThreadPool]: SQL status: SELECT 5 in 0.058 seconds
[0m16:20:26.446017 [debug] [ThreadPool]: On list_observatoire_sirene_observatoire: ROLLBACK
[0m16:20:26.444942 [debug] [ThreadPool]: On list_observatoire_sirene_observatoire_observatoire: Close
[0m16:20:26.446675 [debug] [ThreadPool]: On list_observatoire_sirene_observatoire: Close
[0m16:20:26.452194 [debug] [MainThread]: Using postgres connection "master"
[0m16:20:26.452588 [debug] [MainThread]: On master: /* {"app": "dbt", "dbt_version": "1.12.0", "profile_name": "observatoire_sirene", "target_name": "dev", "connection_name": "master"} */
select distinct
        dependent_namespace.nspname as dependent_schema,
        dependent_class.relname as dependent_name,
        referenced_namespace.nspname as referenced_schema,
        referenced_class.relname as referenced_name

    -- Query for views: views are entries in pg_class with an entry in pg_rewrite, but we avoid
    -- a seq scan on pg_rewrite by leveraging the fact there is an "internal" row in pg_depend for
    -- the view...
    from pg_class as dependent_class
    join pg_namespace as dependent_namespace on dependent_namespace.oid = dependent_class.relnamespace
    join pg_depend as dependent_depend on dependent_depend.refobjid = dependent_class.oid
        and dependent_depend.classid = 'pg_rewrite'::regclass
        and dependent_depend.refclassid = 'pg_class'::regclass
        and dependent_depend.deptype = 'i'

    -- ... and via pg_depend (that has a row per column, hence the need for "distinct" above, and
    -- making sure to exclude the internal row to avoid a view appearing to depend on itself)...
    join pg_depend as joining_depend on joining_depend.objid = dependent_depend.objid
        and joining_depend.classid = 'pg_rewrite'::regclass
        and joining_depend.refclassid = 'pg_class'::regclass
        and joining_depend.refobjid != dependent_depend.refobjid

    -- ... we can find the tables they query from in pg_class, but excluding system tables. Note we
    -- don't need need to exclude _dependent_ system tables, because they only query from other
    -- system tables, and so are automatically excluded by excluding _referenced_ system tables
    join pg_class as referenced_class on referenced_class.oid = joining_depend.refobjid
    join pg_namespace as referenced_namespace on referenced_namespace.oid = referenced_class.relnamespace
        and referenced_namespace.nspname != 'information_schema'
        and referenced_namespace.nspname not like 'pg\_%'

    order by
        dependent_schema, dependent_name, referenced_schema, referenced_name;
[0m16:20:26.452936 [debug] [MainThread]: Opening a new connection, currently in state init
[0m16:20:26.493774 [debug] [MainThread]: SQL status: SELECT 1 in 0.041 seconds
[0m16:20:26.494877 [debug] [MainThread]: Sending event: {'category': 'dbt', 'action': 'runnable_timing', 'label': '4a627c17-5418-4d9a-82c9-bb35c5eb08df', 'context': [<snowplow_tracker.self_describing_json.SelfDescribingJson object at 0x000001B71A1C9980>]}
[0m16:20:26.495276 [debug] [MainThread]: On master: ROLLBACK
[0m16:20:26.495686 [debug] [MainThread]: On master: COMMIT
[0m16:20:26.495967 [debug] [MainThread]: Using postgres connection "master"
[0m16:20:26.496233 [debug] [MainThread]: On master: COMMIT
[0m16:20:26.496681 [debug] [MainThread]: SQL status: COMMIT in 0.000 seconds
[0m16:20:26.497002 [debug] [MainThread]: On master: Close
[0m16:20:26.500148 [debug] [Thread-2 (]: Began running node test.mon_projet_dbt.not_null_dim_commune_libelle_commune.3720bf9ba0
[0m16:20:26.500912 [debug] [Thread-3 (]: Began running node test.mon_projet_dbt.unique_dim_commune_code_commune.e0bc4555d8
[0m16:20:26.501636 [debug] [Thread-1 (]: Began running node test.mon_projet_dbt.not_null_dim_commune_code_commune.7184fefab3
[0m16:20:26.500555 [info ] [Thread-2 (]: 2 of 3 START test not_null_dim_commune_libelle_commune ......................... [RUN]
[0m16:20:26.502500 [debug] [Thread-2 (]: Acquiring new postgres connection 'test.mon_projet_dbt.not_null_dim_commune_libelle_commune.3720bf9ba0'
[0m16:20:26.502836 [debug] [Thread-2 (]: Began compiling node test.mon_projet_dbt.not_null_dim_commune_libelle_commune.3720bf9ba0
[0m16:20:26.519810 [debug] [Thread-2 (]: Writing injected SQL for node "test.mon_projet_dbt.not_null_dim_commune_libelle_commune.3720bf9ba0"
[0m16:20:26.501355 [info ] [Thread-3 (]: 3 of 3 START test unique_dim_commune_code_commune .............................. [RUN]
[0m16:20:26.520595 [debug] [Thread-3 (]: Acquiring new postgres connection 'test.mon_projet_dbt.unique_dim_commune_code_commune.e0bc4555d8'
[0m16:20:26.520949 [debug] [Thread-3 (]: Began compiling node test.mon_projet_dbt.unique_dim_commune_code_commune.e0bc4555d8
[0m16:20:26.528465 [debug] [Thread-3 (]: Writing injected SQL for node "test.mon_projet_dbt.unique_dim_commune_code_commune.e0bc4555d8"
[0m16:20:26.501979 [info ] [Thread-1 (]: 1 of 3 START test not_null_dim_commune_code_commune ............................ [RUN]
[0m16:20:26.529725 [debug] [Thread-1 (]: Acquiring new postgres connection 'test.mon_projet_dbt.not_null_dim_commune_code_commune.7184fefab3'
[0m16:20:26.530067 [debug] [Thread-1 (]: Began compiling node test.mon_projet_dbt.not_null_dim_commune_code_commune.7184fefab3
[0m16:20:26.535505 [debug] [Thread-1 (]: Writing injected SQL for node "test.mon_projet_dbt.not_null_dim_commune_code_commune.7184fefab3"
[0m16:20:26.529257 [debug] [Thread-2 (]: Began executing node test.mon_projet_dbt.not_null_dim_commune_libelle_commune.3720bf9ba0
[0m16:20:26.552018 [debug] [Thread-2 (]: Writing runtime sql for node "test.mon_projet_dbt.not_null_dim_commune_libelle_commune.3720bf9ba0"
[0m16:20:26.552599 [debug] [Thread-3 (]: Began executing node test.mon_projet_dbt.unique_dim_commune_code_commune.e0bc4555d8
[0m16:20:26.554108 [debug] [Thread-3 (]: Writing runtime sql for node "test.mon_projet_dbt.unique_dim_commune_code_commune.e0bc4555d8"
[0m16:20:26.554673 [debug] [Thread-1 (]: Began executing node test.mon_projet_dbt.not_null_dim_commune_code_commune.7184fefab3
[0m16:20:26.556265 [debug] [Thread-1 (]: Writing runtime sql for node "test.mon_projet_dbt.not_null_dim_commune_code_commune.7184fefab3"
[0m16:20:26.556954 [debug] [Thread-2 (]: Using postgres connection "test.mon_projet_dbt.not_null_dim_commune_libelle_commune.3720bf9ba0"
[0m16:20:26.557339 [debug] [Thread-2 (]: On test.mon_projet_dbt.not_null_dim_commune_libelle_commune.3720bf9ba0: /* {"app": "dbt", "dbt_version": "1.12.0", "profile_name": "observatoire_sirene", "target_name": "dev", "node_id": "test.mon_projet_dbt.not_null_dim_commune_libelle_commune.3720bf9ba0"} */

    
    select
      count(*) as failures,
      count(*) != 0 as should_warn,
      count(*) != 0 as should_error
    from (
      
    
  
    
    



select libelle_commune
from "observatoire_sirene"."observatoire_observatoire"."dim_commune"
where libelle_commune is null



  
  
      
    ) dbt_internal_test
[0m16:20:26.557690 [debug] [Thread-2 (]: Opening a new connection, currently in state init
[0m16:20:26.558193 [debug] [Thread-3 (]: Using postgres connection "test.mon_projet_dbt.unique_dim_commune_code_commune.e0bc4555d8"
[0m16:20:26.558612 [debug] [Thread-3 (]: On test.mon_projet_dbt.unique_dim_commune_code_commune.e0bc4555d8: /* {"app": "dbt", "dbt_version": "1.12.0", "profile_name": "observatoire_sirene", "target_name": "dev", "node_id": "test.mon_projet_dbt.unique_dim_commune_code_commune.e0bc4555d8"} */

    
    select
      count(*) as failures,
      count(*) != 0 as should_warn,
      count(*) != 0 as should_error
    from (
      
    
  
    
    

select
    code_commune as unique_field,
    count(*) as n_records

from "observatoire_sirene"."observatoire_observatoire"."dim_commune"
where code_commune is not null
group by code_commune
having count(*) > 1



  
  
      
    ) dbt_internal_test
[0m16:20:26.559039 [debug] [Thread-3 (]: Opening a new connection, currently in state init
[0m16:20:26.559806 [debug] [Thread-1 (]: Using postgres connection "test.mon_projet_dbt.not_null_dim_commune_code_commune.7184fefab3"
[0m16:20:26.560221 [debug] [Thread-1 (]: On test.mon_projet_dbt.not_null_dim_commune_code_commune.7184fefab3: /* {"app": "dbt", "dbt_version": "1.12.0", "profile_name": "observatoire_sirene", "target_name": "dev", "node_id": "test.mon_projet_dbt.not_null_dim_commune_code_commune.7184fefab3"} */

    
    select
      count(*) as failures,
      count(*) != 0 as should_warn,
      count(*) != 0 as should_error
    from (
      
    
  
    
    



select code_commune
from "observatoire_sirene"."observatoire_observatoire"."dim_commune"
where code_commune is null



  
  
      
    ) dbt_internal_test
[0m16:20:26.560556 [debug] [Thread-1 (]: Opening a new connection, currently in state init
[0m16:20:26.605500 [debug] [Thread-2 (]: SQL status: SELECT 1 in 0.048 seconds
[0m16:20:26.609463 [debug] [Thread-2 (]: On test.mon_projet_dbt.not_null_dim_commune_libelle_commune.3720bf9ba0: ROLLBACK
[0m16:20:26.609971 [debug] [Thread-2 (]: On test.mon_projet_dbt.not_null_dim_commune_libelle_commune.3720bf9ba0: Close
[0m16:20:26.611113 [debug] [Thread-1 (]: SQL status: SELECT 1 in 0.050 seconds
[0m16:20:26.612596 [debug] [Thread-1 (]: On test.mon_projet_dbt.not_null_dim_commune_code_commune.7184fefab3: ROLLBACK
[0m16:20:26.610682 [info ] [Thread-2 (]: 2 of 3 PASS not_null_dim_commune_libelle_commune ............................... [[32mPASS[0m in 0.11s]
[0m16:20:26.613983 [debug] [Thread-2 (]: Finished running node test.mon_projet_dbt.not_null_dim_commune_libelle_commune.3720bf9ba0
[0m16:20:26.613334 [debug] [Thread-3 (]: SQL status: SELECT 1 in 0.054 seconds
[0m16:20:26.615439 [debug] [Thread-3 (]: On test.mon_projet_dbt.unique_dim_commune_code_commune.e0bc4555d8: ROLLBACK
[0m16:20:26.615822 [debug] [Thread-1 (]: On test.mon_projet_dbt.not_null_dim_commune_code_commune.7184fefab3: Close
[0m16:20:26.616200 [debug] [Thread-3 (]: On test.mon_projet_dbt.unique_dim_commune_code_commune.e0bc4555d8: Close
[0m16:20:26.616779 [info ] [Thread-1 (]: 1 of 3 PASS not_null_dim_commune_code_commune .................................. [[32mPASS[0m in 0.09s]
[0m16:20:26.618166 [debug] [Thread-1 (]: Finished running node test.mon_projet_dbt.not_null_dim_commune_code_commune.7184fefab3
[0m16:20:26.617508 [error] [Thread-3 (]: 3 of 3 FAIL 86 unique_dim_commune_code_commune ................................. [[31mFAIL 86[0m in 0.10s]
[0m16:20:26.619263 [debug] [Thread-3 (]: Finished running node test.mon_projet_dbt.unique_dim_commune_code_commune.e0bc4555d8
[0m16:20:26.620941 [debug] [MainThread]: On master: COMMIT
[0m16:20:26.621246 [debug] [MainThread]: Using postgres connection "master"
[0m16:20:26.621515 [debug] [MainThread]: On master: COMMIT
[0m16:20:26.621773 [debug] [MainThread]: Opening a new connection, currently in state closed
[0m16:20:26.659985 [debug] [MainThread]: SQL status: COMMIT in 0.038 seconds
[0m16:20:26.660385 [debug] [MainThread]: On master: Close
[0m16:20:26.660844 [debug] [MainThread]: Connection 'master' was properly closed.
[0m16:20:26.661112 [debug] [MainThread]: Connection 'list_observatoire_sirene_observatoire_observatoire' was properly closed.
[0m16:20:26.661417 [debug] [MainThread]: Connection 'list_observatoire_sirene_observatoire' was properly closed.
[0m16:20:26.661691 [debug] [MainThread]: Connection 'test.mon_projet_dbt.not_null_dim_commune_libelle_commune.3720bf9ba0' was properly closed.
[0m16:20:26.661962 [debug] [MainThread]: Connection 'test.mon_projet_dbt.unique_dim_commune_code_commune.e0bc4555d8' was properly closed.
[0m16:20:26.662212 [debug] [MainThread]: Connection 'test.mon_projet_dbt.not_null_dim_commune_code_commune.7184fefab3' was properly closed.
[0m16:20:26.662553 [info ] [MainThread]: 
[0m16:20:26.663032 [info ] [MainThread]: Finished running 3 data tests in 0 hours 0 minutes and 0.35 seconds (0.35s).
[0m16:20:26.664153 [debug] [MainThread]: Command end result
[0m16:20:26.695167 [debug] [MainThread]: Wrote artifact WritableManifest to C:\Users\Utilisateur\Documents\courses\observatoire_sirene\mon_projet_dbt\target\manifest.json
[0m16:20:26.698703 [debug] [MainThread]: Wrote artifact SemanticManifest to C:\Users\Utilisateur\Documents\courses\observatoire_sirene\mon_projet_dbt\target\semantic_manifest.json
[0m16:20:26.702124 [debug] [MainThread]: Wrote artifact OsiDocument to C:\Users\Utilisateur\Documents\courses\observatoire_sirene\mon_projet_dbt\target\osi_document.json
[0m16:20:26.710036 [debug] [MainThread]: Wrote artifact RunExecutionResult to C:\Users\Utilisateur\Documents\courses\observatoire_sirene\mon_projet_dbt\target\run_results.json
[0m16:20:26.710353 [info ] [MainThread]: 
[0m16:20:26.710856 [info ] [MainThread]: [31mCompleted with 1 error, 0 partial successes, and 0 warnings:[0m
[0m16:20:26.711298 [info ] [MainThread]: 
[0m16:20:26.711748 [error] [MainThread]: [[31mERROR[0m]: in test unique_dim_commune_code_commune (models\marts\schema.yml)
[0m16:20:26.712172 [error] [MainThread]:   Got 86 results, configured to fail if != 0
[0m16:20:26.712526 [info ] [MainThread]: 
[0m16:20:26.712935 [info ] [MainThread]:   compiled code at target\compiled\mon_projet_dbt\models\marts\schema.yml\unique_dim_commune_code_commune.sql
[0m16:20:26.713290 [info ] [MainThread]: 
[0m16:20:26.713663 [info ] [MainThread]: Done. PASS=2 WARN=0 ERROR=1 SKIP=0 NO-OP=0 REUSED=0 TOTAL=3
[0m16:20:26.714513 [debug] [MainThread]: Command `dbt test` failed at 16:20:26.714405 after 1.44 seconds
[0m16:20:26.714882 [debug] [MainThread]: Sending event: {'category': 'dbt', 'action': 'invocation', 'label': 'end', 'context': [<snowplow_tracker.self_describing_json.SelfDescribingJson object at 0x000001B71A714110>, <snowplow_tracker.self_describing_json.SelfDescribingJson object at 0x000001B71A7015A0>, <snowplow_tracker.self_describing_json.SelfDescribingJson object at 0x000001B71A700680>]}
[0m16:20:26.715230 [debug] [MainThread]: Flushing usage events
[0m16:20:27.410763 [debug] [MainThread]: An error was encountered while trying to flush usage events
[0m16:21:05.684365 [debug] [MainThread]: Sending event: {'category': 'dbt', 'action': 'invocation', 'label': 'start', 'context': [<snowplow_tracker.self_describing_json.SelfDescribingJson object at 0x0000015C89470980>, <snowplow_tracker.self_describing_json.SelfDescribingJson object at 0x0000015C86DECCD0>, <snowplow_tracker.self_describing_json.SelfDescribingJson object at 0x0000015C8BCD39D0>]}


============================== 16:21:05.687834 | 5d928cf2-b7d8-425a-8192-3129374ee83b ==============================
[0m16:21:05.687834 [info ] [MainThread]: Running with dbt=1.12.0
[0m16:21:05.688694 [debug] [MainThread]: running dbt with arguments {'maximum_seed_size_mib': '1', 'no_print': 'None', 'static_parser': 'True', 'warn_error_options': 'WarnErrorOptionsV2(error=[], warn=[], silence=[])', 'target_path': 'None', 'version_check': 'True', 'printer_width': '80', 'write_json': 'True', 'introspect': 'True', 'log_cache_events': 'False', 'empty': 'False', 'cache_selected_only': 'False', 'log_format': 'default', 'debug': 'False', 'fail_fast': 'False', 'partial_parse': 'True', 'send_anonymous_usage_stats': 'True', 'quiet': 'False', 'warn_error': 'None', 'profiles_dir': 'C:\\Users\\Utilisateur\\Documents\\courses\\observatoire_sirene\\mon_projet_dbt', 'use_colors': 'True', 'hints_enabled': 'True', 'invocation_command': 'dbt run --select dim_commune', 'use_experimental_parser': 'False', 'indirect_selection': 'eager', 'log_path': 'C:\\Users\\Utilisateur\\Documents\\courses\\observatoire_sirene\\mon_projet_dbt\\logs'}
[0m16:21:05.868842 [debug] [MainThread]: Sending event: {'category': 'dbt', 'action': 'project_id', 'label': '5d928cf2-b7d8-425a-8192-3129374ee83b', 'context': [<snowplow_tracker.self_describing_json.SelfDescribingJson object at 0x0000015C8BC7DE00>]}
[0m16:21:05.937401 [debug] [MainThread]: Sending event: {'category': 'dbt', 'action': 'adapter_info', 'label': '5d928cf2-b7d8-425a-8192-3129374ee83b', 'context': [<snowplow_tracker.self_describing_json.SelfDescribingJson object at 0x0000015C8751EF10>]}
[0m16:21:05.938931 [info ] [MainThread]: Registered adapter: postgres=1.11.0
[0m16:21:06.185538 [debug] [MainThread]: checksum: 60d4e7c5581444e26d365e42f856ff9ef6ae34e9f453452ecad212ad268af85c, vars: {}, profile: observatoire_sirene, target: dev, version: 1.12.0
[0m16:21:06.399370 [debug] [MainThread]: Partial parsing enabled: 0 files deleted, 0 files added, 1 files changed.
[0m16:21:06.400010 [debug] [MainThread]: Partial parsing: updated file: mon_projet_dbt://models\marts\dim_commune.sql
[0m16:21:07.087769 [debug] [MainThread]: Sending event: {'category': 'dbt', 'action': 'load_project', 'label': '5d928cf2-b7d8-425a-8192-3129374ee83b', 'context': [<snowplow_tracker.self_describing_json.SelfDescribingJson object at 0x0000015C8C950750>]}
[0m16:21:07.234931 [debug] [MainThread]: Wrote artifact WritableManifest to C:\Users\Utilisateur\Documents\courses\observatoire_sirene\mon_projet_dbt\target\manifest.json
[0m16:21:07.238320 [debug] [MainThread]: Wrote artifact SemanticManifest to C:\Users\Utilisateur\Documents\courses\observatoire_sirene\mon_projet_dbt\target\semantic_manifest.json
[0m16:21:07.271957 [debug] [MainThread]: Wrote artifact OsiDocument to C:\Users\Utilisateur\Documents\courses\observatoire_sirene\mon_projet_dbt\target\osi_document.json
[0m16:21:07.294074 [debug] [MainThread]: Sending event: {'category': 'dbt', 'action': 'resource_counts', 'label': '5d928cf2-b7d8-425a-8192-3129374ee83b', 'context': [<snowplow_tracker.self_describing_json.SelfDescribingJson object at 0x0000015C8CA7C140>]}
[0m16:21:07.294762 [info ] [MainThread]: Found 1 snapshot, 1 seed, 2 models, 3 data tests, 2 sources, 477 macros
[0m16:21:07.295390 [debug] [MainThread]: Sending event: {'category': 'dbt', 'action': 'runnable_timing', 'label': '5d928cf2-b7d8-425a-8192-3129374ee83b', 'context': [<snowplow_tracker.self_describing_json.SelfDescribingJson object at 0x0000015C8C9EFBD0>]}
[0m16:21:07.297822 [info ] [MainThread]: 
[0m16:21:07.298434 [info ] [MainThread]: Concurrency: 4 threads (target='dev')
[0m16:21:07.298805 [info ] [MainThread]: 
[0m16:21:07.299325 [debug] [MainThread]: Acquiring new postgres connection 'master'
[0m16:21:07.300204 [debug] [ThreadPool]: Acquiring new postgres connection 'list_observatoire_sirene'
[0m16:21:07.364470 [debug] [ThreadPool]: Using postgres connection "list_observatoire_sirene"
[0m16:21:07.364832 [debug] [ThreadPool]: On list_observatoire_sirene: /* {"app": "dbt", "dbt_version": "1.12.0", "profile_name": "observatoire_sirene", "target_name": "dev", "connection_name": "list_observatoire_sirene"} */

    select distinct nspname from pg_namespace
  
[0m16:21:07.365111 [debug] [ThreadPool]: Opening a new connection, currently in state init
[0m16:21:07.420824 [debug] [ThreadPool]: SQL status: SELECT 6 in 0.056 seconds
[0m16:21:07.422885 [debug] [ThreadPool]: On list_observatoire_sirene: Close
[0m16:21:07.429201 [debug] [ThreadPool]: Acquiring new postgres connection 'list_observatoire_sirene_observatoire_observatoire'
[0m16:21:07.434040 [debug] [ThreadPool]: Using postgres connection "list_observatoire_sirene_observatoire_observatoire"
[0m16:21:07.434807 [debug] [ThreadPool]: On list_observatoire_sirene_observatoire_observatoire: /* {"app": "dbt", "dbt_version": "1.12.0", "profile_name": "observatoire_sirene", "target_name": "dev", "connection_name": "list_observatoire_sirene_observatoire_observatoire"} */
select
      'observatoire_sirene' as database,
      tablename as name,
      schemaname as schema,
      'table' as type
    from pg_tables
    where schemaname ilike 'observatoire_observatoire'
    union all
    select
      'observatoire_sirene' as database,
      viewname as name,
      schemaname as schema,
      'view' as type
    from pg_views
    where schemaname ilike 'observatoire_observatoire'
    union all
    select
      'observatoire_sirene' as database,
      matviewname as name,
      schemaname as schema,
      'materialized_view' as type
    from pg_matviews
    where schemaname ilike 'observatoire_observatoire'
    union all
    select distinct
     'observatoire_sirene' as database,
     proname as name,
     ns.nspname as schema,
     'function' as type
    from pg_proc
     join pg_namespace as ns on pronamespace = ns.oid
    where ns.nspname ilike 'observatoire_observatoire'
  
[0m16:21:07.435146 [debug] [ThreadPool]: Opening a new connection, currently in state init
[0m16:21:07.434484 [debug] [ThreadPool]: Acquiring new postgres connection 'list_observatoire_sirene_observatoire'
[0m16:21:07.436655 [debug] [ThreadPool]: Using postgres connection "list_observatoire_sirene_observatoire"
[0m16:21:07.437147 [debug] [ThreadPool]: On list_observatoire_sirene_observatoire: /* {"app": "dbt", "dbt_version": "1.12.0", "profile_name": "observatoire_sirene", "target_name": "dev", "connection_name": "list_observatoire_sirene_observatoire"} */
select
      'observatoire_sirene' as database,
      tablename as name,
      schemaname as schema,
      'table' as type
    from pg_tables
    where schemaname ilike 'observatoire'
    union all
    select
      'observatoire_sirene' as database,
      viewname as name,
      schemaname as schema,
      'view' as type
    from pg_views
    where schemaname ilike 'observatoire'
    union all
    select
      'observatoire_sirene' as database,
      matviewname as name,
      schemaname as schema,
      'materialized_view' as type
    from pg_matviews
    where schemaname ilike 'observatoire'
    union all
    select distinct
     'observatoire_sirene' as database,
     proname as name,
     ns.nspname as schema,
     'function' as type
    from pg_proc
     join pg_namespace as ns on pronamespace = ns.oid
    where ns.nspname ilike 'observatoire'
  
[0m16:21:07.437628 [debug] [ThreadPool]: Opening a new connection, currently in state init
[0m16:21:07.488410 [debug] [ThreadPool]: SQL status: SELECT 2 in 0.053 seconds
[0m16:21:07.489619 [debug] [ThreadPool]: On list_observatoire_sirene_observatoire_observatoire: ROLLBACK
[0m16:21:07.490066 [debug] [ThreadPool]: On list_observatoire_sirene_observatoire_observatoire: Close
[0m16:21:07.491443 [debug] [ThreadPool]: SQL status: SELECT 5 in 0.054 seconds
[0m16:21:07.492714 [debug] [ThreadPool]: On list_observatoire_sirene_observatoire: ROLLBACK
[0m16:21:07.493148 [debug] [ThreadPool]: On list_observatoire_sirene_observatoire: Close
[0m16:21:07.497525 [debug] [MainThread]: Using postgres connection "master"
[0m16:21:07.497907 [debug] [MainThread]: On master: /* {"app": "dbt", "dbt_version": "1.12.0", "profile_name": "observatoire_sirene", "target_name": "dev", "connection_name": "master"} */
select distinct
        dependent_namespace.nspname as dependent_schema,
        dependent_class.relname as dependent_name,
        referenced_namespace.nspname as referenced_schema,
        referenced_class.relname as referenced_name

    -- Query for views: views are entries in pg_class with an entry in pg_rewrite, but we avoid
    -- a seq scan on pg_rewrite by leveraging the fact there is an "internal" row in pg_depend for
    -- the view...
    from pg_class as dependent_class
    join pg_namespace as dependent_namespace on dependent_namespace.oid = dependent_class.relnamespace
    join pg_depend as dependent_depend on dependent_depend.refobjid = dependent_class.oid
        and dependent_depend.classid = 'pg_rewrite'::regclass
        and dependent_depend.refclassid = 'pg_class'::regclass
        and dependent_depend.deptype = 'i'

    -- ... and via pg_depend (that has a row per column, hence the need for "distinct" above, and
    -- making sure to exclude the internal row to avoid a view appearing to depend on itself)...
    join pg_depend as joining_depend on joining_depend.objid = dependent_depend.objid
        and joining_depend.classid = 'pg_rewrite'::regclass
        and joining_depend.refclassid = 'pg_class'::regclass
        and joining_depend.refobjid != dependent_depend.refobjid

    -- ... we can find the tables they query from in pg_class, but excluding system tables. Note we
    -- don't need need to exclude _dependent_ system tables, because they only query from other
    -- system tables, and so are automatically excluded by excluding _referenced_ system tables
    join pg_class as referenced_class on referenced_class.oid = joining_depend.refobjid
    join pg_namespace as referenced_namespace on referenced_namespace.oid = referenced_class.relnamespace
        and referenced_namespace.nspname != 'information_schema'
        and referenced_namespace.nspname not like 'pg\_%'

    order by
        dependent_schema, dependent_name, referenced_schema, referenced_name;
[0m16:21:07.498261 [debug] [MainThread]: Opening a new connection, currently in state init
[0m16:21:07.540254 [debug] [MainThread]: SQL status: SELECT 1 in 0.042 seconds
[0m16:21:07.541357 [debug] [MainThread]: Sending event: {'category': 'dbt', 'action': 'runnable_timing', 'label': '5d928cf2-b7d8-425a-8192-3129374ee83b', 'context': [<snowplow_tracker.self_describing_json.SelfDescribingJson object at 0x0000015C8CC07AD0>]}
[0m16:21:07.541770 [debug] [MainThread]: On master: ROLLBACK
[0m16:21:07.542199 [debug] [MainThread]: On master: COMMIT
[0m16:21:07.542483 [debug] [MainThread]: Using postgres connection "master"
[0m16:21:07.542753 [debug] [MainThread]: On master: COMMIT
[0m16:21:07.543232 [debug] [MainThread]: SQL status: COMMIT in 0.000 seconds
[0m16:21:07.543530 [debug] [MainThread]: On master: Close
[0m16:21:07.547176 [debug] [Thread-1 (]: Began running node model.mon_projet_dbt.dim_commune
[0m16:21:07.547686 [info ] [Thread-1 (]: 1 of 1 START sql table model observatoire_observatoire.dim_commune ............. [RUN]
[0m16:21:07.548391 [debug] [Thread-1 (]: Acquiring new postgres connection 'model.mon_projet_dbt.dim_commune'
[0m16:21:07.548749 [debug] [Thread-1 (]: Began compiling node model.mon_projet_dbt.dim_commune
[0m16:21:07.555522 [debug] [Thread-1 (]: Writing injected SQL for node "model.mon_projet_dbt.dim_commune"
[0m16:21:07.556762 [debug] [Thread-1 (]: Began executing node model.mon_projet_dbt.dim_commune
[0m16:21:07.593373 [debug] [Thread-1 (]: Writing runtime sql for node "model.mon_projet_dbt.dim_commune"
[0m16:21:07.594487 [debug] [Thread-1 (]: Using postgres connection "model.mon_projet_dbt.dim_commune"
[0m16:21:07.594860 [debug] [Thread-1 (]: On model.mon_projet_dbt.dim_commune: /* {"app": "dbt", "dbt_version": "1.12.0", "profile_name": "observatoire_sirene", "target_name": "dev", "node_id": "model.mon_projet_dbt.dim_commune"} */

  
    

  create  table "observatoire_sirene"."observatoire_observatoire"."dim_commune__dbt_tmp"
  
  
    as
  
  (
    


WITH communes AS (

    SELECT

        code_commune,

        libelle_commune,

        ROW_NUMBER() OVER (

            PARTITION BY code_commune

            ORDER BY libelle_commune

        ) AS rn


    FROM "observatoire_sirene"."observatoire_observatoire"."stg_periodes"


    WHERE code_commune IS NOT NULL

)


SELECT

    code_commune,

    libelle_commune


FROM communes


WHERE rn = 1
  );
  
[0m16:21:07.595210 [debug] [Thread-1 (]: Opening a new connection, currently in state init
[0m16:21:09.735263 [debug] [Thread-1 (]: SQL status: SELECT 302 in 2.140 seconds
[0m16:21:09.744247 [debug] [Thread-1 (]: Using postgres connection "model.mon_projet_dbt.dim_commune"
[0m16:21:09.744648 [debug] [Thread-1 (]: On model.mon_projet_dbt.dim_commune: /* {"app": "dbt", "dbt_version": "1.12.0", "profile_name": "observatoire_sirene", "target_name": "dev", "node_id": "model.mon_projet_dbt.dim_commune"} */
alter table "observatoire_sirene"."observatoire_observatoire"."dim_commune" rename to "dim_commune__dbt_backup"
[0m16:21:09.745453 [debug] [Thread-1 (]: SQL status: ALTER TABLE in 0.000 seconds
[0m16:21:09.748455 [debug] [Thread-1 (]: Using postgres connection "model.mon_projet_dbt.dim_commune"
[0m16:21:09.749041 [debug] [Thread-1 (]: On model.mon_projet_dbt.dim_commune: /* {"app": "dbt", "dbt_version": "1.12.0", "profile_name": "observatoire_sirene", "target_name": "dev", "node_id": "model.mon_projet_dbt.dim_commune"} */
alter table "observatoire_sirene"."observatoire_observatoire"."dim_commune__dbt_tmp" rename to "dim_commune"
[0m16:21:09.749942 [debug] [Thread-1 (]: SQL status: ALTER TABLE in 0.000 seconds
[0m16:21:09.769075 [debug] [Thread-1 (]: On model.mon_projet_dbt.dim_commune: COMMIT
[0m16:21:09.769534 [debug] [Thread-1 (]: Using postgres connection "model.mon_projet_dbt.dim_commune"
[0m16:21:09.769880 [debug] [Thread-1 (]: On model.mon_projet_dbt.dim_commune: COMMIT
[0m16:21:09.781218 [debug] [Thread-1 (]: SQL status: COMMIT in 0.011 seconds
[0m16:21:09.786629 [debug] [Thread-1 (]: Applying DROP to: "observatoire_sirene"."observatoire_observatoire"."dim_commune__dbt_backup"
[0m16:21:09.792200 [debug] [Thread-1 (]: Using postgres connection "model.mon_projet_dbt.dim_commune"
[0m16:21:09.792595 [debug] [Thread-1 (]: On model.mon_projet_dbt.dim_commune: /* {"app": "dbt", "dbt_version": "1.12.0", "profile_name": "observatoire_sirene", "target_name": "dev", "node_id": "model.mon_projet_dbt.dim_commune"} */
drop table if exists "observatoire_sirene"."observatoire_observatoire"."dim_commune__dbt_backup" cascade
[0m16:21:09.796249 [debug] [Thread-1 (]: SQL status: DROP TABLE in 0.003 seconds
[0m16:21:09.798379 [debug] [Thread-1 (]: On model.mon_projet_dbt.dim_commune: Close
[0m16:21:09.800747 [debug] [Thread-1 (]: Sending event: {'category': 'dbt', 'action': 'run_model', 'label': '5d928cf2-b7d8-425a-8192-3129374ee83b', 'context': [<snowplow_tracker.self_describing_json.SelfDescribingJson object at 0x0000015C8C9F6E10>]}
[0m16:21:09.801606 [info ] [Thread-1 (]: 1 of 1 OK created sql table model observatoire_observatoire.dim_commune ........ [[32mSELECT 302[0m in 2.25s]
[0m16:21:09.802711 [debug] [Thread-1 (]: Finished running node model.mon_projet_dbt.dim_commune
[0m16:21:09.804882 [debug] [MainThread]: On master: COMMIT
[0m16:21:09.805267 [debug] [MainThread]: Using postgres connection "master"
[0m16:21:09.805556 [debug] [MainThread]: On master: COMMIT
[0m16:21:09.805861 [debug] [MainThread]: Opening a new connection, currently in state closed
[0m16:21:09.845688 [debug] [MainThread]: SQL status: COMMIT in 0.040 seconds
[0m16:21:09.846081 [debug] [MainThread]: On master: Close
[0m16:21:09.846520 [debug] [MainThread]: Connection 'master' was properly closed.
[0m16:21:09.846795 [debug] [MainThread]: Connection 'list_observatoire_sirene' was properly closed.
[0m16:21:09.847240 [debug] [MainThread]: Connection 'list_observatoire_sirene_observatoire_observatoire' was properly closed.
[0m16:21:09.847644 [debug] [MainThread]: Connection 'list_observatoire_sirene_observatoire' was properly closed.
[0m16:21:09.847893 [debug] [MainThread]: Connection 'model.mon_projet_dbt.dim_commune' was properly closed.
[0m16:21:09.848192 [info ] [MainThread]: 
[0m16:21:09.848747 [info ] [MainThread]: Finished running 1 table model in 0 hours 0 minutes and 2.55 seconds (2.55s).
[0m16:21:09.849762 [debug] [MainThread]: Command end result
[0m16:21:09.882740 [debug] [MainThread]: Wrote artifact WritableManifest to C:\Users\Utilisateur\Documents\courses\observatoire_sirene\mon_projet_dbt\target\manifest.json
[0m16:21:09.885771 [debug] [MainThread]: Wrote artifact SemanticManifest to C:\Users\Utilisateur\Documents\courses\observatoire_sirene\mon_projet_dbt\target\semantic_manifest.json
[0m16:21:09.889513 [debug] [MainThread]: Wrote artifact OsiDocument to C:\Users\Utilisateur\Documents\courses\observatoire_sirene\mon_projet_dbt\target\osi_document.json
[0m16:21:09.896781 [debug] [MainThread]: Wrote artifact RunExecutionResult to C:\Users\Utilisateur\Documents\courses\observatoire_sirene\mon_projet_dbt\target\run_results.json
[0m16:21:09.897091 [info ] [MainThread]: 
[0m16:21:09.897615 [info ] [MainThread]: [32mCompleted successfully[0m
[0m16:21:09.898117 [info ] [MainThread]: 
[0m16:21:09.898516 [info ] [MainThread]: Done. PASS=1 WARN=0 ERROR=0 SKIP=0 NO-OP=0 REUSED=0 TOTAL=1
[0m16:21:09.899347 [debug] [MainThread]: Command `dbt run` succeeded at 16:21:09.899228 after 4.36 seconds
[0m16:21:09.899719 [debug] [MainThread]: Sending event: {'category': 'dbt', 'action': 'invocation', 'label': 'end', 'context': [<snowplow_tracker.self_describing_json.SelfDescribingJson object at 0x0000015C8CEBAC50>, <snowplow_tracker.self_describing_json.SelfDescribingJson object at 0x0000015C8C5FF390>, <snowplow_tracker.self_describing_json.SelfDescribingJson object at 0x0000015C8C2B2670>]}
[0m16:21:09.900058 [debug] [MainThread]: Flushing usage events
[0m16:21:10.700490 [debug] [MainThread]: An error was encountered while trying to flush usage events
[0m16:21:14.940049 [debug] [MainThread]: Sending event: {'category': 'dbt', 'action': 'invocation', 'label': 'start', 'context': [<snowplow_tracker.self_describing_json.SelfDescribingJson object at 0x000001470EEB0980>, <snowplow_tracker.self_describing_json.SelfDescribingJson object at 0x000001470C7C0B90>, <snowplow_tracker.self_describing_json.SelfDescribingJson object at 0x00000147117139D0>]}


============================== 16:21:14.943486 | 0b7b6b47-8a7b-44d4-8631-b3fcf1f4f8ff ==============================
[0m16:21:14.943486 [info ] [MainThread]: Running with dbt=1.12.0
[0m16:21:14.944059 [debug] [MainThread]: running dbt with arguments {'static_parser': 'True', 'no_print': 'None', 'maximum_seed_size_mib': '1', 'target_path': 'None', 'version_check': 'True', 'warn_error_options': 'WarnErrorOptionsV2(error=[], warn=[], silence=[])', 'printer_width': '80', 'write_json': 'True', 'introspect': 'True', 'log_cache_events': 'False', 'empty': 'None', 'cache_selected_only': 'False', 'fail_fast': 'False', 'debug': 'False', 'log_format': 'default', 'profiles_dir': 'C:\\Users\\Utilisateur\\Documents\\courses\\observatoire_sirene\\mon_projet_dbt', 'send_anonymous_usage_stats': 'True', 'quiet': 'False', 'warn_error': 'None', 'partial_parse': 'True', 'use_colors': 'True', 'hints_enabled': 'True', 'invocation_command': 'dbt test --select dim_commune', 'use_experimental_parser': 'False', 'indirect_selection': 'eager', 'log_path': 'C:\\Users\\Utilisateur\\Documents\\courses\\observatoire_sirene\\mon_projet_dbt\\logs'}
[0m16:21:15.116908 [debug] [MainThread]: Sending event: {'category': 'dbt', 'action': 'project_id', 'label': '0b7b6b47-8a7b-44d4-8631-b3fcf1f4f8ff', 'context': [<snowplow_tracker.self_describing_json.SelfDescribingJson object at 0x00000147116BDE00>]}
[0m16:21:15.182821 [debug] [MainThread]: Sending event: {'category': 'dbt', 'action': 'adapter_info', 'label': '0b7b6b47-8a7b-44d4-8631-b3fcf1f4f8ff', 'context': [<snowplow_tracker.self_describing_json.SelfDescribingJson object at 0x000001470CF3EF10>]}
[0m16:21:15.183831 [info ] [MainThread]: Registered adapter: postgres=1.11.0
[0m16:21:15.437942 [debug] [MainThread]: checksum: 60d4e7c5581444e26d365e42f856ff9ef6ae34e9f453452ecad212ad268af85c, vars: {}, profile: observatoire_sirene, target: dev, version: 1.12.0
[0m16:21:15.618063 [debug] [MainThread]: Partial parsing enabled: 0 files deleted, 0 files added, 0 files changed.
[0m16:21:15.618398 [debug] [MainThread]: Nothing changed, skipping partial parsing.
[0m16:21:15.618640 [debug] [MainThread]: Partial parsing enabled, no changes found, skipping parsing
[0m16:21:15.627191 [debug] [MainThread]: Sending event: {'category': 'dbt', 'action': 'load_project', 'label': '0b7b6b47-8a7b-44d4-8631-b3fcf1f4f8ff', 'context': [<snowplow_tracker.self_describing_json.SelfDescribingJson object at 0x0000014711C7B350>]}
[0m16:21:15.821874 [debug] [MainThread]: Wrote artifact WritableManifest to C:\Users\Utilisateur\Documents\courses\observatoire_sirene\mon_projet_dbt\target\manifest.json
[0m16:21:15.824870 [debug] [MainThread]: Wrote artifact SemanticManifest to C:\Users\Utilisateur\Documents\courses\observatoire_sirene\mon_projet_dbt\target\semantic_manifest.json
[0m16:21:15.841676 [debug] [MainThread]: Wrote artifact OsiDocument to C:\Users\Utilisateur\Documents\courses\observatoire_sirene\mon_projet_dbt\target\osi_document.json
[0m16:21:15.857806 [debug] [MainThread]: Sending event: {'category': 'dbt', 'action': 'resource_counts', 'label': '0b7b6b47-8a7b-44d4-8631-b3fcf1f4f8ff', 'context': [<snowplow_tracker.self_describing_json.SelfDescribingJson object at 0x0000014711FB66C0>]}
[0m16:21:15.858232 [info ] [MainThread]: Found 1 snapshot, 1 seed, 2 models, 3 data tests, 2 sources, 477 macros
[0m16:21:15.858742 [debug] [MainThread]: Sending event: {'category': 'dbt', 'action': 'runnable_timing', 'label': '0b7b6b47-8a7b-44d4-8631-b3fcf1f4f8ff', 'context': [<snowplow_tracker.self_describing_json.SelfDescribingJson object at 0x00000147120DCE50>]}
[0m16:21:15.860482 [info ] [MainThread]: 
[0m16:21:15.860944 [info ] [MainThread]: Concurrency: 4 threads (target='dev')
[0m16:21:15.861338 [info ] [MainThread]: 
[0m16:21:15.861869 [debug] [MainThread]: Acquiring new postgres connection 'master'
[0m16:21:15.865538 [debug] [ThreadPool]: Acquiring new postgres connection 'list_observatoire_sirene_observatoire'
[0m16:21:15.876798 [debug] [ThreadPool]: Acquiring new postgres connection 'list_observatoire_sirene_observatoire_observatoire'
[0m16:21:15.929266 [debug] [ThreadPool]: Using postgres connection "list_observatoire_sirene_observatoire"
[0m16:21:15.929638 [debug] [ThreadPool]: On list_observatoire_sirene_observatoire: /* {"app": "dbt", "dbt_version": "1.12.0", "profile_name": "observatoire_sirene", "target_name": "dev", "connection_name": "list_observatoire_sirene_observatoire"} */
select
      'observatoire_sirene' as database,
      tablename as name,
      schemaname as schema,
      'table' as type
    from pg_tables
    where schemaname ilike 'observatoire'
    union all
    select
      'observatoire_sirene' as database,
      viewname as name,
      schemaname as schema,
      'view' as type
    from pg_views
    where schemaname ilike 'observatoire'
    union all
    select
      'observatoire_sirene' as database,
      matviewname as name,
      schemaname as schema,
      'materialized_view' as type
    from pg_matviews
    where schemaname ilike 'observatoire'
    union all
    select distinct
     'observatoire_sirene' as database,
     proname as name,
     ns.nspname as schema,
     'function' as type
    from pg_proc
     join pg_namespace as ns on pronamespace = ns.oid
    where ns.nspname ilike 'observatoire'
  
[0m16:21:15.929952 [debug] [ThreadPool]: Opening a new connection, currently in state init
[0m16:21:15.930452 [debug] [ThreadPool]: Using postgres connection "list_observatoire_sirene_observatoire_observatoire"
[0m16:21:15.930787 [debug] [ThreadPool]: On list_observatoire_sirene_observatoire_observatoire: /* {"app": "dbt", "dbt_version": "1.12.0", "profile_name": "observatoire_sirene", "target_name": "dev", "connection_name": "list_observatoire_sirene_observatoire_observatoire"} */
select
      'observatoire_sirene' as database,
      tablename as name,
      schemaname as schema,
      'table' as type
    from pg_tables
    where schemaname ilike 'observatoire_observatoire'
    union all
    select
      'observatoire_sirene' as database,
      viewname as name,
      schemaname as schema,
      'view' as type
    from pg_views
    where schemaname ilike 'observatoire_observatoire'
    union all
    select
      'observatoire_sirene' as database,
      matviewname as name,
      schemaname as schema,
      'materialized_view' as type
    from pg_matviews
    where schemaname ilike 'observatoire_observatoire'
    union all
    select distinct
     'observatoire_sirene' as database,
     proname as name,
     ns.nspname as schema,
     'function' as type
    from pg_proc
     join pg_namespace as ns on pronamespace = ns.oid
    where ns.nspname ilike 'observatoire_observatoire'
  
[0m16:21:15.931291 [debug] [ThreadPool]: Opening a new connection, currently in state init
[0m16:21:15.984382 [debug] [ThreadPool]: SQL status: SELECT 5 in 0.054 seconds
[0m16:21:15.986054 [debug] [ThreadPool]: On list_observatoire_sirene_observatoire: ROLLBACK
[0m16:21:15.984758 [debug] [ThreadPool]: SQL status: SELECT 2 in 0.053 seconds
[0m16:21:15.987182 [debug] [ThreadPool]: On list_observatoire_sirene_observatoire_observatoire: ROLLBACK
[0m16:21:15.987508 [debug] [ThreadPool]: On list_observatoire_sirene_observatoire: Close
[0m16:21:15.987793 [debug] [ThreadPool]: On list_observatoire_sirene_observatoire_observatoire: Close
[0m16:21:15.993064 [debug] [MainThread]: Using postgres connection "master"
[0m16:21:15.993510 [debug] [MainThread]: On master: /* {"app": "dbt", "dbt_version": "1.12.0", "profile_name": "observatoire_sirene", "target_name": "dev", "connection_name": "master"} */
select distinct
        dependent_namespace.nspname as dependent_schema,
        dependent_class.relname as dependent_name,
        referenced_namespace.nspname as referenced_schema,
        referenced_class.relname as referenced_name

    -- Query for views: views are entries in pg_class with an entry in pg_rewrite, but we avoid
    -- a seq scan on pg_rewrite by leveraging the fact there is an "internal" row in pg_depend for
    -- the view...
    from pg_class as dependent_class
    join pg_namespace as dependent_namespace on dependent_namespace.oid = dependent_class.relnamespace
    join pg_depend as dependent_depend on dependent_depend.refobjid = dependent_class.oid
        and dependent_depend.classid = 'pg_rewrite'::regclass
        and dependent_depend.refclassid = 'pg_class'::regclass
        and dependent_depend.deptype = 'i'

    -- ... and via pg_depend (that has a row per column, hence the need for "distinct" above, and
    -- making sure to exclude the internal row to avoid a view appearing to depend on itself)...
    join pg_depend as joining_depend on joining_depend.objid = dependent_depend.objid
        and joining_depend.classid = 'pg_rewrite'::regclass
        and joining_depend.refclassid = 'pg_class'::regclass
        and joining_depend.refobjid != dependent_depend.refobjid

    -- ... we can find the tables they query from in pg_class, but excluding system tables. Note we
    -- don't need need to exclude _dependent_ system tables, because they only query from other
    -- system tables, and so are automatically excluded by excluding _referenced_ system tables
    join pg_class as referenced_class on referenced_class.oid = joining_depend.refobjid
    join pg_namespace as referenced_namespace on referenced_namespace.oid = referenced_class.relnamespace
        and referenced_namespace.nspname != 'information_schema'
        and referenced_namespace.nspname not like 'pg\_%'

    order by
        dependent_schema, dependent_name, referenced_schema, referenced_name;
[0m16:21:15.993856 [debug] [MainThread]: Opening a new connection, currently in state init
[0m16:21:16.034857 [debug] [MainThread]: SQL status: SELECT 1 in 0.041 seconds
[0m16:21:16.035936 [debug] [MainThread]: Sending event: {'category': 'dbt', 'action': 'runnable_timing', 'label': '0b7b6b47-8a7b-44d4-8631-b3fcf1f4f8ff', 'context': [<snowplow_tracker.self_describing_json.SelfDescribingJson object at 0x00000147123217E0>]}
[0m16:21:16.036341 [debug] [MainThread]: On master: ROLLBACK
[0m16:21:16.036768 [debug] [MainThread]: On master: COMMIT
[0m16:21:16.037064 [debug] [MainThread]: Using postgres connection "master"
[0m16:21:16.037332 [debug] [MainThread]: On master: COMMIT
[0m16:21:16.037769 [debug] [MainThread]: SQL status: COMMIT in 0.000 seconds
[0m16:21:16.038057 [debug] [MainThread]: On master: Close
[0m16:21:16.041260 [debug] [Thread-3 (]: Began running node test.mon_projet_dbt.unique_dim_commune_code_commune.e0bc4555d8
[0m16:21:16.042052 [debug] [Thread-2 (]: Began running node test.mon_projet_dbt.not_null_dim_commune_libelle_commune.3720bf9ba0
[0m16:21:16.041664 [info ] [Thread-3 (]: 3 of 3 START test unique_dim_commune_code_commune .............................. [RUN]
[0m16:21:16.043437 [debug] [Thread-3 (]: Acquiring new postgres connection 'test.mon_projet_dbt.unique_dim_commune_code_commune.e0bc4555d8'
[0m16:21:16.043776 [debug] [Thread-3 (]: Began compiling node test.mon_projet_dbt.unique_dim_commune_code_commune.e0bc4555d8
[0m16:21:16.042545 [debug] [Thread-1 (]: Began running node test.mon_projet_dbt.not_null_dim_commune_code_commune.7184fefab3
[0m16:21:16.059838 [debug] [Thread-3 (]: Writing injected SQL for node "test.mon_projet_dbt.unique_dim_commune_code_commune.e0bc4555d8"
[0m16:21:16.042897 [info ] [Thread-2 (]: 2 of 3 START test not_null_dim_commune_libelle_commune ......................... [RUN]
[0m16:21:16.060636 [debug] [Thread-2 (]: Acquiring new postgres connection 'test.mon_projet_dbt.not_null_dim_commune_libelle_commune.3720bf9ba0'
[0m16:21:16.060988 [debug] [Thread-2 (]: Began compiling node test.mon_projet_dbt.not_null_dim_commune_libelle_commune.3720bf9ba0
[0m16:21:16.070850 [debug] [Thread-2 (]: Writing injected SQL for node "test.mon_projet_dbt.not_null_dim_commune_libelle_commune.3720bf9ba0"
[0m16:21:16.052057 [info ] [Thread-1 (]: 1 of 3 START test not_null_dim_commune_code_commune ............................ [RUN]
[0m16:21:16.071622 [debug] [Thread-1 (]: Acquiring new postgres connection 'test.mon_projet_dbt.not_null_dim_commune_code_commune.7184fefab3'
[0m16:21:16.071962 [debug] [Thread-1 (]: Began compiling node test.mon_projet_dbt.not_null_dim_commune_code_commune.7184fefab3
[0m16:21:16.077607 [debug] [Thread-1 (]: Writing injected SQL for node "test.mon_projet_dbt.not_null_dim_commune_code_commune.7184fefab3"
[0m16:21:16.078216 [debug] [Thread-3 (]: Began executing node test.mon_projet_dbt.unique_dim_commune_code_commune.e0bc4555d8
[0m16:21:16.095335 [debug] [Thread-3 (]: Writing runtime sql for node "test.mon_projet_dbt.unique_dim_commune_code_commune.e0bc4555d8"
[0m16:21:16.095904 [debug] [Thread-2 (]: Began executing node test.mon_projet_dbt.not_null_dim_commune_libelle_commune.3720bf9ba0
[0m16:21:16.097543 [debug] [Thread-2 (]: Writing runtime sql for node "test.mon_projet_dbt.not_null_dim_commune_libelle_commune.3720bf9ba0"
[0m16:21:16.098179 [debug] [Thread-1 (]: Began executing node test.mon_projet_dbt.not_null_dim_commune_code_commune.7184fefab3
[0m16:21:16.099567 [debug] [Thread-1 (]: Writing runtime sql for node "test.mon_projet_dbt.not_null_dim_commune_code_commune.7184fefab3"
[0m16:21:16.100022 [debug] [Thread-3 (]: Using postgres connection "test.mon_projet_dbt.unique_dim_commune_code_commune.e0bc4555d8"
[0m16:21:16.100395 [debug] [Thread-3 (]: On test.mon_projet_dbt.unique_dim_commune_code_commune.e0bc4555d8: /* {"app": "dbt", "dbt_version": "1.12.0", "profile_name": "observatoire_sirene", "target_name": "dev", "node_id": "test.mon_projet_dbt.unique_dim_commune_code_commune.e0bc4555d8"} */

    
    select
      count(*) as failures,
      count(*) != 0 as should_warn,
      count(*) != 0 as should_error
    from (
      
    
  
    
    

select
    code_commune as unique_field,
    count(*) as n_records

from "observatoire_sirene"."observatoire_observatoire"."dim_commune"
where code_commune is not null
group by code_commune
having count(*) > 1



  
  
      
    ) dbt_internal_test
[0m16:21:16.100744 [debug] [Thread-3 (]: Opening a new connection, currently in state init
[0m16:21:16.101449 [debug] [Thread-2 (]: Using postgres connection "test.mon_projet_dbt.not_null_dim_commune_libelle_commune.3720bf9ba0"
[0m16:21:16.101867 [debug] [Thread-2 (]: On test.mon_projet_dbt.not_null_dim_commune_libelle_commune.3720bf9ba0: /* {"app": "dbt", "dbt_version": "1.12.0", "profile_name": "observatoire_sirene", "target_name": "dev", "node_id": "test.mon_projet_dbt.not_null_dim_commune_libelle_commune.3720bf9ba0"} */

    
    select
      count(*) as failures,
      count(*) != 0 as should_warn,
      count(*) != 0 as should_error
    from (
      
    
  
    
    



select libelle_commune
from "observatoire_sirene"."observatoire_observatoire"."dim_commune"
where libelle_commune is null



  
  
      
    ) dbt_internal_test
[0m16:21:16.102211 [debug] [Thread-2 (]: Opening a new connection, currently in state init
[0m16:21:16.103029 [debug] [Thread-1 (]: Using postgres connection "test.mon_projet_dbt.not_null_dim_commune_code_commune.7184fefab3"
[0m16:21:16.103451 [debug] [Thread-1 (]: On test.mon_projet_dbt.not_null_dim_commune_code_commune.7184fefab3: /* {"app": "dbt", "dbt_version": "1.12.0", "profile_name": "observatoire_sirene", "target_name": "dev", "node_id": "test.mon_projet_dbt.not_null_dim_commune_code_commune.7184fefab3"} */

    
    select
      count(*) as failures,
      count(*) != 0 as should_warn,
      count(*) != 0 as should_error
    from (
      
    
  
    
    



select code_commune
from "observatoire_sirene"."observatoire_observatoire"."dim_commune"
where code_commune is null



  
  
      
    ) dbt_internal_test
[0m16:21:16.103824 [debug] [Thread-1 (]: Opening a new connection, currently in state init
[0m16:21:16.147393 [debug] [Thread-3 (]: SQL status: SELECT 1 in 0.047 seconds
[0m16:21:16.151444 [debug] [Thread-3 (]: On test.mon_projet_dbt.unique_dim_commune_code_commune.e0bc4555d8: ROLLBACK
[0m16:21:16.152058 [debug] [Thread-3 (]: On test.mon_projet_dbt.unique_dim_commune_code_commune.e0bc4555d8: Close
[0m16:21:16.153501 [debug] [Thread-1 (]: SQL status: SELECT 1 in 0.050 seconds
[0m16:21:16.155007 [debug] [Thread-1 (]: On test.mon_projet_dbt.not_null_dim_commune_code_commune.7184fefab3: ROLLBACK
[0m16:21:16.153054 [info ] [Thread-3 (]: 3 of 3 PASS unique_dim_commune_code_commune .................................... [[32mPASS[0m in 0.11s]
[0m16:21:16.156548 [debug] [Thread-3 (]: Finished running node test.mon_projet_dbt.unique_dim_commune_code_commune.e0bc4555d8
[0m16:21:16.155971 [debug] [Thread-1 (]: On test.mon_projet_dbt.not_null_dim_commune_code_commune.7184fefab3: Close
[0m16:21:16.155634 [debug] [Thread-2 (]: SQL status: SELECT 1 in 0.053 seconds
[0m16:21:16.158052 [debug] [Thread-2 (]: On test.mon_projet_dbt.not_null_dim_commune_libelle_commune.3720bf9ba0: ROLLBACK
[0m16:21:16.159108 [debug] [Thread-2 (]: On test.mon_projet_dbt.not_null_dim_commune_libelle_commune.3720bf9ba0: Close
[0m16:21:16.158691 [info ] [Thread-1 (]: 1 of 3 PASS not_null_dim_commune_code_commune .................................. [[32mPASS[0m in 0.09s]
[0m16:21:16.159825 [debug] [Thread-1 (]: Finished running node test.mon_projet_dbt.not_null_dim_commune_code_commune.7184fefab3
[0m16:21:16.160439 [info ] [Thread-2 (]: 2 of 3 PASS not_null_dim_commune_libelle_commune ............................... [[32mPASS[0m in 0.10s]
[0m16:21:16.161145 [debug] [Thread-2 (]: Finished running node test.mon_projet_dbt.not_null_dim_commune_libelle_commune.3720bf9ba0
[0m16:21:16.162601 [debug] [MainThread]: On master: COMMIT
[0m16:21:16.162906 [debug] [MainThread]: Using postgres connection "master"
[0m16:21:16.163182 [debug] [MainThread]: On master: COMMIT
[0m16:21:16.163448 [debug] [MainThread]: Opening a new connection, currently in state closed
[0m16:21:16.202015 [debug] [MainThread]: SQL status: COMMIT in 0.039 seconds
[0m16:21:16.202409 [debug] [MainThread]: On master: Close
[0m16:21:16.202861 [debug] [MainThread]: Connection 'master' was properly closed.
[0m16:21:16.203138 [debug] [MainThread]: Connection 'list_observatoire_sirene_observatoire' was properly closed.
[0m16:21:16.203448 [debug] [MainThread]: Connection 'list_observatoire_sirene_observatoire_observatoire' was properly closed.
[0m16:21:16.203713 [debug] [MainThread]: Connection 'test.mon_projet_dbt.unique_dim_commune_code_commune.e0bc4555d8' was properly closed.
[0m16:21:16.203965 [debug] [MainThread]: Connection 'test.mon_projet_dbt.not_null_dim_commune_libelle_commune.3720bf9ba0' was properly closed.
[0m16:21:16.204217 [debug] [MainThread]: Connection 'test.mon_projet_dbt.not_null_dim_commune_code_commune.7184fefab3' was properly closed.
[0m16:21:16.204574 [info ] [MainThread]: 
[0m16:21:16.204987 [info ] [MainThread]: Finished running 3 data tests in 0 hours 0 minutes and 0.34 seconds (0.34s).
[0m16:21:16.206093 [debug] [MainThread]: Command end result
[0m16:21:16.237138 [debug] [MainThread]: Wrote artifact WritableManifest to C:\Users\Utilisateur\Documents\courses\observatoire_sirene\mon_projet_dbt\target\manifest.json
[0m16:21:16.240087 [debug] [MainThread]: Wrote artifact SemanticManifest to C:\Users\Utilisateur\Documents\courses\observatoire_sirene\mon_projet_dbt\target\semantic_manifest.json
[0m16:21:16.243006 [debug] [MainThread]: Wrote artifact OsiDocument to C:\Users\Utilisateur\Documents\courses\observatoire_sirene\mon_projet_dbt\target\osi_document.json
[0m16:21:16.250756 [debug] [MainThread]: Wrote artifact RunExecutionResult to C:\Users\Utilisateur\Documents\courses\observatoire_sirene\mon_projet_dbt\target\run_results.json
[0m16:21:16.251084 [info ] [MainThread]: 
[0m16:21:16.251577 [info ] [MainThread]: [32mCompleted successfully[0m
[0m16:21:16.251970 [info ] [MainThread]: 
[0m16:21:16.252394 [info ] [MainThread]: Done. PASS=3 WARN=0 ERROR=0 SKIP=0 NO-OP=0 REUSED=0 TOTAL=3
[0m16:21:16.253195 [debug] [MainThread]: Command `dbt test` succeeded at 16:21:16.253093 after 1.45 seconds
[0m16:21:16.253528 [debug] [MainThread]: Sending event: {'category': 'dbt', 'action': 'invocation', 'label': 'end', 'context': [<snowplow_tracker.self_describing_json.SelfDescribingJson object at 0x0000014711F6BC50>, <snowplow_tracker.self_describing_json.SelfDescribingJson object at 0x000001471289C520>, <snowplow_tracker.self_describing_json.SelfDescribingJson object at 0x000001471289D440>]}
[0m16:21:16.253878 [debug] [MainThread]: Flushing usage events
[0m16:21:17.072616 [debug] [MainThread]: An error was encountered while trying to flush usage events
[0m16:21:25.696668 [debug] [MainThread]: Sending event: {'category': 'dbt', 'action': 'invocation', 'label': 'start', 'context': [<snowplow_tracker.self_describing_json.SelfDescribingJson object at 0x000001CA9AE90980>, <snowplow_tracker.self_describing_json.SelfDescribingJson object at 0x000001CA9877CCD0>, <snowplow_tracker.self_describing_json.SelfDescribingJson object at 0x000001CA9D6F39D0>]}


============================== 16:21:25.699998 | acd7a3fb-d63f-47af-af86-49d52864e6d9 ==============================
[0m16:21:25.699998 [info ] [MainThread]: Running with dbt=1.12.0
[0m16:21:25.700709 [debug] [MainThread]: running dbt with arguments {'static_parser': 'True', 'no_print': 'None', 'maximum_seed_size_mib': '1', 'warn_error_options': 'WarnErrorOptionsV2(error=[], warn=[], silence=[])', 'target_path': 'None', 'version_check': 'True', 'printer_width': '80', 'write_json': 'True', 'introspect': 'True', 'log_cache_events': 'False', 'empty': 'None', 'cache_selected_only': 'False', 'log_format': 'default', 'debug': 'False', 'fail_fast': 'False', 'profiles_dir': 'C:\\Users\\Utilisateur\\Documents\\courses\\observatoire_sirene\\mon_projet_dbt', 'send_anonymous_usage_stats': 'True', 'quiet': 'False', 'warn_error': 'None', 'partial_parse': 'True', 'invocation_command': 'dbt test', 'hints_enabled': 'True', 'indirect_selection': 'eager', 'use_experimental_parser': 'False', 'use_colors': 'True', 'log_path': 'C:\\Users\\Utilisateur\\Documents\\courses\\observatoire_sirene\\mon_projet_dbt\\logs'}
[0m16:21:25.871580 [debug] [MainThread]: Sending event: {'category': 'dbt', 'action': 'project_id', 'label': 'acd7a3fb-d63f-47af-af86-49d52864e6d9', 'context': [<snowplow_tracker.self_describing_json.SelfDescribingJson object at 0x000001CA9D69DE00>]}
[0m16:21:25.934560 [debug] [MainThread]: Sending event: {'category': 'dbt', 'action': 'adapter_info', 'label': 'acd7a3fb-d63f-47af-af86-49d52864e6d9', 'context': [<snowplow_tracker.self_describing_json.SelfDescribingJson object at 0x000001CA98F0EF10>]}
[0m16:21:25.935502 [info ] [MainThread]: Registered adapter: postgres=1.11.0
[0m16:21:26.178256 [debug] [MainThread]: checksum: 60d4e7c5581444e26d365e42f856ff9ef6ae34e9f453452ecad212ad268af85c, vars: {}, profile: observatoire_sirene, target: dev, version: 1.12.0
[0m16:21:26.362381 [debug] [MainThread]: Partial parsing enabled: 0 files deleted, 0 files added, 0 files changed.
[0m16:21:26.362723 [debug] [MainThread]: Nothing changed, skipping partial parsing.
[0m16:21:26.362975 [debug] [MainThread]: Partial parsing enabled, no changes found, skipping parsing
[0m16:21:26.371505 [debug] [MainThread]: Sending event: {'category': 'dbt', 'action': 'load_project', 'label': 'acd7a3fb-d63f-47af-af86-49d52864e6d9', 'context': [<snowplow_tracker.self_describing_json.SelfDescribingJson object at 0x000001CA9DC53350>]}
[0m16:21:26.566654 [debug] [MainThread]: Wrote artifact WritableManifest to C:\Users\Utilisateur\Documents\courses\observatoire_sirene\mon_projet_dbt\target\manifest.json
[0m16:21:26.569757 [debug] [MainThread]: Wrote artifact SemanticManifest to C:\Users\Utilisateur\Documents\courses\observatoire_sirene\mon_projet_dbt\target\semantic_manifest.json
[0m16:21:26.586695 [debug] [MainThread]: Wrote artifact OsiDocument to C:\Users\Utilisateur\Documents\courses\observatoire_sirene\mon_projet_dbt\target\osi_document.json
[0m16:21:26.605471 [debug] [MainThread]: Sending event: {'category': 'dbt', 'action': 'resource_counts', 'label': 'acd7a3fb-d63f-47af-af86-49d52864e6d9', 'context': [<snowplow_tracker.self_describing_json.SelfDescribingJson object at 0x000001CA9DF9E6C0>]}
[0m16:21:26.605910 [info ] [MainThread]: Found 1 snapshot, 1 seed, 2 models, 3 data tests, 2 sources, 477 macros
[0m16:21:26.606461 [debug] [MainThread]: Sending event: {'category': 'dbt', 'action': 'runnable_timing', 'label': 'acd7a3fb-d63f-47af-af86-49d52864e6d9', 'context': [<snowplow_tracker.self_describing_json.SelfDescribingJson object at 0x000001CA9E0BCE50>]}
[0m16:21:26.608556 [info ] [MainThread]: 
[0m16:21:26.609021 [info ] [MainThread]: Concurrency: 4 threads (target='dev')
[0m16:21:26.609394 [info ] [MainThread]: 
[0m16:21:26.609999 [debug] [MainThread]: Acquiring new postgres connection 'master'
[0m16:21:26.613685 [debug] [ThreadPool]: Acquiring new postgres connection 'list_observatoire_sirene_observatoire'
[0m16:21:26.625085 [debug] [ThreadPool]: Acquiring new postgres connection 'list_observatoire_sirene_observatoire_observatoire'
[0m16:21:26.677927 [debug] [ThreadPool]: Using postgres connection "list_observatoire_sirene_observatoire"
[0m16:21:26.678319 [debug] [ThreadPool]: On list_observatoire_sirene_observatoire: /* {"app": "dbt", "dbt_version": "1.12.0", "profile_name": "observatoire_sirene", "target_name": "dev", "connection_name": "list_observatoire_sirene_observatoire"} */
select
      'observatoire_sirene' as database,
      tablename as name,
      schemaname as schema,
      'table' as type
    from pg_tables
    where schemaname ilike 'observatoire'
    union all
    select
      'observatoire_sirene' as database,
      viewname as name,
      schemaname as schema,
      'view' as type
    from pg_views
    where schemaname ilike 'observatoire'
    union all
    select
      'observatoire_sirene' as database,
      matviewname as name,
      schemaname as schema,
      'materialized_view' as type
    from pg_matviews
    where schemaname ilike 'observatoire'
    union all
    select distinct
     'observatoire_sirene' as database,
     proname as name,
     ns.nspname as schema,
     'function' as type
    from pg_proc
     join pg_namespace as ns on pronamespace = ns.oid
    where ns.nspname ilike 'observatoire'
  
[0m16:21:26.678631 [debug] [ThreadPool]: Opening a new connection, currently in state init
[0m16:21:26.679146 [debug] [ThreadPool]: Using postgres connection "list_observatoire_sirene_observatoire_observatoire"
[0m16:21:26.679481 [debug] [ThreadPool]: On list_observatoire_sirene_observatoire_observatoire: /* {"app": "dbt", "dbt_version": "1.12.0", "profile_name": "observatoire_sirene", "target_name": "dev", "connection_name": "list_observatoire_sirene_observatoire_observatoire"} */
select
      'observatoire_sirene' as database,
      tablename as name,
      schemaname as schema,
      'table' as type
    from pg_tables
    where schemaname ilike 'observatoire_observatoire'
    union all
    select
      'observatoire_sirene' as database,
      viewname as name,
      schemaname as schema,
      'view' as type
    from pg_views
    where schemaname ilike 'observatoire_observatoire'
    union all
    select
      'observatoire_sirene' as database,
      matviewname as name,
      schemaname as schema,
      'materialized_view' as type
    from pg_matviews
    where schemaname ilike 'observatoire_observatoire'
    union all
    select distinct
     'observatoire_sirene' as database,
     proname as name,
     ns.nspname as schema,
     'function' as type
    from pg_proc
     join pg_namespace as ns on pronamespace = ns.oid
    where ns.nspname ilike 'observatoire_observatoire'
  
[0m16:21:26.679880 [debug] [ThreadPool]: Opening a new connection, currently in state init
[0m16:21:26.734797 [debug] [ThreadPool]: SQL status: SELECT 2 in 0.055 seconds
[0m16:21:26.736058 [debug] [ThreadPool]: On list_observatoire_sirene_observatoire_observatoire: ROLLBACK
[0m16:21:26.736399 [debug] [ThreadPool]: SQL status: SELECT 5 in 0.058 seconds
[0m16:21:26.737701 [debug] [ThreadPool]: On list_observatoire_sirene_observatoire: ROLLBACK
[0m16:21:26.736699 [debug] [ThreadPool]: On list_observatoire_sirene_observatoire_observatoire: Close
[0m16:21:26.738295 [debug] [ThreadPool]: On list_observatoire_sirene_observatoire: Close
[0m16:21:26.743142 [debug] [MainThread]: Using postgres connection "master"
[0m16:21:26.743538 [debug] [MainThread]: On master: /* {"app": "dbt", "dbt_version": "1.12.0", "profile_name": "observatoire_sirene", "target_name": "dev", "connection_name": "master"} */
select distinct
        dependent_namespace.nspname as dependent_schema,
        dependent_class.relname as dependent_name,
        referenced_namespace.nspname as referenced_schema,
        referenced_class.relname as referenced_name

    -- Query for views: views are entries in pg_class with an entry in pg_rewrite, but we avoid
    -- a seq scan on pg_rewrite by leveraging the fact there is an "internal" row in pg_depend for
    -- the view...
    from pg_class as dependent_class
    join pg_namespace as dependent_namespace on dependent_namespace.oid = dependent_class.relnamespace
    join pg_depend as dependent_depend on dependent_depend.refobjid = dependent_class.oid
        and dependent_depend.classid = 'pg_rewrite'::regclass
        and dependent_depend.refclassid = 'pg_class'::regclass
        and dependent_depend.deptype = 'i'

    -- ... and via pg_depend (that has a row per column, hence the need for "distinct" above, and
    -- making sure to exclude the internal row to avoid a view appearing to depend on itself)...
    join pg_depend as joining_depend on joining_depend.objid = dependent_depend.objid
        and joining_depend.classid = 'pg_rewrite'::regclass
        and joining_depend.refclassid = 'pg_class'::regclass
        and joining_depend.refobjid != dependent_depend.refobjid

    -- ... we can find the tables they query from in pg_class, but excluding system tables. Note we
    -- don't need need to exclude _dependent_ system tables, because they only query from other
    -- system tables, and so are automatically excluded by excluding _referenced_ system tables
    join pg_class as referenced_class on referenced_class.oid = joining_depend.refobjid
    join pg_namespace as referenced_namespace on referenced_namespace.oid = referenced_class.relnamespace
        and referenced_namespace.nspname != 'information_schema'
        and referenced_namespace.nspname not like 'pg\_%'

    order by
        dependent_schema, dependent_name, referenced_schema, referenced_name;
[0m16:21:26.743886 [debug] [MainThread]: Opening a new connection, currently in state init
[0m16:21:26.784286 [debug] [MainThread]: SQL status: SELECT 1 in 0.040 seconds
[0m16:21:26.785374 [debug] [MainThread]: Sending event: {'category': 'dbt', 'action': 'runnable_timing', 'label': 'acd7a3fb-d63f-47af-af86-49d52864e6d9', 'context': [<snowplow_tracker.self_describing_json.SelfDescribingJson object at 0x000001CA9E2F9980>]}
[0m16:21:26.785776 [debug] [MainThread]: On master: ROLLBACK
[0m16:21:26.786202 [debug] [MainThread]: On master: COMMIT
[0m16:21:26.786484 [debug] [MainThread]: Using postgres connection "master"
[0m16:21:26.786748 [debug] [MainThread]: On master: COMMIT
[0m16:21:26.787194 [debug] [MainThread]: SQL status: COMMIT in 0.000 seconds
[0m16:21:26.787475 [debug] [MainThread]: On master: Close
[0m16:21:26.790706 [debug] [Thread-3 (]: Began running node test.mon_projet_dbt.unique_dim_commune_code_commune.e0bc4555d8
[0m16:21:26.791518 [debug] [Thread-1 (]: Began running node test.mon_projet_dbt.not_null_dim_commune_code_commune.7184fefab3
[0m16:21:26.791117 [info ] [Thread-3 (]: 3 of 3 START test unique_dim_commune_code_commune .............................. [RUN]
[0m16:21:26.792461 [debug] [Thread-3 (]: Acquiring new postgres connection 'test.mon_projet_dbt.unique_dim_commune_code_commune.e0bc4555d8'
[0m16:21:26.792801 [debug] [Thread-3 (]: Began compiling node test.mon_projet_dbt.unique_dim_commune_code_commune.e0bc4555d8
[0m16:21:26.797730 [debug] [Thread-2 (]: Began running node test.mon_projet_dbt.not_null_dim_commune_libelle_commune.3720bf9ba0
[0m16:21:26.808421 [debug] [Thread-3 (]: Writing injected SQL for node "test.mon_projet_dbt.unique_dim_commune_code_commune.e0bc4555d8"
[0m16:21:26.798085 [info ] [Thread-2 (]: 2 of 3 START test not_null_dim_commune_libelle_commune ......................... [RUN]
[0m16:21:26.809190 [debug] [Thread-2 (]: Acquiring new postgres connection 'test.mon_projet_dbt.not_null_dim_commune_libelle_commune.3720bf9ba0'
[0m16:21:26.809536 [debug] [Thread-2 (]: Began compiling node test.mon_projet_dbt.not_null_dim_commune_libelle_commune.3720bf9ba0
[0m16:21:26.819083 [debug] [Thread-2 (]: Writing injected SQL for node "test.mon_projet_dbt.not_null_dim_commune_libelle_commune.3720bf9ba0"
[0m16:21:26.791927 [info ] [Thread-1 (]: 1 of 3 START test not_null_dim_commune_code_commune ............................ [RUN]
[0m16:21:26.819991 [debug] [Thread-1 (]: Acquiring new postgres connection 'test.mon_projet_dbt.not_null_dim_commune_code_commune.7184fefab3'
[0m16:21:26.820350 [debug] [Thread-1 (]: Began compiling node test.mon_projet_dbt.not_null_dim_commune_code_commune.7184fefab3
[0m16:21:26.825778 [debug] [Thread-1 (]: Writing injected SQL for node "test.mon_projet_dbt.not_null_dim_commune_code_commune.7184fefab3"
[0m16:21:26.826385 [debug] [Thread-3 (]: Began executing node test.mon_projet_dbt.unique_dim_commune_code_commune.e0bc4555d8
[0m16:21:26.842839 [debug] [Thread-3 (]: Writing runtime sql for node "test.mon_projet_dbt.unique_dim_commune_code_commune.e0bc4555d8"
[0m16:21:26.843459 [debug] [Thread-2 (]: Began executing node test.mon_projet_dbt.not_null_dim_commune_libelle_commune.3720bf9ba0
[0m16:21:26.844934 [debug] [Thread-2 (]: Writing runtime sql for node "test.mon_projet_dbt.not_null_dim_commune_libelle_commune.3720bf9ba0"
[0m16:21:26.845576 [debug] [Thread-1 (]: Began executing node test.mon_projet_dbt.not_null_dim_commune_code_commune.7184fefab3
[0m16:21:26.847132 [debug] [Thread-1 (]: Writing runtime sql for node "test.mon_projet_dbt.not_null_dim_commune_code_commune.7184fefab3"
[0m16:21:26.847663 [debug] [Thread-3 (]: Using postgres connection "test.mon_projet_dbt.unique_dim_commune_code_commune.e0bc4555d8"
[0m16:21:26.848035 [debug] [Thread-3 (]: On test.mon_projet_dbt.unique_dim_commune_code_commune.e0bc4555d8: /* {"app": "dbt", "dbt_version": "1.12.0", "profile_name": "observatoire_sirene", "target_name": "dev", "node_id": "test.mon_projet_dbt.unique_dim_commune_code_commune.e0bc4555d8"} */

    
    select
      count(*) as failures,
      count(*) != 0 as should_warn,
      count(*) != 0 as should_error
    from (
      
    
  
    
    

select
    code_commune as unique_field,
    count(*) as n_records

from "observatoire_sirene"."observatoire_observatoire"."dim_commune"
where code_commune is not null
group by code_commune
having count(*) > 1



  
  
      
    ) dbt_internal_test
[0m16:21:26.848387 [debug] [Thread-3 (]: Opening a new connection, currently in state init
[0m16:21:26.849069 [debug] [Thread-2 (]: Using postgres connection "test.mon_projet_dbt.not_null_dim_commune_libelle_commune.3720bf9ba0"
[0m16:21:26.849488 [debug] [Thread-2 (]: On test.mon_projet_dbt.not_null_dim_commune_libelle_commune.3720bf9ba0: /* {"app": "dbt", "dbt_version": "1.12.0", "profile_name": "observatoire_sirene", "target_name": "dev", "node_id": "test.mon_projet_dbt.not_null_dim_commune_libelle_commune.3720bf9ba0"} */

    
    select
      count(*) as failures,
      count(*) != 0 as should_warn,
      count(*) != 0 as should_error
    from (
      
    
  
    
    



select libelle_commune
from "observatoire_sirene"."observatoire_observatoire"."dim_commune"
where libelle_commune is null



  
  
      
    ) dbt_internal_test
[0m16:21:26.849960 [debug] [Thread-2 (]: Opening a new connection, currently in state init
[0m16:21:26.850592 [debug] [Thread-1 (]: Using postgres connection "test.mon_projet_dbt.not_null_dim_commune_code_commune.7184fefab3"
[0m16:21:26.850992 [debug] [Thread-1 (]: On test.mon_projet_dbt.not_null_dim_commune_code_commune.7184fefab3: /* {"app": "dbt", "dbt_version": "1.12.0", "profile_name": "observatoire_sirene", "target_name": "dev", "node_id": "test.mon_projet_dbt.not_null_dim_commune_code_commune.7184fefab3"} */

    
    select
      count(*) as failures,
      count(*) != 0 as should_warn,
      count(*) != 0 as should_error
    from (
      
    
  
    
    



select code_commune
from "observatoire_sirene"."observatoire_observatoire"."dim_commune"
where code_commune is null



  
  
      
    ) dbt_internal_test
[0m16:21:26.851349 [debug] [Thread-1 (]: Opening a new connection, currently in state init
[0m16:21:26.897195 [debug] [Thread-3 (]: SQL status: SELECT 1 in 0.049 seconds
[0m16:21:26.899422 [debug] [Thread-2 (]: SQL status: SELECT 1 in 0.049 seconds
[0m16:21:26.903159 [debug] [Thread-2 (]: On test.mon_projet_dbt.not_null_dim_commune_libelle_commune.3720bf9ba0: ROLLBACK
[0m16:21:26.903706 [debug] [Thread-3 (]: On test.mon_projet_dbt.unique_dim_commune_code_commune.e0bc4555d8: ROLLBACK
[0m16:21:26.904103 [debug] [Thread-1 (]: SQL status: SELECT 1 in 0.053 seconds
[0m16:21:26.905204 [debug] [Thread-1 (]: On test.mon_projet_dbt.not_null_dim_commune_code_commune.7184fefab3: ROLLBACK
[0m16:21:26.905571 [debug] [Thread-2 (]: On test.mon_projet_dbt.not_null_dim_commune_libelle_commune.3720bf9ba0: Close
[0m16:21:26.905938 [debug] [Thread-3 (]: On test.mon_projet_dbt.unique_dim_commune_code_commune.e0bc4555d8: Close
[0m16:21:26.906352 [debug] [Thread-1 (]: On test.mon_projet_dbt.not_null_dim_commune_code_commune.7184fefab3: Close
[0m16:21:26.906983 [info ] [Thread-2 (]: 2 of 3 PASS not_null_dim_commune_libelle_commune ............................... [[32mPASS[0m in 0.10s]
[0m16:21:26.908901 [debug] [Thread-2 (]: Finished running node test.mon_projet_dbt.not_null_dim_commune_libelle_commune.3720bf9ba0
[0m16:21:26.907597 [info ] [Thread-3 (]: 3 of 3 PASS unique_dim_commune_code_commune .................................... [[32mPASS[0m in 0.12s]
[0m16:21:26.910724 [debug] [Thread-3 (]: Finished running node test.mon_projet_dbt.unique_dim_commune_code_commune.e0bc4555d8
[0m16:21:26.909643 [info ] [Thread-1 (]: 1 of 3 PASS not_null_dim_commune_code_commune .................................. [[32mPASS[0m in 0.09s]
[0m16:21:26.911420 [debug] [Thread-1 (]: Finished running node test.mon_projet_dbt.not_null_dim_commune_code_commune.7184fefab3
[0m16:21:26.912877 [debug] [MainThread]: On master: COMMIT
[0m16:21:26.913175 [debug] [MainThread]: Using postgres connection "master"
[0m16:21:26.913441 [debug] [MainThread]: On master: COMMIT
[0m16:21:26.913706 [debug] [MainThread]: Opening a new connection, currently in state closed
[0m16:21:26.951964 [debug] [MainThread]: SQL status: COMMIT in 0.038 seconds
[0m16:21:26.952348 [debug] [MainThread]: On master: Close
[0m16:21:26.952813 [debug] [MainThread]: Connection 'master' was properly closed.
[0m16:21:26.953086 [debug] [MainThread]: Connection 'list_observatoire_sirene_observatoire' was properly closed.
[0m16:21:26.953395 [debug] [MainThread]: Connection 'list_observatoire_sirene_observatoire_observatoire' was properly closed.
[0m16:21:26.953657 [debug] [MainThread]: Connection 'test.mon_projet_dbt.unique_dim_commune_code_commune.e0bc4555d8' was properly closed.
[0m16:21:26.953912 [debug] [MainThread]: Connection 'test.mon_projet_dbt.not_null_dim_commune_libelle_commune.3720bf9ba0' was properly closed.
[0m16:21:26.954167 [debug] [MainThread]: Connection 'test.mon_projet_dbt.not_null_dim_commune_code_commune.7184fefab3' was properly closed.
[0m16:21:26.954509 [info ] [MainThread]: 
[0m16:21:26.955055 [info ] [MainThread]: Finished running 3 data tests in 0 hours 0 minutes and 0.34 seconds (0.34s).
[0m16:21:26.956146 [debug] [MainThread]: Command end result
[0m16:21:26.987420 [debug] [MainThread]: Wrote artifact WritableManifest to C:\Users\Utilisateur\Documents\courses\observatoire_sirene\mon_projet_dbt\target\manifest.json
[0m16:21:26.990498 [debug] [MainThread]: Wrote artifact SemanticManifest to C:\Users\Utilisateur\Documents\courses\observatoire_sirene\mon_projet_dbt\target\semantic_manifest.json
[0m16:21:26.993342 [debug] [MainThread]: Wrote artifact OsiDocument to C:\Users\Utilisateur\Documents\courses\observatoire_sirene\mon_projet_dbt\target\osi_document.json
[0m16:21:27.001109 [debug] [MainThread]: Wrote artifact RunExecutionResult to C:\Users\Utilisateur\Documents\courses\observatoire_sirene\mon_projet_dbt\target\run_results.json
[0m16:21:27.001442 [info ] [MainThread]: 
[0m16:21:27.001899 [info ] [MainThread]: [32mCompleted successfully[0m
[0m16:21:27.002270 [info ] [MainThread]: 
[0m16:21:27.002651 [info ] [MainThread]: Done. PASS=3 WARN=0 ERROR=0 SKIP=0 NO-OP=0 REUSED=0 TOTAL=3
[0m16:21:27.003477 [debug] [MainThread]: Command `dbt test` succeeded at 16:21:27.003363 after 1.44 seconds
[0m16:21:27.003834 [debug] [MainThread]: Sending event: {'category': 'dbt', 'action': 'invocation', 'label': 'end', 'context': [<snowplow_tracker.self_describing_json.SelfDescribingJson object at 0x000001CA9E8947D0>, <snowplow_tracker.self_describing_json.SelfDescribingJson object at 0x000001CA9E8814F0>, <snowplow_tracker.self_describing_json.SelfDescribingJson object at 0x000001CA9E8810D0>]}
[0m16:21:27.004187 [debug] [MainThread]: Flushing usage events
[0m16:21:27.780902 [debug] [MainThread]: An error was encountered while trying to flush usage events
